{
    "datetime": "2025y_08m_01d_21h_23m_27s",
    "system": "VanDerPol",
    "dimension": 2,
    "n_traj": 1000,
    "n_epochs_init": 3000,
    "n_epochs_tran": 150,
    "training_timesteps": 12,
    "timesteps": 12,
    "device": "cuda",
    "init_degrees": [
        20,
        20
    ],
    "init_deg_incr": [
        40,
        40
    ],
    "tran_degrees": [
        20,
        20
    ],
    "tran_deg_incr": null,
    "tran_cond_degrees": [
        20,
        20
    ],
    "tran_cond_deg_incr": null,
    "init_model_params": 440,
    "tran_model_params": 194040,
    "init_train_time": 1567.3644120693207,
    "tran_train_time": 1067.4063754081726,
    "prop_times": [
        50.97539162635803,
        50.88686680793762,
        50.902621030807495,
        51.27945590019226,
        50.93314552307129,
        51.253998041152954,
        50.932537317276,
        50.9288649559021,
        50.9208242893219,
        51.093262672424316,
        50.822407960891724
    ],
    "mc_auc": [
        1.0148832493577888,
        0.9936471854289987,
        0.9984890753032,
        0.995264765024019,
        1.0073681077961445,
        1.0106076753054833,
        0.9971852021644402,
        1.0122279283458757,
        1.0003388938779418,
        1.0052458609674975,
        1.0040235209249075
    ],
    "average_log_likelihood": [
        -2.1456592373006402,
        -2.5730599191539603,
        -2.8600793160451685,
        -3.077505893075975,
        -3.2465622940824224,
        -3.371217665267438,
        -3.462505232011247,
        -3.5568122759641803,
        -3.661292025122454,
        -3.791060095992862,
        -3.982875509623152
    ],
    "prob_in_roi": [
        0.4807407800692586,
        0.3601681444360573,
        0.30412983682415706,
        0.274665279687027,
        0.25854438777788763,
        0.24972422217182527,
        0.24498883945229885,
        0.2425184248959554,
        0.24127980191467094,
        0.24069795429044044,
        0.24046069468073017
    ],
    "mc_gt_prob_in_roi": [
        0.791,
        0.6275,
        0.4901,
        0.3834,
        0.3057,
        0.2468,
        0.1949,
        0.1643,
        0.138,
        0.1189,
        0.1014
    ]
}