nohup: ignoring input
Benchmarking 12D AG system
Benchmarking methods:  ['sos']

============================================================
Running SOS method
============================================================
Using device: cpu

============================================================
Trial 1/10
============================================================

Training transition model...
/home/peter/code/BernsteinFlow/.venv/lib/python3.11/site-packages/torch/utils/data/dataloader.py:665: UserWarning: 'pin_memory' argument is set as true but no accelerator is found, then device pinned memory won't be used.
  warnings.warn(warn_msg)
Epoch 1: Avg: 214.4066, NLL: 20.7227, LDB: 0.4958, Reg: 193.1881, PSD: True, nPSD streak: 0/10, time: 14.642
Epoch 10: Avg: 5.6635, NLL: -5.9381, LDB: 0.0010, Reg: 11.6005, PSD: True, nPSD streak: 0/10, time: 19.071
Epoch 20: Avg: -7.6945, NLL: -12.4687, LDB: 0.0000, Reg: 4.7741, PSD: True, nPSD streak: 0/10, time: 19.251
Epoch 30: Avg: -9.9596, NLL: -12.7805, LDB: 0.0000, Reg: 2.8209, PSD: True, nPSD streak: 0/10, time: 16.954
Epoch 40: Avg: -10.9252, NLL: -12.9644, LDB: 0.0000, Reg: 2.0392, PSD: True, nPSD streak: 0/10, time: 15.791
Epoch 50: Avg: -11.5420, NLL: -13.2294, LDB: 0.0000, Reg: 1.6874, PSD: True, nPSD streak: 0/10, time: 20.259
Epoch 60: Avg: -11.8082, NLL: -13.2661, LDB: 0.0000, Reg: 1.4579, PSD: True, nPSD streak: 0/10, time: 19.683
Epoch 70: Avg: -12.0035, NLL: -13.3174, LDB: 0.0000, Reg: 1.3139, PSD: True, nPSD streak: 0/10, time: 19.716
Epoch 80: Avg: -12.1543, NLL: -13.3759, LDB: 0.0000, Reg: 1.2216, PSD: True, nPSD streak: 0/10, time: 20.616
Epoch 90: Avg: -12.2866, NLL: -13.4379, LDB: 0.0000, Reg: 1.1514, PSD: True, nPSD streak: 0/10, time: 18.412
Epoch 100: Avg: -12.4842, NLL: -13.5780, LDB: 0.0000, Reg: 1.0937, PSD: True, nPSD streak: 0/10, time: 19.974
Epoch 110: Avg: -12.5478, NLL: -13.5958, LDB: 0.0000, Reg: 1.0480, PSD: True, nPSD streak: 0/10, time: 19.251
Epoch 120: Avg: -12.5769, NLL: -13.6099, LDB: 0.0000, Reg: 1.0330, PSD: True, nPSD streak: 0/10, time: 20.881
Epoch 130: Avg: -12.5963, NLL: -13.6084, LDB: 0.0000, Reg: 1.0121, PSD: True, nPSD streak: 0/10, time: 20.663
Epoch 140: Avg: -12.6114, NLL: -13.6128, LDB: 0.0000, Reg: 1.0014, PSD: True, nPSD streak: 0/10, time: 20.447
Epoch 150: Avg: -11.8982, NLL: -13.2912, LDB: 0.3096, Reg: 1.0833, PSD: True, nPSD streak: 0/10, time: 20.077

 Restored best model (NLL loss=-13.6178)
Epoch 1: Avg: -12.6119, NLL: -13.6275, LDB: 0.0000, Reg: 1.0156, PSD: True, nPSD streak: 0/10, time: 8.564
Epoch 10: Avg: -12.6243, NLL: -13.6311, LDB: 0.0000, Reg: 1.0068, PSD: True, nPSD streak: 0/10, time: 7.802
Epoch 20: Avg: -9.8512, NLL: -13.3883, LDB: 2.5195, Reg: 1.0176, PSD: True, nPSD streak: 0/10, time: 8.634
Epoch 30: Avg: -12.6127, NLL: -13.6281, LDB: 0.0000, Reg: 1.0153, PSD: True, nPSD streak: 0/10, time: 7.821
Epoch 40: Avg: -12.6215, NLL: -13.6348, LDB: 0.0000, Reg: 1.0133, PSD: True, nPSD streak: 0/10, time: 8.562
Epoch 50: Avg: -12.6229, NLL: -13.6351, LDB: 0.0000, Reg: 1.0121, PSD: True, nPSD streak: 0/10, time: 8.697
Epoch 60: Avg: -12.6258, NLL: -13.6369, LDB: 0.0000, Reg: 1.0111, PSD: True, nPSD streak: 0/10, time: 8.952
Epoch 70: Avg: -12.6264, NLL: -13.6365, LDB: 0.0000, Reg: 1.0102, PSD: True, nPSD streak: 0/10, time: 7.751
Epoch 80: Avg: -12.6271, NLL: -13.6363, LDB: 0.0000, Reg: 1.0092, PSD: True, nPSD streak: 0/10, time: 8.664
Epoch 90: Avg: -12.6245, NLL: -13.6327, LDB: 0.0000, Reg: 1.0082, PSD: True, nPSD streak: 0/10, time: 8.334
Epoch 100: Avg: -12.6279, NLL: -13.6350, LDB: 0.0000, Reg: 1.0072, PSD: True, nPSD streak: 0/10, time: 8.086
Epoch 110: Avg: -12.6269, NLL: -13.6331, LDB: 0.0000, Reg: 1.0062, PSD: True, nPSD streak: 0/10, time: 8.427
Epoch 120: Avg: -12.6298, NLL: -13.6349, LDB: 0.0000, Reg: 1.0051, PSD: True, nPSD streak: 0/10, time: 8.237
Epoch 130: Avg: -12.6305, NLL: -13.6347, LDB: 0.0000, Reg: 1.0041, PSD: True, nPSD streak: 0/10, time: 8.327
Epoch 140: Avg: -12.6286, NLL: -13.6318, LDB: 0.0000, Reg: 1.0033, PSD: True, nPSD streak: 0/10, time: 9.767
Epoch 150: Avg: -12.6309, NLL: -13.6333, LDB: 0.0000, Reg: 1.0024, PSD: True, nPSD streak: 0/10, time: 9.787
Epoch 160: Avg: -4.9666, NLL: -13.2859, LDB: 7.3173, Reg: 1.0019, PSD: True, nPSD streak: 0/10, time: 8.165
Epoch 170: Avg: -10.4690, NLL: -13.4630, LDB: 1.9727, Reg: 1.0214, PSD: True, nPSD streak: 0/10, time: 8.914
Epoch 180: Avg: -12.5855, NLL: -13.6113, LDB: 0.0000, Reg: 1.0259, PSD: True, nPSD streak: 0/10, time: 8.865
Epoch 190: Avg: -12.5773, NLL: -13.6077, LDB: 0.0000, Reg: 1.0304, PSD: True, nPSD streak: 0/10, time: 8.256
Epoch 200: Avg: -12.6037, NLL: -13.6315, LDB: 0.0000, Reg: 1.0278, PSD: True, nPSD streak: 0/10, time: 9.012
Epoch 210: Avg: -12.6090, NLL: -13.6347, LDB: 0.0000, Reg: 1.0257, PSD: True, nPSD streak: 0/10, time: 8.742
Epoch 220: Avg: -12.6159, NLL: -13.6397, LDB: 0.0000, Reg: 1.0238, PSD: True, nPSD streak: 0/10, time: 7.966
Epoch 230: Avg: -12.6168, NLL: -13.6388, LDB: 0.0000, Reg: 1.0220, PSD: True, nPSD streak: 0/10, time: 9.436
Epoch 240: Avg: -12.6168, NLL: -13.6370, LDB: 0.0000, Reg: 1.0202, PSD: True, nPSD streak: 0/10, time: 8.800
Epoch 250: Avg: -12.6193, NLL: -13.6378, LDB: 0.0000, Reg: 1.0185, PSD: True, nPSD streak: 0/10, time: 8.012
Epoch 260: Avg: -12.6251, NLL: -13.6420, LDB: 0.0000, Reg: 1.0169, PSD: True, nPSD streak: 0/10, time: 8.178
Epoch 270: Avg: -12.6220, NLL: -13.6373, LDB: 0.0000, Reg: 1.0153, PSD: True, nPSD streak: 0/10, time: 9.741
Epoch 280: Avg: -12.6233, NLL: -13.6371, LDB: 0.0000, Reg: 1.0138, PSD: True, nPSD streak: 0/10, time: 8.133
Epoch 290: Avg: -12.6264, NLL: -13.6388, LDB: 0.0000, Reg: 1.0124, PSD: True, nPSD streak: 0/10, time: 8.168
Epoch 300: Avg: -12.6235, NLL: -13.6346, LDB: 0.0000, Reg: 1.0112, PSD: True, nPSD streak: 0/10, time: 8.405

 Restored best model (NLL loss=-13.6434)
Done training transition model

Transition model is PSD: True
Training init state model...
Epoch 1: Avg: 0.2399, NLL: -0.3619, LDB: 0.0000, Reg: 0.6018, PSD: True, nPSD streak: 0/10, time: 1.087
Epoch 10: Avg: -5.3286, NLL: -5.9371, LDB: 0.0000, Reg: 0.6085, PSD: True, nPSD streak: 0/10, time: 0.972
Epoch 20: Avg: -7.2682, NLL: -7.8950, LDB: 0.0000, Reg: 0.6268, PSD: True, nPSD streak: 0/10, time: 0.964
(belief) log_density is nan or inf.
f vals:  tensor(-0.0183, dtype=torch.float64, grad_fn=<MinBackward1>) tensor(-2.6887e-06, dtype=torch.float64, grad_fn=<MaxBackward1>)
g_y vals:  tensor(675.6971, dtype=torch.float64) tensor(4729487.3586, dtype=torch.float64)
psi_y_vals vals:  tensor(1.8469, dtype=torch.float64, grad_fn=<MinBackward1>) tensor(1020.7578, dtype=torch.float64, grad_fn=<MaxBackward1>)
phi_y_vals vals:  tensor(4.2360e-20, dtype=torch.float64) tensor(1121.8102, dtype=torch.float64)
Q vals:  tensor(-1.8315e-08, dtype=torch.float64, grad_fn=<MinBackward1>) tensor(9.1259e-09, dtype=torch.float64, grad_fn=<MaxBackward1>)
Epoch 30: Avg: -8.5261, NLL: -9.1732, LDB: 0.0000, Reg: 0.6471, PSD: True, nPSD streak: 0/10, time: 0.769
Epoch 40: Avg: -9.2902, NLL: -9.9647, LDB: 0.0000, Reg: 0.6745, PSD: True, nPSD streak: 0/10, time: 0.767
Epoch 50: Avg: -9.8116, NLL: -10.5294, LDB: 0.0000, Reg: 0.7178, PSD: True, nPSD streak: 0/10, time: 0.766
Epoch 60: Avg: -10.1131, NLL: -10.8916, LDB: 0.0000, Reg: 0.7785, PSD: True, nPSD streak: 0/10, time: 0.765
Epoch 70: Avg: -10.2621, NLL: -11.1089, LDB: 0.0000, Reg: 0.8467, PSD: True, nPSD streak: 0/10, time: 0.776
Epoch 80: Avg: -10.3207, NLL: -11.2254, LDB: 0.0000, Reg: 0.9047, PSD: True, nPSD streak: 0/10, time: 0.773
Epoch 90: Avg: -10.3640, NLL: -11.3058, LDB: 0.0000, Reg: 0.9419, PSD: True, nPSD streak: 0/10, time: 0.769
Epoch 100: Avg: -10.3734, NLL: -11.3331, LDB: 0.0000, Reg: 0.9597, PSD: True, nPSD streak: 0/10, time: 0.996
Epoch 110: Avg: -10.4676, NLL: -11.4339, LDB: 0.0000, Reg: 0.9663, PSD: True, nPSD streak: 0/10, time: 0.986
Epoch 120: Avg: -10.4798, NLL: -11.4447, LDB: 0.0000, Reg: 0.9648, PSD: True, nPSD streak: 0/10, time: 0.763
Epoch 130: Avg: -10.4984, NLL: -11.4620, LDB: 0.0000, Reg: 0.9636, PSD: True, nPSD streak: 0/10, time: 0.745
Epoch 140: Avg: -10.5226, NLL: -11.4884, LDB: 0.0000, Reg: 0.9658, PSD: True, nPSD streak: 0/10, time: 0.748
Epoch 150: Avg: -10.5730, NLL: -11.5497, LDB: 0.0000, Reg: 0.9768, PSD: True, nPSD streak: 0/10, time: 0.764
Epoch 160: Avg: -10.6306, NLL: -11.6249, LDB: 0.0000, Reg: 0.9943, PSD: True, nPSD streak: 0/10, time: 0.748
Epoch 170: Avg: -10.6688, NLL: -11.6609, LDB: 0.0000, Reg: 0.9921, PSD: True, nPSD streak: 0/10, time: 0.758
(belief) log_density is nan or inf.
f vals:  tensor(-3.9079, dtype=torch.float64, grad_fn=<MinBackward1>) tensor(-4.3376e-06, dtype=torch.float64, grad_fn=<MaxBackward1>)
g_y vals:  tensor(1850.7348, dtype=torch.float64) tensor(4729487.3586, dtype=torch.float64)
psi_y_vals vals:  tensor(1.1942, dtype=torch.float64, grad_fn=<MinBackward1>) tensor(23333.6945, dtype=torch.float64, grad_fn=<MaxBackward1>)
phi_y_vals vals:  tensor(5.7273e-21, dtype=torch.float64) tensor(1121.8102, dtype=torch.float64)
Q vals:  tensor(-2.9075e-08, dtype=torch.float64, grad_fn=<MinBackward1>) tensor(2.6482e-08, dtype=torch.float64, grad_fn=<MaxBackward1>)
Epoch 180: Avg: nan, NLL: nan, LDB: 0.0000, Reg: 0.9863, PSD: True, nPSD streak: 0/10, time: 0.753
(belief) log_density is nan or inf.
f vals:  tensor(-39.6865, dtype=torch.float64, grad_fn=<MinBackward1>) tensor(-0.0004, dtype=torch.float64, grad_fn=<MaxBackward1>)
g_y vals:  tensor(548.3717, dtype=torch.float64) tensor(6904898.1041, dtype=torch.float64)
psi_y_vals vals:  tensor(0.9566, dtype=torch.float64, grad_fn=<MinBackward1>) tensor(34306.6648, dtype=torch.float64, grad_fn=<MaxBackward1>)
phi_y_vals vals:  tensor(4.1859e-19, dtype=torch.float64) tensor(1352.2887, dtype=torch.float64)
Q vals:  tensor(-5.0402e-08, dtype=torch.float64, grad_fn=<MinBackward1>) tensor(3.9375e-08, dtype=torch.float64, grad_fn=<MaxBackward1>)
Epoch 190: Avg: -10.4333, NLL: -11.4276, LDB: 0.0000, Reg: 0.9943, PSD: True, nPSD streak: 0/10, time: 0.751
Epoch 200: Avg: -10.6179, NLL: -11.6157, LDB: 0.0000, Reg: 0.9977, PSD: True, nPSD streak: 0/10, time: 0.765

 Restored best model (NLL loss=-11.6934)
(belief) log_density is nan or inf.
f vals:  tensor(-0.0656, dtype=torch.float64, grad_fn=<MinBackward1>) tensor(-2.9985e-07, dtype=torch.float64, grad_fn=<MaxBackward1>)
g_y vals:  tensor(312.3521, dtype=torch.float64) tensor(6904898.1041, dtype=torch.float64)
psi_y_vals vals:  tensor(1.1405, dtype=torch.float64, grad_fn=<MinBackward1>) tensor(28245.6235, dtype=torch.float64, grad_fn=<MaxBackward1>)
phi_y_vals vals:  tensor(5.7273e-21, dtype=torch.float64) tensor(1352.2887, dtype=torch.float64)
Q vals:  tensor(-2.8669e-10, dtype=torch.float64, grad_fn=<MinBackward1>) tensor(2.5633e-10, dtype=torch.float64, grad_fn=<MaxBackward1>)
Epoch 1: Avg: nan, NLL: nan, LDB: 0.0000, Reg: 0.9870, PSD: True, nPSD streak: 0/10, time: 0.422
(belief) log_density is nan or inf.
f vals:  tensor(-158.9899, dtype=torch.float64, grad_fn=<MinBackward1>) tensor(-0.0007, dtype=torch.float64, grad_fn=<MaxBackward1>)
g_y vals:  tensor(312.3521, dtype=torch.float64) tensor(6382768.6197, dtype=torch.float64)
psi_y_vals vals:  tensor(1.0642, dtype=torch.float64, grad_fn=<MinBackward1>) tensor(28246.9700, dtype=torch.float64, grad_fn=<MaxBackward1>)
phi_y_vals vals:  tensor(4.2360e-20, dtype=torch.float64) tensor(1304.0498, dtype=torch.float64)
Q vals:  tensor(-6.9628e-07, dtype=torch.float64, grad_fn=<MinBackward1>) tensor(6.2268e-07, dtype=torch.float64, grad_fn=<MaxBackward1>)
Epoch 10: Avg: -10.7912, NLL: -11.7779, LDB: 0.0000, Reg: 0.9866, PSD: True, nPSD streak: 0/10, time: 0.418
Epoch 20: Avg: -11.1103, NLL: -12.0957, LDB: 0.0000, Reg: 0.9855, PSD: True, nPSD streak: 0/10, time: 0.418
(belief) log_density is nan or inf.
f vals:  tensor(-35.4287, dtype=torch.float64, grad_fn=<MinBackward1>) tensor(-0.0002, dtype=torch.float64, grad_fn=<MaxBackward1>)
g_y vals:  tensor(548.3717, dtype=torch.float64) tensor(6382768.6197, dtype=torch.float64)
psi_y_vals vals:  tensor(1.2148, dtype=torch.float64, grad_fn=<MinBackward1>) tensor(24979.5101, dtype=torch.float64, grad_fn=<MaxBackward1>)
phi_y_vals vals:  tensor(5.7273e-21, dtype=torch.float64) tensor(1304.0498, dtype=torch.float64)
Q vals:  tensor(-1.5253e-07, dtype=torch.float64, grad_fn=<MinBackward1>) tensor(1.3619e-07, dtype=torch.float64, grad_fn=<MaxBackward1>)
(belief) log_density is nan or inf.
f vals:  tensor(-421.7008, dtype=torch.float64, grad_fn=<MinBackward1>) tensor(-0.0027, dtype=torch.float64, grad_fn=<MaxBackward1>)
g_y vals:  tensor(675.6971, dtype=torch.float64) tensor(6904898.1041, dtype=torch.float64)
psi_y_vals vals:  tensor(1.1185, dtype=torch.float64, grad_fn=<MinBackward1>) tensor(24965.6319, dtype=torch.float64, grad_fn=<MaxBackward1>)
phi_y_vals vals:  tensor(5.7273e-21, dtype=torch.float64) tensor(1352.2887, dtype=torch.float64)
Q vals:  tensor(-1.8189e-06, dtype=torch.float64, grad_fn=<MinBackward1>) tensor(1.6243e-06, dtype=torch.float64, grad_fn=<MaxBackward1>)
(belief) log_density is nan or inf.
f vals:  tensor(-22.0664, dtype=torch.float64, grad_fn=<MinBackward1>) tensor(-0.0002, dtype=torch.float64, grad_fn=<MaxBackward1>)
g_y vals:  tensor(548.3717, dtype=torch.float64) tensor(6382768.6197, dtype=torch.float64)
psi_y_vals vals:  tensor(1.1059, dtype=torch.float64, grad_fn=<MinBackward1>) tensor(24986.9564, dtype=torch.float64, grad_fn=<MaxBackward1>)
phi_y_vals vals:  tensor(1.0367e-17, dtype=torch.float64) tensor(1304.0498, dtype=torch.float64)
Q vals:  tensor(-1.1030e-07, dtype=torch.float64, grad_fn=<MinBackward1>) tensor(9.8176e-08, dtype=torch.float64, grad_fn=<MaxBackward1>)
(belief) log_density is nan or inf.
f vals:  tensor(-113.5052, dtype=torch.float64, grad_fn=<MinBackward1>) tensor(-0.0005, dtype=torch.float64, grad_fn=<MaxBackward1>)
g_y vals:  tensor(548.3717, dtype=torch.float64) tensor(6904898.1041, dtype=torch.float64)
psi_y_vals vals:  tensor(1.1038, dtype=torch.float64, grad_fn=<MinBackward1>) tensor(25470.9168, dtype=torch.float64, grad_fn=<MaxBackward1>)
phi_y_vals vals:  tensor(5.7273e-21, dtype=torch.float64) tensor(1352.2887, dtype=torch.float64)
Q vals:  tensor(-4.5688e-07, dtype=torch.float64, grad_fn=<MinBackward1>) tensor(4.0658e-07, dtype=torch.float64, grad_fn=<MaxBackward1>)
(belief) log_density is nan or inf.
f vals:  tensor(-6.1921, dtype=torch.float64, grad_fn=<MinBackward1>) tensor(-2.5438e-05, dtype=torch.float64, grad_fn=<MaxBackward1>)
g_y vals:  tensor(675.6971, dtype=torch.float64) tensor(7147377.5545, dtype=torch.float64)
psi_y_vals vals:  tensor(1.0244, dtype=torch.float64, grad_fn=<MinBackward1>) tensor(28996.4401, dtype=torch.float64, grad_fn=<MaxBackward1>)
phi_y_vals vals:  tensor(5.7273e-21, dtype=torch.float64) tensor(1379.0144, dtype=torch.float64)
Q vals:  tensor(-2.3730e-08, dtype=torch.float64, grad_fn=<MinBackward1>) tensor(2.1114e-08, dtype=torch.float64, grad_fn=<MaxBackward1>)
(belief) log_density is nan or inf.
f vals:  tensor(-17.6623, dtype=torch.float64, grad_fn=<MinBackward1>) tensor(-0.0002, dtype=torch.float64, grad_fn=<MaxBackward1>)
g_y vals:  tensor(312.3521, dtype=torch.float64) tensor(6382768.6197, dtype=torch.float64)
psi_y_vals vals:  tensor(1.1798, dtype=torch.float64, grad_fn=<MinBackward1>) tensor(25520.9473, dtype=torch.float64, grad_fn=<MaxBackward1>)
phi_y_vals vals:  tensor(4.1859e-19, dtype=torch.float64) tensor(1304.0498, dtype=torch.float64)
Q vals:  tensor(-8.7159e-08, dtype=torch.float64, grad_fn=<MinBackward1>) tensor(7.7537e-08, dtype=torch.float64, grad_fn=<MaxBackward1>)
Epoch 30: Avg: -11.5565, NLL: -12.5417, LDB: 0.0000, Reg: 0.9852, PSD: True, nPSD streak: 0/10, time: 0.572
Epoch 40: Avg: -10.9849, NLL: -11.9696, LDB: 0.0000, Reg: 0.9847, PSD: True, nPSD streak: 0/10, time: 0.427
(belief) log_density is nan or inf.
f vals:  tensor(-162.4587, dtype=torch.float64, grad_fn=<MinBackward1>) tensor(-0.0005, dtype=torch.float64, grad_fn=<MaxBackward1>)
g_y vals:  tensor(312.3521, dtype=torch.float64) tensor(7147377.5545, dtype=torch.float64)
psi_y_vals vals:  tensor(1.0443, dtype=torch.float64, grad_fn=<MinBackward1>) tensor(28873.2348, dtype=torch.float64, grad_fn=<MaxBackward1>)
phi_y_vals vals:  tensor(4.2360e-20, dtype=torch.float64) tensor(1379.0144, dtype=torch.float64)
Q vals:  tensor(-6.4625e-07, dtype=torch.float64, grad_fn=<MinBackward1>) tensor(5.7738e-07, dtype=torch.float64, grad_fn=<MaxBackward1>)
Epoch 50: Avg: nan, NLL: nan, LDB: 0.0000, Reg: 0.9846, PSD: True, nPSD streak: 0/10, time: 0.431
(belief) log_density is nan or inf.
f vals:  tensor(-242.3921, dtype=torch.float64, grad_fn=<MinBackward1>) tensor(-0.0001, dtype=torch.float64, grad_fn=<MaxBackward1>)
g_y vals:  tensor(548.3717, dtype=torch.float64) tensor(7147377.5545, dtype=torch.float64)
psi_y_vals vals:  tensor(1.0317, dtype=torch.float64, grad_fn=<MinBackward1>) tensor(28562.3722, dtype=torch.float64, grad_fn=<MaxBackward1>)
phi_y_vals vals:  tensor(4.2360e-20, dtype=torch.float64) tensor(1379.0144, dtype=torch.float64)
Q vals:  tensor(-1.0282e-06, dtype=torch.float64, grad_fn=<MinBackward1>) tensor(9.2180e-07, dtype=torch.float64, grad_fn=<MaxBackward1>)
(belief) log_density is nan or inf.
f vals:  tensor(-153.7350, dtype=torch.float64, grad_fn=<MinBackward1>) tensor(-0.0001, dtype=torch.float64, grad_fn=<MaxBackward1>)
g_y vals:  tensor(312.3521, dtype=torch.float64) tensor(6382768.6197, dtype=torch.float64)
psi_y_vals vals:  tensor(1.1026, dtype=torch.float64, grad_fn=<MinBackward1>) tensor(23899.5249, dtype=torch.float64, grad_fn=<MaxBackward1>)
phi_y_vals vals:  tensor(5.7273e-21, dtype=torch.float64) tensor(1304.0498, dtype=torch.float64)
Q vals:  tensor(-7.1251e-07, dtype=torch.float64, grad_fn=<MinBackward1>) tensor(6.3890e-07, dtype=torch.float64, grad_fn=<MaxBackward1>)
Epoch 60: Avg: nan, NLL: nan, LDB: 0.0000, Reg: 0.9848, PSD: True, nPSD streak: 0/10, time: 0.434
(belief) log_density is nan or inf.
f vals:  tensor(-522.1592, dtype=torch.float64, grad_fn=<MinBackward1>) tensor(-0.0023, dtype=torch.float64, grad_fn=<MaxBackward1>)
g_y vals:  tensor(548.3717, dtype=torch.float64) tensor(6162406.3649, dtype=torch.float64)
psi_y_vals vals:  tensor(1.0320, dtype=torch.float64, grad_fn=<MinBackward1>) tensor(28556.2126, dtype=torch.float64, grad_fn=<MaxBackward1>)
phi_y_vals vals:  tensor(1.0367e-17, dtype=torch.float64) tensor(1280.8606, dtype=torch.float64)
Q vals:  tensor(-2.2164e-06, dtype=torch.float64, grad_fn=<MinBackward1>) tensor(1.9871e-06, dtype=torch.float64, grad_fn=<MaxBackward1>)
Epoch 70: Avg: -10.9278, NLL: -11.9123, LDB: 0.0000, Reg: 0.9844, PSD: True, nPSD streak: 0/10, time: 0.427
Epoch 80: Avg: -10.9887, NLL: -11.9728, LDB: 0.0000, Reg: 0.9841, PSD: True, nPSD streak: 0/10, time: 0.429
(belief) log_density is nan or inf.
f vals:  tensor(-15.1257, dtype=torch.float64, grad_fn=<MinBackward1>) tensor(-7.8001e-05, dtype=torch.float64, grad_fn=<MaxBackward1>)
g_y vals:  tensor(312.3521, dtype=torch.float64) tensor(6904898.1041, dtype=torch.float64)
psi_y_vals vals:  tensor(1.1380, dtype=torch.float64, grad_fn=<MinBackward1>) tensor(24688.2689, dtype=torch.float64, grad_fn=<MaxBackward1>)
phi_y_vals vals:  tensor(4.2360e-20, dtype=torch.float64) tensor(1352.2887, dtype=torch.float64)
Q vals:  tensor(-9.4126e-08, dtype=torch.float64, grad_fn=<MinBackward1>) tensor(8.4309e-08, dtype=torch.float64, grad_fn=<MaxBackward1>)
(belief) log_density is nan or inf.
f vals:  tensor(-424.8241, dtype=torch.float64, grad_fn=<MinBackward1>) tensor(-0.0012, dtype=torch.float64, grad_fn=<MaxBackward1>)
g_y vals:  tensor(312.3521, dtype=torch.float64) tensor(7147377.5545, dtype=torch.float64)
psi_y_vals vals:  tensor(1.0287, dtype=torch.float64, grad_fn=<MinBackward1>) tensor(28589.5117, dtype=torch.float64, grad_fn=<MaxBackward1>)
phi_y_vals vals:  tensor(5.7273e-21, dtype=torch.float64) tensor(1379.0144, dtype=torch.float64)
Q vals:  tensor(-1.7905e-06, dtype=torch.float64, grad_fn=<MinBackward1>) tensor(1.6040e-06, dtype=torch.float64, grad_fn=<MaxBackward1>)
(belief) log_density is nan or inf.
f vals:  tensor(-529.0474, dtype=torch.float64, grad_fn=<MinBackward1>) tensor(-0.0202, dtype=torch.float64, grad_fn=<MaxBackward1>)
g_y vals:  tensor(767.5151, dtype=torch.float64) tensor(6382768.6197, dtype=torch.float64)
psi_y_vals vals:  tensor(1.1433, dtype=torch.float64, grad_fn=<MinBackward1>) tensor(24682.5364, dtype=torch.float64, grad_fn=<MaxBackward1>)
phi_y_vals vals:  tensor(4.1859e-19, dtype=torch.float64) tensor(1304.0498, dtype=torch.float64)
Q vals:  tensor(-2.3595e-06, dtype=torch.float64, grad_fn=<MinBackward1>) tensor(2.1125e-06, dtype=torch.float64, grad_fn=<MaxBackward1>)
Epoch 90: Avg: -10.6479, NLL: -11.6321, LDB: 0.0000, Reg: 0.9842, PSD: True, nPSD streak: 0/10, time: 0.427
Epoch 100: Avg: -10.7544, NLL: -11.7380, LDB: 0.0000, Reg: 0.9836, PSD: True, nPSD streak: 0/10, time: 0.426
(belief) log_density is nan or inf.
f vals:  tensor(-52.1441, dtype=torch.float64, grad_fn=<MinBackward1>) tensor(-0.0011, dtype=torch.float64, grad_fn=<MaxBackward1>)
g_y vals:  tensor(548.3717, dtype=torch.float64) tensor(7147377.5545, dtype=torch.float64)
psi_y_vals vals:  tensor(0.9736, dtype=torch.float64, grad_fn=<MinBackward1>) tensor(29331.1712, dtype=torch.float64, grad_fn=<MaxBackward1>)
phi_y_vals vals:  tensor(5.7273e-21, dtype=torch.float64) tensor(1379.0144, dtype=torch.float64)
Q vals:  tensor(-1.8698e-07, dtype=torch.float64, grad_fn=<MinBackward1>) tensor(1.6585e-07, dtype=torch.float64, grad_fn=<MaxBackward1>)
Epoch 110: Avg: -11.0584, NLL: -12.0409, LDB: 0.0000, Reg: 0.9826, PSD: True, nPSD streak: 0/10, time: 0.427
Epoch 120: Avg: -10.9683, NLL: -11.9505, LDB: 0.0000, Reg: 0.9822, PSD: True, nPSD streak: 0/10, time: 0.424
(belief) log_density is nan or inf.
f vals:  tensor(-0.2508, dtype=torch.float64, grad_fn=<MinBackward1>) tensor(-1.5746e-06, dtype=torch.float64, grad_fn=<MaxBackward1>)
g_y vals:  tensor(312.3521, dtype=torch.float64) tensor(7147377.5545, dtype=torch.float64)
psi_y_vals vals:  tensor(0.9955, dtype=torch.float64, grad_fn=<MinBackward1>) tensor(29328.8754, dtype=torch.float64, grad_fn=<MaxBackward1>)
phi_y_vals vals:  tensor(5.7273e-21, dtype=torch.float64) tensor(1379.0144, dtype=torch.float64)
Q vals:  tensor(-9.0695e-10, dtype=torch.float64, grad_fn=<MinBackward1>) tensor(8.0618e-10, dtype=torch.float64, grad_fn=<MaxBackward1>)
Epoch 130: Avg: -10.9852, NLL: -11.9676, LDB: 0.0000, Reg: 0.9824, PSD: True, nPSD streak: 0/10, time: 0.497
(belief) log_density is nan or inf.
f vals:  tensor(-92933.6600, dtype=torch.float64, grad_fn=<MinBackward1>) tensor(-0.2967, dtype=torch.float64, grad_fn=<MaxBackward1>)
g_y vals:  tensor(901.1535, dtype=torch.float64) tensor(6162406.3649, dtype=torch.float64)
psi_y_vals vals:  tensor(0.9469, dtype=torch.float64, grad_fn=<MinBackward1>) tensor(29056.8965, dtype=torch.float64, grad_fn=<MaxBackward1>)
phi_y_vals vals:  tensor(5.7273e-21, dtype=torch.float64) tensor(1280.8606, dtype=torch.float64)
Q vals:  tensor(-0.0004, dtype=torch.float64, grad_fn=<MinBackward1>) tensor(0.0003, dtype=torch.float64, grad_fn=<MaxBackward1>)
(belief) log_density is nan or inf.
f vals:  tensor(-23.2965, dtype=torch.float64, grad_fn=<MinBackward1>) tensor(-0.0001, dtype=torch.float64, grad_fn=<MaxBackward1>)
g_y vals:  tensor(312.3521, dtype=torch.float64) tensor(7147377.5545, dtype=torch.float64)
psi_y_vals vals:  tensor(0.9512, dtype=torch.float64, grad_fn=<MinBackward1>) tensor(26005.4028, dtype=torch.float64, grad_fn=<MaxBackward1>)
phi_y_vals vals:  tensor(4.2360e-20, dtype=torch.float64) tensor(1379.0144, dtype=torch.float64)
Q vals:  tensor(-8.5808e-08, dtype=torch.float64, grad_fn=<MinBackward1>) tensor(7.6096e-08, dtype=torch.float64, grad_fn=<MaxBackward1>)
Epoch 140: Avg: -11.6055, NLL: -12.5878, LDB: 0.0000, Reg: 0.9822, PSD: True, nPSD streak: 0/10, time: 0.428
(belief) log_density is nan or inf.
f vals:  tensor(-150.9504, dtype=torch.float64, grad_fn=<MinBackward1>) tensor(-0.0012, dtype=torch.float64, grad_fn=<MaxBackward1>)
g_y vals:  tensor(312.3521, dtype=torch.float64) tensor(6904898.1041, dtype=torch.float64)
psi_y_vals vals:  tensor(0.9318, dtype=torch.float64, grad_fn=<MinBackward1>) tensor(25386.6287, dtype=torch.float64, grad_fn=<MaxBackward1>)
phi_y_vals vals:  tensor(5.7273e-21, dtype=torch.float64) tensor(1352.2887, dtype=torch.float64)
Q vals:  tensor(-5.6105e-07, dtype=torch.float64, grad_fn=<MinBackward1>) tensor(4.9373e-07, dtype=torch.float64, grad_fn=<MaxBackward1>)
Epoch 150: Avg: -10.3650, NLL: -11.3468, LDB: 0.0000, Reg: 0.9818, PSD: True, nPSD streak: 0/10, time: 0.427
Epoch 160: Avg: -10.0339, NLL: -11.0156, LDB: 0.0000, Reg: 0.9817, PSD: True, nPSD streak: 0/10, time: 0.500
Epoch 170: Avg: -10.2809, NLL: -11.2624, LDB: 0.0000, Reg: 0.9816, PSD: True, nPSD streak: 0/10, time: 0.427
Epoch 180: Avg: -10.3096, NLL: -11.2910, LDB: 0.0000, Reg: 0.9815, PSD: True, nPSD streak: 0/10, time: 0.428
Epoch 190: Avg: -10.2802, NLL: -11.2616, LDB: 0.0000, Reg: 0.9814, PSD: True, nPSD streak: 0/10, time: 0.423
(belief) log_density is nan or inf.
f vals:  tensor(-5.3568, dtype=torch.float64, grad_fn=<MinBackward1>) tensor(-8.6997e-05, dtype=torch.float64, grad_fn=<MaxBackward1>)
g_y vals:  tensor(312.3521, dtype=torch.float64) tensor(6382768.6197, dtype=torch.float64)
psi_y_vals vals:  tensor(0.9301, dtype=torch.float64, grad_fn=<MinBackward1>) tensor(27464.8443, dtype=torch.float64, grad_fn=<MaxBackward1>)
phi_y_vals vals:  tensor(4.1859e-19, dtype=torch.float64) tensor(1304.0498, dtype=torch.float64)
Q vals:  tensor(-1.6664e-08, dtype=torch.float64, grad_fn=<MinBackward1>) tensor(1.4610e-08, dtype=torch.float64, grad_fn=<MaxBackward1>)
Epoch 200: Avg: -10.3215, NLL: -11.3028, LDB: 0.0000, Reg: 0.9813, PSD: True, nPSD streak: 0/10, time: 0.427
Epoch 210: Avg: -10.3033, NLL: -11.2845, LDB: 0.0000, Reg: 0.9812, PSD: True, nPSD streak: 0/10, time: 0.424
Epoch 220: Avg: -10.3005, NLL: -11.2816, LDB: 0.0000, Reg: 0.9811, PSD: True, nPSD streak: 0/10, time: 0.424
Epoch 230: Avg: -10.3054, NLL: -11.2864, LDB: 0.0000, Reg: 0.9810, PSD: True, nPSD streak: 0/10, time: 0.515
Epoch 240: Avg: -10.3113, NLL: -11.2922, LDB: 0.0000, Reg: 0.9809, PSD: True, nPSD streak: 0/10, time: 0.459
Epoch 250: Avg: -10.3194, NLL: -11.3003, LDB: 0.0000, Reg: 0.9809, PSD: True, nPSD streak: 0/10, time: 0.401
Epoch 260: Avg: -10.3252, NLL: -11.3060, LDB: 0.0000, Reg: 0.9808, PSD: True, nPSD streak: 0/10, time: 0.404
Epoch 270: Avg: -10.3308, NLL: -11.3115, LDB: 0.0000, Reg: 0.9807, PSD: True, nPSD streak: 0/10, time: 0.402
Epoch 280: Avg: -10.3398, NLL: -11.3204, LDB: 0.0000, Reg: 0.9806, PSD: True, nPSD streak: 0/10, time: 0.399
Epoch 290: Avg: -10.3581, NLL: -11.3387, LDB: 0.0000, Reg: 0.9806, PSD: True, nPSD streak: 0/10, time: 0.404
Epoch 300: Avg: -10.3415, NLL: -11.3220, LDB: 0.0000, Reg: 0.9805, PSD: True, nPSD streak: 0/10, time: 0.403

 Restored best model (NLL loss=-13.2906)
Done training init state model

Initial state model is PSD: True
Both models are valid (PSD). Proceeding with belief propagation...

Evaluating log likelihoods...
(belief) log_density is nan or inf.
f vals:  tensor(-155.4132, dtype=torch.float64) tensor(-0.0032, dtype=torch.float64)
g_y vals:  tensor(389.6251, dtype=torch.float64) tensor(5477805.3924, dtype=torch.float64)
psi_y_vals vals:  tensor(1.0053, dtype=torch.float64) tensor(21349.8189, dtype=torch.float64)
phi_y_vals vals:  tensor(5.0587e-20, dtype=torch.float64) tensor(1205.2170, dtype=torch.float64)
Q vals:  tensor(-1.0282e-06, dtype=torch.float64) tensor(9.2180e-07, dtype=torch.float64)
(belief) log_density is nan or inf.
f vals:  tensor(-2.3471, dtype=torch.float64) tensor(-1.3814e-12, dtype=torch.float64)
g_y vals:  tensor(0.0016, dtype=torch.float64) tensor(8.7234e+08, dtype=torch.float64)
psi_y_vals vals:  tensor(3.8249e-102, dtype=torch.float64) tensor(2897.0471, dtype=torch.float64)
phi_y_vals vals:  tensor(2.1481e-163, dtype=torch.float64) tensor(10589.4903, dtype=torch.float64)
Q vals:  tensor(-1.0282e-06, dtype=torch.float64) tensor(9.2180e-07, dtype=torch.float64)
WARNING: pdf evaluations contain NaN or Inf! NaN count: 10000, Inf count: 0
  Belief 0: avg_log_likelihood = nan, mc_auc = nan
(belief) log_density is nan or inf.
f vals:  tensor(-6.8244, dtype=torch.float64) tensor(0.0001, dtype=torch.float64)
g_y vals:  tensor(26752.7120, dtype=torch.float64) tensor(5.7691e+10, dtype=torch.float64)
psi_y_vals vals:  tensor(5.7631e-33, dtype=torch.float64) tensor(3505.9422, dtype=torch.float64)
phi_y_vals vals:  tensor(6.7945e-20, dtype=torch.float64) tensor(56594.2680, dtype=torch.float64)
Q vals:  tensor(-2.5933e-06, dtype=torch.float64) tensor(2.7664e-06, dtype=torch.float64)
(belief) log_density is nan or inf.
f vals:  tensor(-11.2401, dtype=torch.float64) tensor(0.0081, dtype=torch.float64)
g_y vals:  tensor(0.0021, dtype=torch.float64) tensor(2.2553e+08, dtype=torch.float64)
psi_y_vals vals:  tensor(1.2603e-135, dtype=torch.float64) tensor(3545.2143, dtype=torch.float64)
phi_y_vals vals:  tensor(1.6768e-149, dtype=torch.float64) tensor(3538.5470, dtype=torch.float64)
Q vals:  tensor(-2.5933e-06, dtype=torch.float64) tensor(2.7664e-06, dtype=torch.float64)
WARNING: pdf evaluations contain NaN or Inf! NaN count: 1103, Inf count: 0
  Belief 1: avg_log_likelihood = nan, mc_auc = nan
(belief) log_density is nan or inf.
f vals:  tensor(-0.0003, dtype=torch.float64) tensor(550.5531, dtype=torch.float64)
g_y vals:  tensor(139.6889, dtype=torch.float64) tensor(8.6377e+09, dtype=torch.float64)
psi_y_vals vals:  tensor(1.2301e-28, dtype=torch.float64) tensor(76009.8137, dtype=torch.float64)
phi_y_vals vals:  tensor(1.6150e-17, dtype=torch.float64) tensor(21898.6847, dtype=torch.float64)
Q vals:  tensor(-5.4998e-07, dtype=torch.float64) tensor(9.5293e-08, dtype=torch.float64)
(belief) log_density is nan or inf.
f vals:  tensor(-3.0079, dtype=torch.float64) tensor(0.1617, dtype=torch.float64)
g_y vals:  tensor(0.0009, dtype=torch.float64) tensor(1.4226e+08, dtype=torch.float64)
psi_y_vals vals:  tensor(1.6875e-153, dtype=torch.float64) tensor(10327.3689, dtype=torch.float64)
phi_y_vals vals:  tensor(1.9079e-125, dtype=torch.float64) tensor(4305.3277, dtype=torch.float64)
Q vals:  tensor(-5.4998e-07, dtype=torch.float64) tensor(9.5293e-08, dtype=torch.float64)
WARNING: pdf evaluations contain NaN or Inf! NaN count: 9365, Inf count: 0
  Belief 2: avg_log_likelihood = nan, mc_auc = nan
(belief) log_density is nan or inf.
f vals:  tensor(-102.0216, dtype=torch.float64) tensor(0.0016, dtype=torch.float64)
g_y vals:  tensor(2937.2053, dtype=torch.float64) tensor(7.3111e+11, dtype=torch.float64)
psi_y_vals vals:  tensor(4.2942e-21, dtype=torch.float64) tensor(52923.6094, dtype=torch.float64)
phi_y_vals vals:  tensor(4.6428e-15, dtype=torch.float64) tensor(201470.7288, dtype=torch.float64)
Q vals:  tensor(-2.3898e-07, dtype=torch.float64) tensor(1.4707e-06, dtype=torch.float64)
(belief) log_density is nan or inf.
f vals:  tensor(-0.3796, dtype=torch.float64) tensor(0.1557, dtype=torch.float64)
g_y vals:  tensor(0.0008, dtype=torch.float64) tensor(77160738.4805, dtype=torch.float64)
psi_y_vals vals:  tensor(4.1279e-180, dtype=torch.float64) tensor(3228.2489, dtype=torch.float64)
phi_y_vals vals:  tensor(4.6418e-130, dtype=torch.float64) tensor(3986.0963, dtype=torch.float64)
Q vals:  tensor(-2.3898e-07, dtype=torch.float64) tensor(1.4707e-06, dtype=torch.float64)
WARNING: pdf evaluations contain NaN or Inf! NaN count: 1651, Inf count: 0
  Belief 3: avg_log_likelihood = nan, mc_auc = nan
(belief) log_density is nan or inf.
f vals:  tensor(-0.0001, dtype=torch.float64) tensor(744.1154, dtype=torch.float64)
g_y vals:  tensor(101.8908, dtype=torch.float64) tensor(3.2772e+11, dtype=torch.float64)
psi_y_vals vals:  tensor(3.7254e-21, dtype=torch.float64) tensor(88663.3135, dtype=torch.float64)
phi_y_vals vals:  tensor(2.1997e-20, dtype=torch.float64) tensor(134887.3396, dtype=torch.float64)
Q vals:  tensor(-5.6205e-07, dtype=torch.float64) tensor(9.4657e-08, dtype=torch.float64)
(belief) log_density is nan or inf.
f vals:  tensor(-1.3228, dtype=torch.float64) tensor(2.4244, dtype=torch.float64)
g_y vals:  tensor(0.0017, dtype=torch.float64) tensor(8.1649e+09, dtype=torch.float64)
psi_y_vals vals:  tensor(6.1192e-141, dtype=torch.float64) tensor(8214.7829, dtype=torch.float64)
phi_y_vals vals:  tensor(6.6663e-130, dtype=torch.float64) tensor(21290.9027, dtype=torch.float64)
Q vals:  tensor(-5.6205e-07, dtype=torch.float64) tensor(9.4657e-08, dtype=torch.float64)
WARNING: pdf evaluations contain NaN or Inf! NaN count: 7843, Inf count: 0
  Belief 4: avg_log_likelihood = nan, mc_auc = nan
(belief) log_density is nan or inf.
f vals:  tensor(-159.4510, dtype=torch.float64) tensor(0.0008, dtype=torch.float64)
g_y vals:  tensor(705.2350, dtype=torch.float64) tensor(6.6475e+11, dtype=torch.float64)
psi_y_vals vals:  tensor(4.9854e-21, dtype=torch.float64) tensor(66732.9063, dtype=torch.float64)
phi_y_vals vals:  tensor(2.2965e-19, dtype=torch.float64) tensor(192110.2413, dtype=torch.float64)
Q vals:  tensor(-2.3739e-07, dtype=torch.float64) tensor(1.4609e-06, dtype=torch.float64)
(belief) log_density is nan or inf.
f vals:  tensor(-1.6462, dtype=torch.float64) tensor(0.5981, dtype=torch.float64)
g_y vals:  tensor(0.0021, dtype=torch.float64) tensor(81292666.7157, dtype=torch.float64)
psi_y_vals vals:  tensor(1.1960e-128, dtype=torch.float64) tensor(6780.5358, dtype=torch.float64)
phi_y_vals vals:  tensor(1.7258e-150, dtype=torch.float64) tensor(2124.4449, dtype=torch.float64)
Q vals:  tensor(-2.3739e-07, dtype=torch.float64) tensor(1.4609e-06, dtype=torch.float64)
WARNING: pdf evaluations contain NaN or Inf! NaN count: 1299, Inf count: 0
  Belief 5: avg_log_likelihood = nan, mc_auc = nan
(belief) log_density is nan or inf.
f vals:  tensor(-0.0002, dtype=torch.float64) tensor(1078.8911, dtype=torch.float64)
g_y vals:  tensor(209.6322, dtype=torch.float64) tensor(2.7836e+11, dtype=torch.float64)
psi_y_vals vals:  tensor(6.5138e-19, dtype=torch.float64) tensor(107110.2104, dtype=torch.float64)
phi_y_vals vals:  tensor(2.1268e-21, dtype=torch.float64) tensor(124314.2999, dtype=torch.float64)
Q vals:  tensor(-5.5249e-07, dtype=torch.float64) tensor(9.4041e-08, dtype=torch.float64)
(belief) log_density is nan or inf.
f vals:  tensor(-0.0880, dtype=torch.float64) tensor(2.0332, dtype=torch.float64)
g_y vals:  tensor(0.0047, dtype=torch.float64) tensor(1.1010e+08, dtype=torch.float64)
psi_y_vals vals:  tensor(1.5336e-122, dtype=torch.float64) tensor(4649.8333, dtype=torch.float64)
phi_y_vals vals:  tensor(5.2335e-153, dtype=torch.float64) tensor(3788.7446, dtype=torch.float64)
Q vals:  tensor(-5.5249e-07, dtype=torch.float64) tensor(9.4041e-08, dtype=torch.float64)
WARNING: pdf evaluations contain NaN or Inf! NaN count: 7815, Inf count: 0
  Belief 6: avg_log_likelihood = nan, mc_auc = nan
(belief) log_density is nan or inf.
f vals:  tensor(-107.1228, dtype=torch.float64) tensor(0.0605, dtype=torch.float64)
g_y vals:  tensor(808.5679, dtype=torch.float64) tensor(4.8603e+11, dtype=torch.float64)
psi_y_vals vals:  tensor(8.2996e-19, dtype=torch.float64) tensor(55172.0501, dtype=torch.float64)
phi_y_vals vals:  tensor(2.2698e-21, dtype=torch.float64) tensor(164267.8743, dtype=torch.float64)
Q vals:  tensor(-2.3584e-07, dtype=torch.float64) tensor(1.4514e-06, dtype=torch.float64)
(belief) log_density is nan or inf.
f vals:  tensor(-14.3023, dtype=torch.float64) tensor(0.3841, dtype=torch.float64)
g_y vals:  tensor(0.0023, dtype=torch.float64) tensor(1.8985e+09, dtype=torch.float64)
psi_y_vals vals:  tensor(1.4718e-123, dtype=torch.float64) tensor(20159.5686, dtype=torch.float64)
phi_y_vals vals:  tensor(6.7096e-143, dtype=torch.float64) tensor(15734.4371, dtype=torch.float64)
Q vals:  tensor(-2.3584e-07, dtype=torch.float64) tensor(1.4514e-06, dtype=torch.float64)
WARNING: pdf evaluations contain NaN or Inf! NaN count: 1283, Inf count: 0
  Belief 7: avg_log_likelihood = nan, mc_auc = nan
(belief) log_density is nan or inf.
f vals:  tensor(-0.0003, dtype=torch.float64) tensor(840.9989, dtype=torch.float64)
g_y vals:  tensor(85.0499, dtype=torch.float64) tensor(1.2710e+11, dtype=torch.float64)
psi_y_vals vals:  tensor(5.6164e-21, dtype=torch.float64) tensor(94875.4466, dtype=torch.float64)
phi_y_vals vals:  tensor(1.3311e-22, dtype=torch.float64) tensor(84001.3269, dtype=torch.float64)
Q vals:  tensor(-5.4303e-07, dtype=torch.float64) tensor(9.3430e-08, dtype=torch.float64)
(belief) log_density is nan or inf.
f vals:  tensor(-0.5787, dtype=torch.float64) tensor(7.6577, dtype=torch.float64)
g_y vals:  tensor(0.0023, dtype=torch.float64) tensor(3.2269e+09, dtype=torch.float64)
psi_y_vals vals:  tensor(1.5788e-134, dtype=torch.float64) tensor(9053.2830, dtype=torch.float64)
phi_y_vals vals:  tensor(3.6235e-146, dtype=torch.float64) tensor(13384.7653, dtype=torch.float64)
Q vals:  tensor(-5.4303e-07, dtype=torch.float64) tensor(9.3430e-08, dtype=torch.float64)
WARNING: pdf evaluations contain NaN or Inf! NaN count: 7900, Inf count: 0
  Belief 8: avg_log_likelihood = nan, mc_auc = nan
(belief) log_density is nan or inf.
f vals:  tensor(-156.5903, dtype=torch.float64) tensor(1.5014, dtype=torch.float64)
g_y vals:  tensor(1181.5727, dtype=torch.float64) tensor(4.3997e+11, dtype=torch.float64)
psi_y_vals vals:  tensor(4.6360e-19, dtype=torch.float64) tensor(67288.6747, dtype=torch.float64)
phi_y_vals vals:  tensor(7.0255e-23, dtype=torch.float64) tensor(156289.3223, dtype=torch.float64)
Q vals:  tensor(-2.3431e-07, dtype=torch.float64) tensor(1.4420e-06, dtype=torch.float64)
(belief) log_density is nan or inf.
f vals:  tensor(-0.0811, dtype=torch.float64) tensor(0.0490, dtype=torch.float64)
g_y vals:  tensor(0.0026, dtype=torch.float64) tensor(3.0930e+10, dtype=torch.float64)
psi_y_vals vals:  tensor(2.4706e-143, dtype=torch.float64) tensor(1531.5261, dtype=torch.float64)
phi_y_vals vals:  tensor(1.3417e-120, dtype=torch.float64) tensor(41439.3366, dtype=torch.float64)
Q vals:  tensor(-2.3431e-07, dtype=torch.float64) tensor(1.4420e-06, dtype=torch.float64)
WARNING: pdf evaluations contain NaN or Inf! NaN count: 1265, Inf count: 0
  Belief 9: avg_log_likelihood = nan, mc_auc = nan
(belief) log_density is nan or inf.
f vals:  tensor(-0.0030, dtype=torch.float64) tensor(606.3972, dtype=torch.float64)
g_y vals:  tensor(260.4603, dtype=torch.float64) tensor(8.3730e+10, dtype=torch.float64)
psi_y_vals vals:  tensor(2.2743e-19, dtype=torch.float64) tensor(80824.7916, dtype=torch.float64)
phi_y_vals vals:  tensor(2.2629e-25, dtype=torch.float64) tensor(68180.3693, dtype=torch.float64)
Q vals:  tensor(-5.3365e-07, dtype=torch.float64) tensor(9.2826e-08, dtype=torch.float64)
(belief) log_density is nan or inf.
f vals:  tensor(-0.0432, dtype=torch.float64) tensor(0.0257, dtype=torch.float64)
g_y vals:  tensor(0.0010, dtype=torch.float64) tensor(3.5956e+08, dtype=torch.float64)
psi_y_vals vals:  tensor(6.4167e-125, dtype=torch.float64) tensor(1524.7105, dtype=torch.float64)
phi_y_vals vals:  tensor(7.5415e-139, dtype=torch.float64) tensor(11663.9939, dtype=torch.float64)
Q vals:  tensor(-5.3365e-07, dtype=torch.float64) tensor(9.2826e-08, dtype=torch.float64)
WARNING: pdf evaluations contain NaN or Inf! NaN count: 7835, Inf count: 0
  Belief 10: avg_log_likelihood = nan, mc_auc = nan
(belief) log_density is nan or inf.
f vals:  tensor(-65.6665, dtype=torch.float64) tensor(4.9694, dtype=torch.float64)
g_y vals:  tensor(506.5969, dtype=torch.float64) tensor(2.9985e+11, dtype=torch.float64)
psi_y_vals vals:  tensor(4.3981e-20, dtype=torch.float64) tensor(43958.5577, dtype=torch.float64)
phi_y_vals vals:  tensor(1.1579e-24, dtype=torch.float64) tensor(129024.4644, dtype=torch.float64)
Q vals:  tensor(-2.3279e-07, dtype=torch.float64) tensor(1.4327e-06, dtype=torch.float64)
(belief) log_density is nan or inf.
f vals:  tensor(-1.2704, dtype=torch.float64) tensor(0.3274, dtype=torch.float64)
g_y vals:  tensor(0.0010, dtype=torch.float64) tensor(12726170.6426, dtype=torch.float64)
psi_y_vals vals:  tensor(6.8588e-141, dtype=torch.float64) tensor(6114.1260, dtype=torch.float64)
phi_y_vals vals:  tensor(8.3858e-121, dtype=torch.float64) tensor(887.0052, dtype=torch.float64)
Q vals:  tensor(-2.3279e-07, dtype=torch.float64) tensor(1.4327e-06, dtype=torch.float64)
WARNING: pdf evaluations contain NaN or Inf! NaN count: 1309, Inf count: 0
  Belief 11: avg_log_likelihood = nan, mc_auc = nan
(belief) log_density is nan or inf.
f vals:  tensor(-0.0605, dtype=torch.float64) tensor(536.3647, dtype=torch.float64)
g_y vals:  tensor(1.5477, dtype=torch.float64) tensor(4.1014e+10, dtype=torch.float64)
psi_y_vals vals:  tensor(1.3167e-24, dtype=torch.float64) tensor(76260.8778, dtype=torch.float64)
phi_y_vals vals:  tensor(6.1380e-26, dtype=torch.float64) tensor(47718.4897, dtype=torch.float64)
Q vals:  tensor(-5.2437e-07, dtype=torch.float64) tensor(9.2227e-08, dtype=torch.float64)
(belief) log_density is nan or inf.
f vals:  tensor(-0.0763, dtype=torch.float64) tensor(0.5394, dtype=torch.float64)
g_y vals:  tensor(0.0003, dtype=torch.float64) tensor(70822389.8927, dtype=torch.float64)
psi_y_vals vals:  tensor(4.8951e-137, dtype=torch.float64) tensor(2418.4080, dtype=torch.float64)
phi_y_vals vals:  tensor(2.1759e-130, dtype=torch.float64) tensor(2708.6077, dtype=torch.float64)
Q vals:  tensor(-5.2437e-07, dtype=torch.float64) tensor(9.2227e-08, dtype=torch.float64)
WARNING: pdf evaluations contain NaN or Inf! NaN count: 7854, Inf count: 0
  Belief 12: avg_log_likelihood = nan, mc_auc = nan
(belief) log_density is nan or inf.
f vals:  tensor(-23.8948, dtype=torch.float64) tensor(7.2803, dtype=torch.float64)
g_y vals:  tensor(7.1893, dtype=torch.float64) tensor(2.0812e+11, dtype=torch.float64)
psi_y_vals vals:  tensor(3.0020e-23, dtype=torch.float64) tensor(26752.5933, dtype=torch.float64)
phi_y_vals vals:  tensor(8.3161e-26, dtype=torch.float64) tensor(107492.7470, dtype=torch.float64)
Q vals:  tensor(-2.3129e-07, dtype=torch.float64) tensor(1.4234e-06, dtype=torch.float64)
(belief) log_density is nan or inf.
f vals:  tensor(-0.8354, dtype=torch.float64) tensor(0.0594, dtype=torch.float64)
g_y vals:  tensor(0.0015, dtype=torch.float64) tensor(1.7401e+08, dtype=torch.float64)
psi_y_vals vals:  tensor(2.9879e-141, dtype=torch.float64) tensor(5002.1415, dtype=torch.float64)
phi_y_vals vals:  tensor(4.8420e-150, dtype=torch.float64) tensor(3450.0902, dtype=torch.float64)
Q vals:  tensor(-2.3129e-07, dtype=torch.float64) tensor(1.4234e-06, dtype=torch.float64)
WARNING: pdf evaluations contain NaN or Inf! NaN count: 1273, Inf count: 0
  Belief 13: avg_log_likelihood = nan, mc_auc = nan
(belief) log_density is nan or inf.
f vals:  tensor(-0.2089, dtype=torch.float64) tensor(326.3226, dtype=torch.float64)
g_y vals:  tensor(0.5878, dtype=torch.float64) tensor(3.3078e+10, dtype=torch.float64)
psi_y_vals vals:  tensor(2.1840e-27, dtype=torch.float64) tensor(59675.5862, dtype=torch.float64)
phi_y_vals vals:  tensor(4.9809e-27, dtype=torch.float64) tensor(42853.6052, dtype=torch.float64)
Q vals:  tensor(-5.1517e-07, dtype=torch.float64) tensor(9.1633e-08, dtype=torch.float64)
(belief) log_density is nan or inf.
f vals:  tensor(-0.7005, dtype=torch.float64) tensor(0.8552, dtype=torch.float64)
g_y vals:  tensor(0.0011, dtype=torch.float64) tensor(2.6441e+08, dtype=torch.float64)
psi_y_vals vals:  tensor(3.3864e-152, dtype=torch.float64) tensor(6239.0136, dtype=torch.float64)
phi_y_vals vals:  tensor(7.2021e-146, dtype=torch.float64) tensor(4846.7190, dtype=torch.float64)
Q vals:  tensor(-5.1517e-07, dtype=torch.float64) tensor(9.1633e-08, dtype=torch.float64)
WARNING: pdf evaluations contain NaN or Inf! NaN count: 7848, Inf count: 0
  Belief 14: avg_log_likelihood = nan, mc_auc = nan

============================================================
Trial 2/10
============================================================

Training transition model...
Epoch 1: Avg: 214.5942, NLL: 20.7261, LDB: 0.6784, Reg: 193.1898, PSD: True, nPSD streak: 0/10, time: 16.052
Epoch 10: Avg: 11.6598, NLL: -0.4619, LDB: 0.0237, Reg: 12.0980, PSD: True, nPSD streak: 0/10, time: 15.250
Epoch 20: Avg: -4.0356, NLL: -9.8888, LDB: 0.0039, Reg: 5.8492, PSD: True, nPSD streak: 0/10, time: 16.039
Epoch 30: Avg: -8.7686, NLL: -12.4369, LDB: 0.0003, Reg: 3.6680, PSD: True, nPSD streak: 0/10, time: 14.599
Epoch 40: Avg: -10.7044, NLL: -13.3904, LDB: 0.0000, Reg: 2.6860, PSD: True, nPSD streak: 0/10, time: 16.101
Epoch 50: Avg: -11.4269, NLL: -13.5916, LDB: 0.0000, Reg: 2.1647, PSD: True, nPSD streak: 0/10, time: 15.626
Epoch 60: Avg: -11.8385, NLL: -13.6929, LDB: 0.0000, Reg: 1.8543, PSD: True, nPSD streak: 0/10, time: 17.081
Epoch 70: Avg: -12.1007, NLL: -13.7503, LDB: 0.0000, Reg: 1.6496, PSD: True, nPSD streak: 0/10, time: 17.580
Epoch 80: Avg: -12.2909, NLL: -13.7976, LDB: 0.0000, Reg: 1.5067, PSD: True, nPSD streak: 0/10, time: 17.599
Epoch 90: Avg: -12.4480, NLL: -13.8505, LDB: 0.0000, Reg: 1.4025, PSD: True, nPSD streak: 0/10, time: 17.885
Epoch 100: Avg: -12.5407, NLL: -13.8846, LDB: 0.0000, Reg: 1.3439, PSD: True, nPSD streak: 0/10, time: 17.665
Epoch 110: Avg: 54.1776, NLL: -4.6062, LDB: 57.4396, Reg: 1.3442, PSD: False, nPSD streak: 2/10, time: 16.692
[Epoch 118] Reset to best model after 10 consecutive non-PSD iterations (best NLL loss=-13.9045)
Epoch 120: Avg: -12.6174, NLL: -13.9107, LDB: 0.0000, Reg: 1.2932, PSD: True, nPSD streak: 0/10, time: 16.251
Epoch 130: Avg: -12.6232, NLL: -13.9148, LDB: 0.0000, Reg: 1.2916, PSD: True, nPSD streak: 0/10, time: 16.936
Epoch 140: Avg: -12.6270, NLL: -13.9170, LDB: 0.0000, Reg: 1.2901, PSD: True, nPSD streak: 0/10, time: 18.640
Epoch 150: Avg: -12.5886, NLL: -13.8808, LDB: 0.0000, Reg: 1.2921, PSD: True, nPSD streak: 0/10, time: 19.678

 Restored best model (NLL loss=-13.9180)
Epoch 1: Avg: -8.3003, NLL: -13.8860, LDB: 4.2973, Reg: 1.2884, PSD: True, nPSD streak: 0/10, time: 8.918
Epoch 10: Avg: -12.6200, NLL: -13.9074, LDB: 0.0000, Reg: 1.2874, PSD: True, nPSD streak: 0/10, time: 8.538
Epoch 20: Avg: -12.6392, NLL: -13.9199, LDB: 0.0000, Reg: 1.2807, PSD: True, nPSD streak: 0/10, time: 9.177
Epoch 30: Avg: -12.6111, NLL: -13.8893, LDB: 0.0000, Reg: 1.2782, PSD: True, nPSD streak: 0/10, time: 9.061
Epoch 40: Avg: -12.6241, NLL: -13.8983, LDB: 0.0000, Reg: 1.2743, PSD: True, nPSD streak: 0/10, time: 8.800
Epoch 50: Avg: -12.6326, NLL: -13.9010, LDB: 0.0000, Reg: 1.2684, PSD: True, nPSD streak: 0/10, time: 8.871
Epoch 60: Avg: -12.6470, NLL: -13.9094, LDB: 0.0000, Reg: 1.2624, PSD: True, nPSD streak: 0/10, time: 9.476
Epoch 70: Avg: -12.6563, NLL: -13.9125, LDB: 0.0000, Reg: 1.2562, PSD: True, nPSD streak: 0/10, time: 9.457
Epoch 80: Avg: -12.6660, NLL: -13.9165, LDB: 0.0000, Reg: 1.2504, PSD: True, nPSD streak: 0/10, time: 8.903
Epoch 90: Avg: -12.5795, NLL: -13.8184, LDB: 0.0000, Reg: 1.2388, PSD: True, nPSD streak: 0/10, time: 8.342
Epoch 100: Avg: -12.6674, NLL: -13.9141, LDB: 0.0000, Reg: 1.2467, PSD: True, nPSD streak: 0/10, time: 9.002
Epoch 110: Avg: -12.6681, NLL: -13.9106, LDB: 0.0000, Reg: 1.2425, PSD: True, nPSD streak: 0/10, time: 8.586
Epoch 120: Avg: -12.6814, NLL: -13.9189, LDB: 0.0000, Reg: 1.2376, PSD: True, nPSD streak: 0/10, time: 8.627
Epoch 130: Avg: -12.6939, NLL: -13.9254, LDB: 0.0000, Reg: 1.2315, PSD: True, nPSD streak: 0/10, time: 8.544
Epoch 140: Avg: -12.6733, NLL: -13.9073, LDB: 0.0000, Reg: 1.2340, PSD: True, nPSD streak: 0/10, time: 8.732
Epoch 150: Avg: -12.6819, NLL: -13.9127, LDB: 0.0000, Reg: 1.2308, PSD: True, nPSD streak: 0/10, time: 8.203
Epoch 160: Avg: -12.6832, NLL: -13.9105, LDB: 0.0000, Reg: 1.2273, PSD: True, nPSD streak: 0/10, time: 8.485
Epoch 170: Avg: -12.6901, NLL: -13.9133, LDB: 0.0000, Reg: 1.2231, PSD: True, nPSD streak: 0/10, time: 9.769
Epoch 180: Avg: -12.6977, NLL: -13.9173, LDB: 0.0000, Reg: 1.2196, PSD: True, nPSD streak: 0/10, time: 9.553
Epoch 190: Avg: -12.7108, NLL: -13.9255, LDB: 0.0000, Reg: 1.2147, PSD: True, nPSD streak: 0/10, time: 8.792
Epoch 200: Avg: -12.7010, NLL: -13.9173, LDB: 0.0000, Reg: 1.2163, PSD: True, nPSD streak: 0/10, time: 8.406
Epoch 210: Avg: -12.7010, NLL: -13.9142, LDB: 0.0000, Reg: 1.2132, PSD: True, nPSD streak: 0/10, time: 8.941
Epoch 220: Avg: -12.7142, NLL: -13.9238, LDB: 0.0000, Reg: 1.2095, PSD: True, nPSD streak: 0/10, time: 8.406
Epoch 230: Avg: -12.7220, NLL: -13.9271, LDB: 0.0000, Reg: 1.2051, PSD: True, nPSD streak: 0/10, time: 8.428
Epoch 240: Avg: -12.7166, NLL: -13.9229, LDB: 0.0000, Reg: 1.2063, PSD: True, nPSD streak: 0/10, time: 8.596
Epoch 250: Avg: -12.7180, NLL: -13.9214, LDB: 0.0000, Reg: 1.2034, PSD: True, nPSD streak: 0/10, time: 8.894
Epoch 260: Avg: -12.7310, NLL: -13.9300, LDB: 0.0000, Reg: 1.1990, PSD: True, nPSD streak: 0/10, time: 8.528
Epoch 270: Avg: -12.7227, NLL: -13.9224, LDB: 0.0000, Reg: 1.1997, PSD: True, nPSD streak: 0/10, time: 8.505
Epoch 280: Avg: -12.7317, NLL: -13.9281, LDB: 0.0000, Reg: 1.1964, PSD: True, nPSD streak: 0/10, time: 8.348
Epoch 290: Avg: -12.7175, NLL: -13.9075, LDB: 0.0000, Reg: 1.1901, PSD: True, nPSD streak: 0/10, time: 8.905
Epoch 300: Avg: -12.7388, NLL: -13.9311, LDB: 0.0000, Reg: 1.1923, PSD: True, nPSD streak: 0/10, time: 8.391

 Restored best model (NLL loss=-13.9339)
Done training transition model

Transition model is PSD: True
Training init state model...
Epoch 1: Avg: 27.5210, NLL: 26.6775, LDB: 0.0000, Reg: 0.8434, PSD: True, nPSD streak: 0/10, time: 0.877
Epoch 10: Avg: 20.8186, NLL: 19.9726, LDB: 0.0000, Reg: 0.8460, PSD: True, nPSD streak: 0/10, time: 0.822
(belief) log_density is nan or inf.
f vals:  tensor(-10.7651, dtype=torch.float64, grad_fn=<MinBackward1>) tensor(-0.0011, dtype=torch.float64, grad_fn=<MaxBackward1>)
g_y vals:  tensor(2.6590e-08, dtype=torch.float64) tensor(26.6287, dtype=torch.float64)
psi_y_vals vals:  tensor(0.3448, dtype=torch.float64, grad_fn=<MinBackward1>) tensor(596.7142, dtype=torch.float64, grad_fn=<MaxBackward1>)
phi_y_vals vals:  tensor(2.7006e-22, dtype=torch.float64) tensor(1.1618, dtype=torch.float64)
Q vals:  tensor(-3.1147e-05, dtype=torch.float64, grad_fn=<MinBackward1>) tensor(1.0714e-05, dtype=torch.float64, grad_fn=<MaxBackward1>)
Epoch 20: Avg: 17.0999, NLL: 16.2398, LDB: 0.0000, Reg: 0.8601, PSD: True, nPSD streak: 0/10, time: 0.835
Epoch 30: Avg: 14.9824, NLL: 14.1028, LDB: 0.0000, Reg: 0.8797, PSD: True, nPSD streak: 0/10, time: 0.885
(belief) log_density is nan or inf.
f vals:  tensor(-247.3956, dtype=torch.float64, grad_fn=<MinBackward1>) tensor(-0.0012, dtype=torch.float64, grad_fn=<MaxBackward1>)
g_y vals:  tensor(7.8374e-08, dtype=torch.float64) tensor(3.0570, dtype=torch.float64)
psi_y_vals vals:  tensor(0.0856, dtype=torch.float64, grad_fn=<MinBackward1>) tensor(1905.2162, dtype=torch.float64, grad_fn=<MaxBackward1>)
phi_y_vals vals:  tensor(2.7006e-22, dtype=torch.float64) tensor(1.1618, dtype=torch.float64)
Q vals:  tensor(-6.5853e-05, dtype=torch.float64, grad_fn=<MinBackward1>) tensor(2.1433e-05, dtype=torch.float64, grad_fn=<MaxBackward1>)
Epoch 40: Avg: 13.4187, NLL: 12.5167, LDB: 0.0000, Reg: 0.9020, PSD: True, nPSD streak: 0/10, time: 0.961
(belief) log_density is nan or inf.
f vals:  tensor(-447.3003, dtype=torch.float64, grad_fn=<MinBackward1>) tensor(-7.9193e-06, dtype=torch.float64, grad_fn=<MaxBackward1>)
g_y vals:  tensor(5.1431e-08, dtype=torch.float64) tensor(1.3461, dtype=torch.float64)
psi_y_vals vals:  tensor(0.0370, dtype=torch.float64, grad_fn=<MinBackward1>) tensor(5944.0453, dtype=torch.float64, grad_fn=<MaxBackward1>)
phi_y_vals vals:  tensor(3.5108e-21, dtype=torch.float64) tensor(0.4612, dtype=torch.float64)
Q vals:  tensor(-1.1619e-05, dtype=torch.float64, grad_fn=<MinBackward1>) tensor(3.9182e-06, dtype=torch.float64, grad_fn=<MaxBackward1>)
(belief) log_density is nan or inf.
f vals:  tensor(-1602.5031, dtype=torch.float64, grad_fn=<MinBackward1>) tensor(-0.0006, dtype=torch.float64, grad_fn=<MaxBackward1>)
g_y vals:  tensor(4.7704e-08, dtype=torch.float64) tensor(19.6968, dtype=torch.float64)
psi_y_vals vals:  tensor(0.0945, dtype=torch.float64, grad_fn=<MinBackward1>) tensor(3580.1036, dtype=torch.float64, grad_fn=<MaxBackward1>)
phi_y_vals vals:  tensor(3.8215e-22, dtype=torch.float64) tensor(0.5959, dtype=torch.float64)
Q vals:  tensor(-0.0001, dtype=torch.float64, grad_fn=<MinBackward1>) tensor(3.9751e-05, dtype=torch.float64, grad_fn=<MaxBackward1>)
(belief) log_density is nan or inf.
f vals:  tensor(-2697.5782, dtype=torch.float64, grad_fn=<MinBackward1>) tensor(-0.0010, dtype=torch.float64, grad_fn=<MaxBackward1>)
g_y vals:  tensor(7.9475e-08, dtype=torch.float64) tensor(1.3461, dtype=torch.float64)
psi_y_vals vals:  tensor(0.0518, dtype=torch.float64, grad_fn=<MinBackward1>) tensor(4817.1154, dtype=torch.float64, grad_fn=<MaxBackward1>)
phi_y_vals vals:  tensor(5.2553e-20, dtype=torch.float64) tensor(0.5446, dtype=torch.float64)
Q vals:  tensor(-0.0001, dtype=torch.float64, grad_fn=<MinBackward1>) tensor(3.7529e-05, dtype=torch.float64, grad_fn=<MaxBackward1>)
Epoch 50: Avg: 12.8997, NLL: 11.9837, LDB: 0.0000, Reg: 0.9161, PSD: True, nPSD streak: 0/10, time: 0.901
(belief) log_density is nan or inf.
f vals:  tensor(-2570.3113, dtype=torch.float64, grad_fn=<MinBackward1>) tensor(-2.2941e-06, dtype=torch.float64, grad_fn=<MaxBackward1>)
g_y vals:  tensor(2.6590e-08, dtype=torch.float64) tensor(26.6287, dtype=torch.float64)
psi_y_vals vals:  tensor(0.0295, dtype=torch.float64, grad_fn=<MinBackward1>) tensor(14451.1714, dtype=torch.float64, grad_fn=<MaxBackward1>)
phi_y_vals vals:  tensor(2.7006e-22, dtype=torch.float64) tensor(0.5469, dtype=torch.float64)
Q vals:  tensor(-1.1713e-05, dtype=torch.float64, grad_fn=<MinBackward1>) tensor(3.7554e-06, dtype=torch.float64, grad_fn=<MaxBackward1>)
(belief) log_density is nan or inf.
f vals:  tensor(-439.8627, dtype=torch.float64, grad_fn=<MinBackward1>) tensor(-1.2951e-06, dtype=torch.float64, grad_fn=<MaxBackward1>)
g_y vals:  tensor(7.7851e-08, dtype=torch.float64) tensor(26.6287, dtype=torch.float64)
psi_y_vals vals:  tensor(0.0322, dtype=torch.float64, grad_fn=<MinBackward1>) tensor(11920.4144, dtype=torch.float64, grad_fn=<MaxBackward1>)
phi_y_vals vals:  tensor(4.3226e-21, dtype=torch.float64) tensor(1.8966, dtype=torch.float64)
Q vals:  tensor(-3.0059e-06, dtype=torch.float64, grad_fn=<MinBackward1>) tensor(9.8047e-07, dtype=torch.float64, grad_fn=<MaxBackward1>)
(belief) log_density is nan or inf.
f vals:  tensor(-1001.3951, dtype=torch.float64, grad_fn=<MinBackward1>) tensor(-3.6423e-06, dtype=torch.float64, grad_fn=<MaxBackward1>)
g_y vals:  tensor(5.1137e-08, dtype=torch.float64) tensor(940.9332, dtype=torch.float64)
psi_y_vals vals:  tensor(0.0096, dtype=torch.float64, grad_fn=<MinBackward1>) tensor(12861.8202, dtype=torch.float64, grad_fn=<MaxBackward1>)
phi_y_vals vals:  tensor(1.4868e-21, dtype=torch.float64) tensor(2.6648, dtype=torch.float64)
Q vals:  tensor(-5.8443e-06, dtype=torch.float64, grad_fn=<MinBackward1>) tensor(1.8997e-06, dtype=torch.float64, grad_fn=<MaxBackward1>)
(belief) log_density is nan or inf.
f vals:  tensor(-243.3949, dtype=torch.float64, grad_fn=<MinBackward1>) tensor(-6.9590e-06, dtype=torch.float64, grad_fn=<MaxBackward1>)
g_y vals:  tensor(5.3436e-08, dtype=torch.float64) tensor(85.0738, dtype=torch.float64)
psi_y_vals vals:  tensor(0.0066, dtype=torch.float64, grad_fn=<MinBackward1>) tensor(5664.7502, dtype=torch.float64, grad_fn=<MaxBackward1>)
phi_y_vals vals:  tensor(2.7006e-22, dtype=torch.float64) tensor(1.8966, dtype=torch.float64)
Q vals:  tensor(-7.3704e-06, dtype=torch.float64, grad_fn=<MinBackward1>) tensor(2.3697e-06, dtype=torch.float64, grad_fn=<MaxBackward1>)
Epoch 60: Avg: nan, NLL: nan, LDB: 0.0000, Reg: 0.9386, PSD: True, nPSD streak: 0/10, time: 0.913
(belief) log_density is nan or inf.
f vals:  tensor(-5279.1198, dtype=torch.float64, grad_fn=<MinBackward1>) tensor(-3.6462e-05, dtype=torch.float64, grad_fn=<MaxBackward1>)
g_y vals:  tensor(5.2267e-08, dtype=torch.float64) tensor(85.0738, dtype=torch.float64)
psi_y_vals vals:  tensor(0.0030, dtype=torch.float64, grad_fn=<MinBackward1>) tensor(12838.7038, dtype=torch.float64, grad_fn=<MaxBackward1>)
phi_y_vals vals:  tensor(2.7006e-22, dtype=torch.float64) tensor(4.7441, dtype=torch.float64)
Q vals:  tensor(-3.1108e-05, dtype=torch.float64, grad_fn=<MinBackward1>) tensor(9.7892e-06, dtype=torch.float64, grad_fn=<MaxBackward1>)
(belief) log_density is nan or inf.
f vals:  tensor(-605.1768, dtype=torch.float64, grad_fn=<MinBackward1>) tensor(-0.0002, dtype=torch.float64, grad_fn=<MaxBackward1>)
g_y vals:  tensor(4.7704e-08, dtype=torch.float64) tensor(2.2702, dtype=torch.float64)
psi_y_vals vals:  tensor(0.0165, dtype=torch.float64, grad_fn=<MinBackward1>) tensor(7805.6115, dtype=torch.float64, grad_fn=<MaxBackward1>)
phi_y_vals vals:  tensor(3.8215e-22, dtype=torch.float64) tensor(1.8966, dtype=torch.float64)
Q vals:  tensor(-9.7162e-06, dtype=torch.float64, grad_fn=<MinBackward1>) tensor(2.8140e-06, dtype=torch.float64, grad_fn=<MaxBackward1>)
(belief) log_density is nan or inf.
f vals:  tensor(-4707.9388, dtype=torch.float64, grad_fn=<MinBackward1>) tensor(-0.0012, dtype=torch.float64, grad_fn=<MaxBackward1>)
g_y vals:  tensor(5.1137e-08, dtype=torch.float64) tensor(2.2702, dtype=torch.float64)
psi_y_vals vals:  tensor(0.0164, dtype=torch.float64, grad_fn=<MinBackward1>) tensor(15932.9658, dtype=torch.float64, grad_fn=<MaxBackward1>)
phi_y_vals vals:  tensor(3.8215e-22, dtype=torch.float64) tensor(1.8966, dtype=torch.float64)
Q vals:  tensor(-1.8240e-05, dtype=torch.float64, grad_fn=<MinBackward1>) tensor(5.1488e-06, dtype=torch.float64, grad_fn=<MaxBackward1>)
(belief) log_density is nan or inf.
f vals:  tensor(-558.5793, dtype=torch.float64, grad_fn=<MinBackward1>) tensor(-0.0001, dtype=torch.float64, grad_fn=<MaxBackward1>)
g_y vals:  tensor(7.7851e-08, dtype=torch.float64) tensor(940.9332, dtype=torch.float64)
psi_y_vals vals:  tensor(0.0285, dtype=torch.float64, grad_fn=<MinBackward1>) tensor(11615.0729, dtype=torch.float64, grad_fn=<MaxBackward1>)
phi_y_vals vals:  tensor(1.4868e-21, dtype=torch.float64) tensor(2.6648, dtype=torch.float64)
Q vals:  tensor(-4.0910e-06, dtype=torch.float64, grad_fn=<MinBackward1>) tensor(1.1458e-06, dtype=torch.float64, grad_fn=<MaxBackward1>)
Epoch 70: Avg: nan, NLL: nan, LDB: 0.0000, Reg: 0.9401, PSD: True, nPSD streak: 0/10, time: 0.902
(belief) log_density is nan or inf.
f vals:  tensor(-20951.8471, dtype=torch.float64, grad_fn=<MinBackward1>) tensor(-0.0017, dtype=torch.float64, grad_fn=<MaxBackward1>)
g_y vals:  tensor(5.1431e-08, dtype=torch.float64) tensor(85.0738, dtype=torch.float64)
psi_y_vals vals:  tensor(0.0153, dtype=torch.float64, grad_fn=<MinBackward1>) tensor(18024.8842, dtype=torch.float64, grad_fn=<MaxBackward1>)
phi_y_vals vals:  tensor(1.4868e-21, dtype=torch.float64) tensor(1.2034, dtype=torch.float64)
Q vals:  tensor(-6.3570e-05, dtype=torch.float64, grad_fn=<MinBackward1>) tensor(1.7812e-05, dtype=torch.float64, grad_fn=<MaxBackward1>)
(belief) log_density is nan or inf.
f vals:  tensor(-3350.7786, dtype=torch.float64, grad_fn=<MinBackward1>) tensor(-0.0008, dtype=torch.float64, grad_fn=<MaxBackward1>)
g_y vals:  tensor(2.6590e-08, dtype=torch.float64) tensor(85.0738, dtype=torch.float64)
psi_y_vals vals:  tensor(0.0069, dtype=torch.float64, grad_fn=<MinBackward1>) tensor(12342.3110, dtype=torch.float64, grad_fn=<MaxBackward1>)
phi_y_vals vals:  tensor(6.4912e-21, dtype=torch.float64) tensor(4.7441, dtype=torch.float64)
Q vals:  tensor(-2.1810e-05, dtype=torch.float64, grad_fn=<MinBackward1>) tensor(6.1047e-06, dtype=torch.float64, grad_fn=<MaxBackward1>)
(belief) log_density is nan or inf.
f vals:  tensor(-159363.8929, dtype=torch.float64, grad_fn=<MinBackward1>) tensor(-0.0057, dtype=torch.float64, grad_fn=<MaxBackward1>)
g_y vals:  tensor(2.6590e-08, dtype=torch.float64) tensor(85.0738, dtype=torch.float64)
psi_y_vals vals:  tensor(0.0158, dtype=torch.float64, grad_fn=<MinBackward1>) tensor(20973.6417, dtype=torch.float64, grad_fn=<MaxBackward1>)
phi_y_vals vals:  tensor(2.7006e-22, dtype=torch.float64) tensor(1.2034, dtype=torch.float64)
Q vals:  tensor(-0.0004, dtype=torch.float64, grad_fn=<MinBackward1>) tensor(0.0001, dtype=torch.float64, grad_fn=<MaxBackward1>)
(belief) log_density is nan or inf.
f vals:  tensor(-4322.6497, dtype=torch.float64, grad_fn=<MinBackward1>) tensor(-0.0038, dtype=torch.float64, grad_fn=<MaxBackward1>)
g_y vals:  tensor(7.8374e-08, dtype=torch.float64) tensor(3.0570, dtype=torch.float64)
psi_y_vals vals:  tensor(0.0172, dtype=torch.float64, grad_fn=<MinBackward1>) tensor(15755.5561, dtype=torch.float64, grad_fn=<MaxBackward1>)
phi_y_vals vals:  tensor(4.3226e-21, dtype=torch.float64) tensor(0.5959, dtype=torch.float64)
Q vals:  tensor(-1.7297e-05, dtype=torch.float64, grad_fn=<MinBackward1>) tensor(4.7761e-06, dtype=torch.float64, grad_fn=<MaxBackward1>)
Epoch 80: Avg: 9.6473, NLL: 8.6965, LDB: 0.0000, Reg: 0.9508, PSD: True, nPSD streak: 0/10, time: 0.850
(belief) log_density is nan or inf.
f vals:  tensor(-1220.9781, dtype=torch.float64, grad_fn=<MinBackward1>) tensor(-8.6211e-05, dtype=torch.float64, grad_fn=<MaxBackward1>)
g_y vals:  tensor(5.1431e-08, dtype=torch.float64) tensor(85.0738, dtype=torch.float64)
psi_y_vals vals:  tensor(0.0180, dtype=torch.float64, grad_fn=<MinBackward1>) tensor(16748.2778, dtype=torch.float64, grad_fn=<MaxBackward1>)
phi_y_vals vals:  tensor(3.8215e-22, dtype=torch.float64) tensor(1.2034, dtype=torch.float64)
Q vals:  tensor(-4.3266e-06, dtype=torch.float64, grad_fn=<MinBackward1>) tensor(1.1986e-06, dtype=torch.float64, grad_fn=<MaxBackward1>)
(belief) log_density is nan or inf.
f vals:  tensor(-4587.0992, dtype=torch.float64, grad_fn=<MinBackward1>) tensor(-0.0004, dtype=torch.float64, grad_fn=<MaxBackward1>)
g_y vals:  tensor(4.5889e-08, dtype=torch.float64) tensor(940.9332, dtype=torch.float64)
psi_y_vals vals:  tensor(0.0088, dtype=torch.float64, grad_fn=<MinBackward1>) tensor(16530.9557, dtype=torch.float64, grad_fn=<MaxBackward1>)
phi_y_vals vals:  tensor(1.1676e-19, dtype=torch.float64) tensor(4.7441, dtype=torch.float64)
Q vals:  tensor(-1.6682e-05, dtype=torch.float64, grad_fn=<MinBackward1>) tensor(4.6284e-06, dtype=torch.float64, grad_fn=<MaxBackward1>)
(belief) log_density is nan or inf.
f vals:  tensor(-3089.5666, dtype=torch.float64, grad_fn=<MinBackward1>) tensor(-0.0002, dtype=torch.float64, grad_fn=<MaxBackward1>)
g_y vals:  tensor(5.1137e-08, dtype=torch.float64) tensor(1.9578, dtype=torch.float64)
psi_y_vals vals:  tensor(0.0271, dtype=torch.float64, grad_fn=<MinBackward1>) tensor(21984.1803, dtype=torch.float64, grad_fn=<MaxBackward1>)
phi_y_vals vals:  tensor(2.7006e-22, dtype=torch.float64) tensor(0.5446, dtype=torch.float64)
Q vals:  tensor(-6.3079e-06, dtype=torch.float64, grad_fn=<MinBackward1>) tensor(1.7503e-06, dtype=torch.float64, grad_fn=<MaxBackward1>)
(belief) log_density is nan or inf.
f vals:  tensor(-10988.6440, dtype=torch.float64, grad_fn=<MinBackward1>) tensor(-0.0004, dtype=torch.float64, grad_fn=<MaxBackward1>)
g_y vals:  tensor(2.6590e-08, dtype=torch.float64) tensor(85.0738, dtype=torch.float64)
psi_y_vals vals:  tensor(0.0274, dtype=torch.float64, grad_fn=<MinBackward1>) tensor(22648.7079, dtype=torch.float64, grad_fn=<MaxBackward1>)
phi_y_vals vals:  tensor(3.5108e-21, dtype=torch.float64) tensor(1.8966, dtype=torch.float64)
Q vals:  tensor(-2.1149e-05, dtype=torch.float64, grad_fn=<MinBackward1>) tensor(5.8704e-06, dtype=torch.float64, grad_fn=<MaxBackward1>)
Epoch 90: Avg: 9.9729, NLL: 9.0098, LDB: 0.0000, Reg: 0.9631, PSD: True, nPSD streak: 0/10, time: 0.876
(belief) log_density is nan or inf.
f vals:  tensor(-5580.2217, dtype=torch.float64, grad_fn=<MinBackward1>) tensor(-0.0002, dtype=torch.float64, grad_fn=<MaxBackward1>)
g_y vals:  tensor(5.1137e-08, dtype=torch.float64) tensor(19.6968, dtype=torch.float64)
psi_y_vals vals:  tensor(0.0103, dtype=torch.float64, grad_fn=<MinBackward1>) tensor(20179.2730, dtype=torch.float64, grad_fn=<MaxBackward1>)
phi_y_vals vals:  tensor(1.4868e-21, dtype=torch.float64) tensor(4.7441, dtype=torch.float64)
Q vals:  tensor(-1.3645e-05, dtype=torch.float64, grad_fn=<MinBackward1>) tensor(3.7390e-06, dtype=torch.float64, grad_fn=<MaxBackward1>)
(belief) log_density is nan or inf.
f vals:  tensor(-12422.6658, dtype=torch.float64, grad_fn=<MinBackward1>) tensor(-9.6590e-05, dtype=torch.float64, grad_fn=<MaxBackward1>)
g_y vals:  tensor(4.7704e-08, dtype=torch.float64) tensor(940.9332, dtype=torch.float64)
psi_y_vals vals:  tensor(0.0177, dtype=torch.float64, grad_fn=<MinBackward1>) tensor(23253.2392, dtype=torch.float64, grad_fn=<MaxBackward1>)
phi_y_vals vals:  tensor(3.8215e-22, dtype=torch.float64) tensor(2.6648, dtype=torch.float64)
Q vals:  tensor(-2.2926e-05, dtype=torch.float64, grad_fn=<MinBackward1>) tensor(6.2098e-06, dtype=torch.float64, grad_fn=<MaxBackward1>)
Epoch 100: Avg: nan, NLL: nan, LDB: 0.0000, Reg: 0.9771, PSD: True, nPSD streak: 0/10, time: 0.930
(belief) log_density is nan or inf.
f vals:  tensor(-88717.0888, dtype=torch.float64, grad_fn=<MinBackward1>) tensor(-0.0006, dtype=torch.float64, grad_fn=<MaxBackward1>)
g_y vals:  tensor(5.3562e-08, dtype=torch.float64) tensor(1.2725, dtype=torch.float64)
psi_y_vals vals:  tensor(0.0108, dtype=torch.float64, grad_fn=<MinBackward1>) tensor(27426.7544, dtype=torch.float64, grad_fn=<MaxBackward1>)
phi_y_vals vals:  tensor(6.4912e-21, dtype=torch.float64) tensor(0.5469, dtype=torch.float64)
Q vals:  tensor(-0.0001, dtype=torch.float64, grad_fn=<MinBackward1>) tensor(3.1818e-05, dtype=torch.float64, grad_fn=<MaxBackward1>)
(belief) log_density is nan or inf.
f vals:  tensor(-451452.0515, dtype=torch.float64, grad_fn=<MinBackward1>) tensor(-0.0184, dtype=torch.float64, grad_fn=<MaxBackward1>)
g_y vals:  tensor(2.6590e-08, dtype=torch.float64) tensor(85.0738, dtype=torch.float64)
psi_y_vals vals:  tensor(0.0258, dtype=torch.float64, grad_fn=<MinBackward1>) tensor(21358.3214, dtype=torch.float64, grad_fn=<MaxBackward1>)
phi_y_vals vals:  tensor(3.8215e-22, dtype=torch.float64) tensor(4.7441, dtype=torch.float64)
Q vals:  tensor(-0.0010, dtype=torch.float64, grad_fn=<MinBackward1>) tensor(0.0003, dtype=torch.float64, grad_fn=<MaxBackward1>)
(belief) log_density is nan or inf.
f vals:  tensor(-72306.2919, dtype=torch.float64, grad_fn=<MinBackward1>) tensor(-2.7226e-05, dtype=torch.float64, grad_fn=<MaxBackward1>)
g_y vals:  tensor(5.1431e-08, dtype=torch.float64) tensor(85.0738, dtype=torch.float64)
psi_y_vals vals:  tensor(0.0020, dtype=torch.float64, grad_fn=<MinBackward1>) tensor(18315.4978, dtype=torch.float64, grad_fn=<MaxBackward1>)
phi_y_vals vals:  tensor(2.7006e-22, dtype=torch.float64) tensor(1.2034, dtype=torch.float64)
Q vals:  tensor(-0.0002, dtype=torch.float64, grad_fn=<MinBackward1>) tensor(5.9136e-05, dtype=torch.float64, grad_fn=<MaxBackward1>)
(belief) log_density is nan or inf.
f vals:  tensor(-43501.8392, dtype=torch.float64, grad_fn=<MinBackward1>) tensor(-0.0003, dtype=torch.float64, grad_fn=<MaxBackward1>)
g_y vals:  tensor(5.1431e-08, dtype=torch.float64) tensor(3.0570, dtype=torch.float64)
psi_y_vals vals:  tensor(0.0132, dtype=torch.float64, grad_fn=<MinBackward1>) tensor(17731.4128, dtype=torch.float64, grad_fn=<MaxBackward1>)
phi_y_vals vals:  tensor(4.3226e-21, dtype=torch.float64) tensor(0.5959, dtype=torch.float64)
Q vals:  tensor(-0.0001, dtype=torch.float64, grad_fn=<MinBackward1>) tensor(3.7945e-05, dtype=torch.float64, grad_fn=<MaxBackward1>)
(belief) log_density is nan or inf.
f vals:  tensor(-17611.4390, dtype=torch.float64, grad_fn=<MinBackward1>) tensor(-4.8370e-06, dtype=torch.float64, grad_fn=<MaxBackward1>)
g_y vals:  tensor(2.6590e-08, dtype=torch.float64) tensor(85.0738, dtype=torch.float64)
psi_y_vals vals:  tensor(0.0019, dtype=torch.float64, grad_fn=<MinBackward1>) tensor(25066.5188, dtype=torch.float64, grad_fn=<MaxBackward1>)
phi_y_vals vals:  tensor(3.8215e-22, dtype=torch.float64) tensor(1.8966, dtype=torch.float64)
Q vals:  tensor(-2.7804e-05, dtype=torch.float64, grad_fn=<MinBackward1>) tensor(7.6375e-06, dtype=torch.float64, grad_fn=<MaxBackward1>)
(belief) log_density is nan or inf.
f vals:  tensor(-38653.3586, dtype=torch.float64, grad_fn=<MinBackward1>) tensor(-0.0004, dtype=torch.float64, grad_fn=<MaxBackward1>)
g_y vals:  tensor(4.7704e-08, dtype=torch.float64) tensor(14.2038, dtype=torch.float64)
psi_y_vals vals:  tensor(0.0136, dtype=torch.float64, grad_fn=<MinBackward1>) tensor(17345.2738, dtype=torch.float64, grad_fn=<MaxBackward1>)
phi_y_vals vals:  tensor(2.7006e-22, dtype=torch.float64) tensor(4.7441, dtype=torch.float64)
Q vals:  tensor(-0.0001, dtype=torch.float64, grad_fn=<MinBackward1>) tensor(3.5047e-05, dtype=torch.float64, grad_fn=<MaxBackward1>)
(belief) log_density is nan or inf.
f vals:  tensor(-37316.9795, dtype=torch.float64, grad_fn=<MinBackward1>) tensor(-0.0014, dtype=torch.float64, grad_fn=<MaxBackward1>)
g_y vals:  tensor(4.5889e-08, dtype=torch.float64) tensor(940.9332, dtype=torch.float64)
psi_y_vals vals:  tensor(0.0218, dtype=torch.float64, grad_fn=<MinBackward1>) tensor(24874.8438, dtype=torch.float64, grad_fn=<MaxBackward1>)
phi_y_vals vals:  tensor(1.4868e-21, dtype=torch.float64) tensor(2.6648, dtype=torch.float64)
Q vals:  tensor(-5.9823e-05, dtype=torch.float64, grad_fn=<MinBackward1>) tensor(1.6352e-05, dtype=torch.float64, grad_fn=<MaxBackward1>)
(belief) log_density is nan or inf.
f vals:  tensor(-94680.5667, dtype=torch.float64, grad_fn=<MinBackward1>) tensor(-0.0027, dtype=torch.float64, grad_fn=<MaxBackward1>)
g_y vals:  tensor(4.7704e-08, dtype=torch.float64) tensor(940.9332, dtype=torch.float64)
psi_y_vals vals:  tensor(0.0135, dtype=torch.float64, grad_fn=<MinBackward1>) tensor(17930.6585, dtype=torch.float64, grad_fn=<MaxBackward1>)
phi_y_vals vals:  tensor(6.4912e-21, dtype=torch.float64) tensor(4.7441, dtype=torch.float64)
Q vals:  tensor(-0.0003, dtype=torch.float64, grad_fn=<MinBackward1>) tensor(7.9602e-05, dtype=torch.float64, grad_fn=<MaxBackward1>)
(belief) log_density is nan or inf.
f vals:  tensor(-11054.9338, dtype=torch.float64, grad_fn=<MinBackward1>) tensor(-7.9266e-06, dtype=torch.float64, grad_fn=<MaxBackward1>)
g_y vals:  tensor(2.6590e-08, dtype=torch.float64) tensor(2.2702, dtype=torch.float64)
psi_y_vals vals:  tensor(0.0019, dtype=torch.float64, grad_fn=<MinBackward1>) tensor(17692.6363, dtype=torch.float64, grad_fn=<MaxBackward1>)
phi_y_vals vals:  tensor(3.8215e-22, dtype=torch.float64) tensor(1.8966, dtype=torch.float64)
Q vals:  tensor(-3.5229e-05, dtype=torch.float64, grad_fn=<MinBackward1>) tensor(9.5774e-06, dtype=torch.float64, grad_fn=<MaxBackward1>)
(belief) log_density is nan or inf.
f vals:  tensor(-45200.3609, dtype=torch.float64, grad_fn=<MinBackward1>) tensor(-0.0013, dtype=torch.float64, grad_fn=<MaxBackward1>)
g_y vals:  tensor(2.6590e-08, dtype=torch.float64) tensor(19.6968, dtype=torch.float64)
psi_y_vals vals:  tensor(0.0293, dtype=torch.float64, grad_fn=<MinBackward1>) tensor(20347.0377, dtype=torch.float64, grad_fn=<MaxBackward1>)
phi_y_vals vals:  tensor(4.3226e-21, dtype=torch.float64) tensor(0.5959, dtype=torch.float64)
Q vals:  tensor(-0.0001, dtype=torch.float64, grad_fn=<MinBackward1>) tensor(2.9342e-05, dtype=torch.float64, grad_fn=<MaxBackward1>)
(belief) log_density is nan or inf.
f vals:  tensor(-22913.8008, dtype=torch.float64, grad_fn=<MinBackward1>) tensor(-9.2275e-05, dtype=torch.float64, grad_fn=<MaxBackward1>)
g_y vals:  tensor(4.7704e-08, dtype=torch.float64) tensor(1.2725, dtype=torch.float64)
psi_y_vals vals:  tensor(0.0129, dtype=torch.float64, grad_fn=<MinBackward1>) tensor(22730.5756, dtype=torch.float64, grad_fn=<MaxBackward1>)
phi_y_vals vals:  tensor(3.8215e-22, dtype=torch.float64) tensor(1.1618, dtype=torch.float64)
Q vals:  tensor(-4.4265e-05, dtype=torch.float64, grad_fn=<MinBackward1>) tensor(1.1904e-05, dtype=torch.float64, grad_fn=<MaxBackward1>)
Epoch 110: Avg: nan, NLL: nan, LDB: 0.0000, Reg: 0.9920, PSD: True, nPSD streak: 0/10, time: 1.022
(belief) log_density is nan or inf.
f vals:  tensor(-163660.3742, dtype=torch.float64, grad_fn=<MinBackward1>) tensor(-0.0010, dtype=torch.float64, grad_fn=<MaxBackward1>)
g_y vals:  tensor(4.5889e-08, dtype=torch.float64) tensor(85.0738, dtype=torch.float64)
psi_y_vals vals:  tensor(0.0128, dtype=torch.float64, grad_fn=<MinBackward1>) tensor(19413.5061, dtype=torch.float64, grad_fn=<MaxBackward1>)
phi_y_vals vals:  tensor(3.7032e-20, dtype=torch.float64) tensor(4.7441, dtype=torch.float64)
Q vals:  tensor(-0.0004, dtype=torch.float64, grad_fn=<MinBackward1>) tensor(0.0001, dtype=torch.float64, grad_fn=<MaxBackward1>)
(belief) log_density is nan or inf.
f vals:  tensor(-30119.5002, dtype=torch.float64, grad_fn=<MinBackward1>) tensor(-0.0002, dtype=torch.float64, grad_fn=<MaxBackward1>)
g_y vals:  tensor(5.1431e-08, dtype=torch.float64) tensor(85.0738, dtype=torch.float64)
psi_y_vals vals:  tensor(0.0125, dtype=torch.float64, grad_fn=<MinBackward1>) tensor(25716.3262, dtype=torch.float64, grad_fn=<MaxBackward1>)
phi_y_vals vals:  tensor(1.1676e-19, dtype=torch.float64) tensor(1.8966, dtype=torch.float64)
Q vals:  tensor(-4.5469e-05, dtype=torch.float64, grad_fn=<MinBackward1>) tensor(1.1994e-05, dtype=torch.float64, grad_fn=<MaxBackward1>)
(belief) log_density is nan or inf.
f vals:  tensor(-214.9556, dtype=torch.float64, grad_fn=<MinBackward1>) tensor(-2.9356e-06, dtype=torch.float64, grad_fn=<MaxBackward1>)
g_y vals:  tensor(5.1137e-08, dtype=torch.float64) tensor(19.6968, dtype=torch.float64)
psi_y_vals vals:  tensor(0.0298, dtype=torch.float64, grad_fn=<MinBackward1>) tensor(21751.0446, dtype=torch.float64, grad_fn=<MaxBackward1>)
phi_y_vals vals:  tensor(3.8215e-22, dtype=torch.float64) tensor(0.3922, dtype=torch.float64)
Q vals:  tensor(-4.5313e-07, dtype=torch.float64, grad_fn=<MinBackward1>) tensor(1.1964e-07, dtype=torch.float64, grad_fn=<MaxBackward1>)
(belief) log_density is nan or inf.
f vals:  tensor(-108.7106, dtype=torch.float64, grad_fn=<MinBackward1>) tensor(-1.3881e-06, dtype=torch.float64, grad_fn=<MaxBackward1>)
g_y vals:  tensor(5.3436e-08, dtype=torch.float64) tensor(2.2702, dtype=torch.float64)
psi_y_vals vals:  tensor(0.0116, dtype=torch.float64, grad_fn=<MinBackward1>) tensor(20086.6792, dtype=torch.float64, grad_fn=<MaxBackward1>)
phi_y_vals vals:  tensor(1.4868e-21, dtype=torch.float64) tensor(1.8966, dtype=torch.float64)
Q vals:  tensor(-2.6860e-07, dtype=torch.float64, grad_fn=<MinBackward1>) tensor(7.1453e-08, dtype=torch.float64, grad_fn=<MaxBackward1>)
(belief) log_density is nan or inf.
f vals:  tensor(-6957.3331, dtype=torch.float64, grad_fn=<MinBackward1>) tensor(-1.4279e-06, dtype=torch.float64, grad_fn=<MaxBackward1>)
g_y vals:  tensor(2.6590e-08, dtype=torch.float64) tensor(26.6287, dtype=torch.float64)
psi_y_vals vals:  tensor(0.0014, dtype=torch.float64, grad_fn=<MinBackward1>) tensor(26221.4324, dtype=torch.float64, grad_fn=<MaxBackward1>)
phi_y_vals vals:  tensor(2.7006e-22, dtype=torch.float64) tensor(0.7508, dtype=torch.float64)
Q vals:  tensor(-1.0053e-05, dtype=torch.float64, grad_fn=<MinBackward1>) tensor(2.6920e-06, dtype=torch.float64, grad_fn=<MaxBackward1>)
(belief) log_density is nan or inf.
f vals:  tensor(-814.6204, dtype=torch.float64, grad_fn=<MinBackward1>) tensor(-2.2331e-07, dtype=torch.float64, grad_fn=<MaxBackward1>)
g_y vals:  tensor(4.5889e-08, dtype=torch.float64) tensor(1.9578, dtype=torch.float64)
psi_y_vals vals:  tensor(0.0012, dtype=torch.float64, grad_fn=<MinBackward1>) tensor(23196.7836, dtype=torch.float64, grad_fn=<MaxBackward1>)
phi_y_vals vals:  tensor(2.7006e-22, dtype=torch.float64) tensor(0.5233, dtype=torch.float64)
Q vals:  tensor(-1.5117e-06, dtype=torch.float64, grad_fn=<MinBackward1>) tensor(4.0926e-07, dtype=torch.float64, grad_fn=<MaxBackward1>)
(belief) log_density is nan or inf.
f vals:  tensor(-29.0275, dtype=torch.float64, grad_fn=<MinBackward1>) tensor(-4.9886e-08, dtype=torch.float64, grad_fn=<MaxBackward1>)
g_y vals:  tensor(2.6590e-08, dtype=torch.float64) tensor(3.0570, dtype=torch.float64)
psi_y_vals vals:  tensor(0.0084, dtype=torch.float64, grad_fn=<MinBackward1>) tensor(20899.1871, dtype=torch.float64, grad_fn=<MaxBackward1>)
phi_y_vals vals:  tensor(1.4778e-19, dtype=torch.float64) tensor(1.8966, dtype=torch.float64)
Q vals:  tensor(-6.6320e-08, dtype=torch.float64, grad_fn=<MinBackward1>) tensor(1.8035e-08, dtype=torch.float64, grad_fn=<MaxBackward1>)
(belief) log_density is nan or inf.
f vals:  tensor(-42815.1009, dtype=torch.float64, grad_fn=<MinBackward1>) tensor(-0.0004, dtype=torch.float64, grad_fn=<MaxBackward1>)
g_y vals:  tensor(5.1431e-08, dtype=torch.float64) tensor(85.0738, dtype=torch.float64)
psi_y_vals vals:  tensor(0.0188, dtype=torch.float64, grad_fn=<MinBackward1>) tensor(16222.0498, dtype=torch.float64, grad_fn=<MaxBackward1>)
phi_y_vals vals:  tensor(3.8215e-22, dtype=torch.float64) tensor(1.2034, dtype=torch.float64)
Q vals:  tensor(-0.0002, dtype=torch.float64, grad_fn=<MinBackward1>) tensor(4.4182e-05, dtype=torch.float64, grad_fn=<MaxBackward1>)
(belief) log_density is nan or inf.
f vals:  tensor(-22450.3112, dtype=torch.float64, grad_fn=<MinBackward1>) tensor(-1.0643e-05, dtype=torch.float64, grad_fn=<MaxBackward1>)
g_y vals:  tensor(4.5889e-08, dtype=torch.float64) tensor(2.2702, dtype=torch.float64)
psi_y_vals vals:  tensor(0.0011, dtype=torch.float64, grad_fn=<MinBackward1>) tensor(20315.5359, dtype=torch.float64, grad_fn=<MaxBackward1>)
phi_y_vals vals:  tensor(2.7006e-22, dtype=torch.float64) tensor(1.8966, dtype=torch.float64)
Q vals:  tensor(-5.4285e-05, dtype=torch.float64, grad_fn=<MinBackward1>) tensor(1.4868e-05, dtype=torch.float64, grad_fn=<MaxBackward1>)
(belief) log_density is nan or inf.
f vals:  tensor(-30753.4049, dtype=torch.float64, grad_fn=<MinBackward1>) tensor(-7.2116e-05, dtype=torch.float64, grad_fn=<MaxBackward1>)
g_y vals:  tensor(4.7704e-08, dtype=torch.float64) tensor(85.0738, dtype=torch.float64)
psi_y_vals vals:  tensor(0.0076, dtype=torch.float64, grad_fn=<MinBackward1>) tensor(16018.6963, dtype=torch.float64, grad_fn=<MaxBackward1>)
phi_y_vals vals:  tensor(3.5108e-21, dtype=torch.float64) tensor(4.7441, dtype=torch.float64)
Q vals:  tensor(-0.0001, dtype=torch.float64, grad_fn=<MinBackward1>) tensor(3.2750e-05, dtype=torch.float64, grad_fn=<MaxBackward1>)
(belief) log_density is nan or inf.
f vals:  tensor(-6169.0804, dtype=torch.float64, grad_fn=<MinBackward1>) tensor(-0.0001, dtype=torch.float64, grad_fn=<MaxBackward1>)
g_y vals:  tensor(5.1137e-08, dtype=torch.float64) tensor(3.0570, dtype=torch.float64)
psi_y_vals vals:  tensor(0.0178, dtype=torch.float64, grad_fn=<MinBackward1>) tensor(18698.7214, dtype=torch.float64, grad_fn=<MaxBackward1>)
phi_y_vals vals:  tensor(3.8215e-22, dtype=torch.float64) tensor(1.1618, dtype=torch.float64)
Q vals:  tensor(-1.7608e-05, dtype=torch.float64, grad_fn=<MinBackward1>) tensor(4.8479e-06, dtype=torch.float64, grad_fn=<MaxBackward1>)
(belief) log_density is nan or inf.
f vals:  tensor(-41.0740, dtype=torch.float64, grad_fn=<MinBackward1>) tensor(-5.0306e-07, dtype=torch.float64, grad_fn=<MaxBackward1>)
g_y vals:  tensor(2.6590e-08, dtype=torch.float64) tensor(940.9332, dtype=torch.float64)
psi_y_vals vals:  tensor(0.0216, dtype=torch.float64, grad_fn=<MinBackward1>) tensor(25055.9232, dtype=torch.float64, grad_fn=<MaxBackward1>)
phi_y_vals vals:  tensor(4.3226e-21, dtype=torch.float64) tensor(2.6648, dtype=torch.float64)
Q vals:  tensor(-6.5036e-08, dtype=torch.float64, grad_fn=<MinBackward1>) tensor(1.7941e-08, dtype=torch.float64, grad_fn=<MaxBackward1>)
(belief) log_density is nan or inf.
f vals:  tensor(-158.0794, dtype=torch.float64, grad_fn=<MinBackward1>) tensor(-4.0834e-06, dtype=torch.float64, grad_fn=<MaxBackward1>)
g_y vals:  tensor(4.5889e-08, dtype=torch.float64) tensor(85.0738, dtype=torch.float64)
psi_y_vals vals:  tensor(0.0170, dtype=torch.float64, grad_fn=<MinBackward1>) tensor(16121.8715, dtype=torch.float64, grad_fn=<MaxBackward1>)
phi_y_vals vals:  tensor(2.2900e-19, dtype=torch.float64) tensor(1.8966, dtype=torch.float64)
Q vals:  tensor(-6.0725e-07, dtype=torch.float64, grad_fn=<MinBackward1>) tensor(1.6778e-07, dtype=torch.float64, grad_fn=<MaxBackward1>)
(belief) log_density is nan or inf.
f vals:  tensor(-9701.0637, dtype=torch.float64, grad_fn=<MinBackward1>) tensor(-9.8067e-06, dtype=torch.float64, grad_fn=<MaxBackward1>)
g_y vals:  tensor(4.5889e-08, dtype=torch.float64) tensor(85.0738, dtype=torch.float64)
psi_y_vals vals:  tensor(0.0067, dtype=torch.float64, grad_fn=<MinBackward1>) tensor(24775.0840, dtype=torch.float64, grad_fn=<MaxBackward1>)
phi_y_vals vals:  tensor(2.7006e-22, dtype=torch.float64) tensor(4.7441, dtype=torch.float64)
Q vals:  tensor(-1.5714e-05, dtype=torch.float64, grad_fn=<MinBackward1>) tensor(4.3558e-06, dtype=torch.float64, grad_fn=<MaxBackward1>)
(belief) log_density is nan or inf.
f vals:  tensor(-5227.0510, dtype=torch.float64, grad_fn=<MinBackward1>) tensor(-5.5751e-06, dtype=torch.float64, grad_fn=<MaxBackward1>)
g_y vals:  tensor(5.3562e-08, dtype=torch.float64) tensor(940.9332, dtype=torch.float64)
psi_y_vals vals:  tensor(0.0009, dtype=torch.float64, grad_fn=<MinBackward1>) tensor(17820.6514, dtype=torch.float64, grad_fn=<MaxBackward1>)
phi_y_vals vals:  tensor(3.5108e-21, dtype=torch.float64) tensor(2.6648, dtype=torch.float64)
Q vals:  tensor(-1.6421e-05, dtype=torch.float64, grad_fn=<MinBackward1>) tensor(4.5513e-06, dtype=torch.float64, grad_fn=<MaxBackward1>)
(belief) log_density is nan or inf.
f vals:  tensor(-7007.5860, dtype=torch.float64, grad_fn=<MinBackward1>) tensor(-1.4037e-05, dtype=torch.float64, grad_fn=<MaxBackward1>)
g_y vals:  tensor(2.6590e-08, dtype=torch.float64) tensor(940.9332, dtype=torch.float64)
psi_y_vals vals:  tensor(0.0065, dtype=torch.float64, grad_fn=<MinBackward1>) tensor(19015.3826, dtype=torch.float64, grad_fn=<MaxBackward1>)
phi_y_vals vals:  tensor(6.4912e-21, dtype=torch.float64) tensor(2.6648, dtype=torch.float64)
Q vals:  tensor(-1.9353e-05, dtype=torch.float64, grad_fn=<MinBackward1>) tensor(5.3511e-06, dtype=torch.float64, grad_fn=<MaxBackward1>)
Epoch 120: Avg: 11.5062, NLL: 10.4977, LDB: 0.0000, Reg: 1.0085, PSD: True, nPSD streak: 0/10, time: 0.958
(belief) log_density is nan or inf.
f vals:  tensor(-324464.7481, dtype=torch.float64, grad_fn=<MinBackward1>) tensor(-0.0002, dtype=torch.float64, grad_fn=<MaxBackward1>)
g_y vals:  tensor(5.2267e-08, dtype=torch.float64) tensor(26.6287, dtype=torch.float64)
psi_y_vals vals:  tensor(0.0010, dtype=torch.float64, grad_fn=<MinBackward1>) tensor(17321.0756, dtype=torch.float64, grad_fn=<MaxBackward1>)
phi_y_vals vals:  tensor(3.5108e-21, dtype=torch.float64) tensor(1.1618, dtype=torch.float64)
Q vals:  tensor(-0.0011, dtype=torch.float64, grad_fn=<MinBackward1>) tensor(0.0003, dtype=torch.float64, grad_fn=<MaxBackward1>)
(belief) log_density is nan or inf.
f vals:  tensor(-3910.2908, dtype=torch.float64, grad_fn=<MinBackward1>) tensor(-1.7095e-05, dtype=torch.float64, grad_fn=<MaxBackward1>)
g_y vals:  tensor(4.5889e-08, dtype=torch.float64) tensor(3.0570, dtype=torch.float64)
psi_y_vals vals:  tensor(0.0074, dtype=torch.float64, grad_fn=<MinBackward1>) tensor(21871.2151, dtype=torch.float64, grad_fn=<MaxBackward1>)
phi_y_vals vals:  tensor(2.7006e-22, dtype=torch.float64) tensor(0.5959, dtype=torch.float64)
Q vals:  tensor(-8.1642e-06, dtype=torch.float64, grad_fn=<MinBackward1>) tensor(2.1949e-06, dtype=torch.float64, grad_fn=<MaxBackward1>)
(belief) log_density is nan or inf.
f vals:  tensor(-826.0215, dtype=torch.float64, grad_fn=<MinBackward1>) tensor(-2.2015e-05, dtype=torch.float64, grad_fn=<MaxBackward1>)
g_y vals:  tensor(5.3436e-08, dtype=torch.float64) tensor(940.9332, dtype=torch.float64)
psi_y_vals vals:  tensor(0.0097, dtype=torch.float64, grad_fn=<MinBackward1>) tensor(21183.4075, dtype=torch.float64, grad_fn=<MaxBackward1>)
phi_y_vals vals:  tensor(1.4868e-21, dtype=torch.float64) tensor(2.6648, dtype=torch.float64)
Q vals:  tensor(-1.8368e-06, dtype=torch.float64, grad_fn=<MinBackward1>) tensor(4.9153e-07, dtype=torch.float64, grad_fn=<MaxBackward1>)
(belief) log_density is nan or inf.
f vals:  tensor(-2354.1329, dtype=torch.float64, grad_fn=<MinBackward1>) tensor(-3.7198e-05, dtype=torch.float64, grad_fn=<MaxBackward1>)
g_y vals:  tensor(5.2267e-08, dtype=torch.float64) tensor(85.0738, dtype=torch.float64)
psi_y_vals vals:  tensor(0.0166, dtype=torch.float64, grad_fn=<MinBackward1>) tensor(26806.8586, dtype=torch.float64, grad_fn=<MaxBackward1>)
phi_y_vals vals:  tensor(1.4868e-21, dtype=torch.float64) tensor(1.2034, dtype=torch.float64)
Q vals:  tensor(-3.2583e-06, dtype=torch.float64, grad_fn=<MinBackward1>) tensor(8.6142e-07, dtype=torch.float64, grad_fn=<MaxBackward1>)
(belief) log_density is nan or inf.
f vals:  tensor(-12539.2711, dtype=torch.float64, grad_fn=<MinBackward1>) tensor(-0.0001, dtype=torch.float64, grad_fn=<MaxBackward1>)
g_y vals:  tensor(4.7704e-08, dtype=torch.float64) tensor(85.0738, dtype=torch.float64)
psi_y_vals vals:  tensor(0.0080, dtype=torch.float64, grad_fn=<MinBackward1>) tensor(21210.8077, dtype=torch.float64, grad_fn=<MaxBackward1>)
phi_y_vals vals:  tensor(3.7032e-20, dtype=torch.float64) tensor(4.7441, dtype=torch.float64)
Q vals:  tensor(-2.7820e-05, dtype=torch.float64, grad_fn=<MinBackward1>) tensor(7.2960e-06, dtype=torch.float64, grad_fn=<MaxBackward1>)
(belief) log_density is nan or inf.
f vals:  tensor(-8982.9381, dtype=torch.float64, grad_fn=<MinBackward1>) tensor(-0.0007, dtype=torch.float64, grad_fn=<MaxBackward1>)
g_y vals:  tensor(2.6590e-08, dtype=torch.float64) tensor(85.0738, dtype=torch.float64)
psi_y_vals vals:  tensor(0.0100, dtype=torch.float64, grad_fn=<MinBackward1>) tensor(21899.8810, dtype=torch.float64, grad_fn=<MaxBackward1>)
phi_y_vals vals:  tensor(3.8215e-22, dtype=torch.float64) tensor(1.8966, dtype=torch.float64)
Q vals:  tensor(-1.8687e-05, dtype=torch.float64, grad_fn=<MinBackward1>) tensor(4.8786e-06, dtype=torch.float64, grad_fn=<MaxBackward1>)
(belief) log_density is nan or inf.
f vals:  tensor(-116079.5377, dtype=torch.float64, grad_fn=<MinBackward1>) tensor(-0.0007, dtype=torch.float64, grad_fn=<MaxBackward1>)
g_y vals:  tensor(4.5889e-08, dtype=torch.float64) tensor(14.2038, dtype=torch.float64)
psi_y_vals vals:  tensor(0.0083, dtype=torch.float64, grad_fn=<MinBackward1>) tensor(25842.1101, dtype=torch.float64, grad_fn=<MaxBackward1>)
phi_y_vals vals:  tensor(3.8215e-22, dtype=torch.float64) tensor(4.7441, dtype=torch.float64)
Q vals:  tensor(-0.0002, dtype=torch.float64, grad_fn=<MinBackward1>) tensor(4.4792e-05, dtype=torch.float64, grad_fn=<MaxBackward1>)
Epoch 130: Avg: nan, NLL: nan, LDB: 0.0000, Reg: 1.0198, PSD: True, nPSD streak: 0/10, time: 0.944
(belief) log_density is nan or inf.
f vals:  tensor(-632224.2470, dtype=torch.float64, grad_fn=<MinBackward1>) tensor(-0.0004, dtype=torch.float64, grad_fn=<MaxBackward1>)
g_y vals:  tensor(4.5889e-08, dtype=torch.float64) tensor(940.9332, dtype=torch.float64)
psi_y_vals vals:  tensor(0.0013, dtype=torch.float64, grad_fn=<MinBackward1>) tensor(35811.8786, dtype=torch.float64, grad_fn=<MaxBackward1>)
phi_y_vals vals:  tensor(2.7006e-22, dtype=torch.float64) tensor(2.6648, dtype=torch.float64)
Q vals:  tensor(-0.0005, dtype=torch.float64, grad_fn=<MinBackward1>) tensor(0.0001, dtype=torch.float64, grad_fn=<MaxBackward1>)
(belief) log_density is nan or inf.
f vals:  tensor(-5121.9563, dtype=torch.float64, grad_fn=<MinBackward1>) tensor(-0.0010, dtype=torch.float64, grad_fn=<MaxBackward1>)
g_y vals:  tensor(5.1137e-08, dtype=torch.float64) tensor(940.9332, dtype=torch.float64)
psi_y_vals vals:  tensor(0.0111, dtype=torch.float64, grad_fn=<MinBackward1>) tensor(31860.9765, dtype=torch.float64, grad_fn=<MaxBackward1>)
phi_y_vals vals:  tensor(1.4868e-21, dtype=torch.float64) tensor(2.6648, dtype=torch.float64)
Q vals:  tensor(-5.0233e-06, dtype=torch.float64, grad_fn=<MinBackward1>) tensor(1.2534e-06, dtype=torch.float64, grad_fn=<MaxBackward1>)
(belief) log_density is nan or inf.
f vals:  tensor(-10384.7162, dtype=torch.float64, grad_fn=<MinBackward1>) tensor(-8.4987e-05, dtype=torch.float64, grad_fn=<MaxBackward1>)
g_y vals:  tensor(2.6590e-08, dtype=torch.float64) tensor(14.2038, dtype=torch.float64)
psi_y_vals vals:  tensor(0.0087, dtype=torch.float64, grad_fn=<MinBackward1>) tensor(36290.3616, dtype=torch.float64, grad_fn=<MaxBackward1>)
phi_y_vals vals:  tensor(1.8215e-19, dtype=torch.float64) tensor(4.7441, dtype=torch.float64)
Q vals:  tensor(-7.8787e-06, dtype=torch.float64, grad_fn=<MinBackward1>) tensor(1.9595e-06, dtype=torch.float64, grad_fn=<MaxBackward1>)
(belief) log_density is nan or inf.
f vals:  tensor(-1286660.2292, dtype=torch.float64, grad_fn=<MinBackward1>) tensor(-0.0095, dtype=torch.float64, grad_fn=<MaxBackward1>)
g_y vals:  tensor(5.3562e-08, dtype=torch.float64) tensor(1.2725, dtype=torch.float64)
psi_y_vals vals:  tensor(0.0218, dtype=torch.float64, grad_fn=<MinBackward1>) tensor(32796.8818, dtype=torch.float64, grad_fn=<MaxBackward1>)
phi_y_vals vals:  tensor(2.7006e-22, dtype=torch.float64) tensor(0.5959, dtype=torch.float64)
Q vals:  tensor(-0.0012, dtype=torch.float64, grad_fn=<MinBackward1>) tensor(0.0003, dtype=torch.float64, grad_fn=<MaxBackward1>)
Epoch 140: Avg: nan, NLL: nan, LDB: 0.0000, Reg: 1.0338, PSD: True, nPSD streak: 0/10, time: 0.879
(belief) log_density is nan or inf.
f vals:  tensor(-1662329.6163, dtype=torch.float64, grad_fn=<MinBackward1>) tensor(-0.1386, dtype=torch.float64, grad_fn=<MaxBackward1>)
g_y vals:  tensor(5.1431e-08, dtype=torch.float64) tensor(3.0570, dtype=torch.float64)
psi_y_vals vals:  tensor(0.0373, dtype=torch.float64, grad_fn=<MinBackward1>) tensor(33666.4718, dtype=torch.float64, grad_fn=<MaxBackward1>)
phi_y_vals vals:  tensor(3.8215e-22, dtype=torch.float64) tensor(1.1618, dtype=torch.float64)
Q vals:  tensor(-0.0015, dtype=torch.float64, grad_fn=<MinBackward1>) tensor(0.0004, dtype=torch.float64, grad_fn=<MaxBackward1>)
(belief) log_density is nan or inf.
f vals:  tensor(-36926.2857, dtype=torch.float64, grad_fn=<MinBackward1>) tensor(-0.0053, dtype=torch.float64, grad_fn=<MaxBackward1>)
g_y vals:  tensor(4.7704e-08, dtype=torch.float64) tensor(940.9332, dtype=torch.float64)
psi_y_vals vals:  tensor(0.0205, dtype=torch.float64, grad_fn=<MinBackward1>) tensor(36629.8460, dtype=torch.float64, grad_fn=<MaxBackward1>)
phi_y_vals vals:  tensor(6.4912e-21, dtype=torch.float64) tensor(2.6648, dtype=torch.float64)
Q vals:  tensor(-2.7501e-05, dtype=torch.float64, grad_fn=<MinBackward1>) tensor(6.6205e-06, dtype=torch.float64, grad_fn=<MaxBackward1>)
(belief) log_density is nan or inf.
f vals:  tensor(-717733.2153, dtype=torch.float64, grad_fn=<MinBackward1>) tensor(-0.0004, dtype=torch.float64, grad_fn=<MaxBackward1>)
g_y vals:  tensor(2.6590e-08, dtype=torch.float64) tensor(940.9332, dtype=torch.float64)
psi_y_vals vals:  tensor(0.0016, dtype=torch.float64, grad_fn=<MinBackward1>) tensor(46375.0435, dtype=torch.float64, grad_fn=<MaxBackward1>)
phi_y_vals vals:  tensor(4.3226e-21, dtype=torch.float64) tensor(2.6648, dtype=torch.float64)
Q vals:  tensor(-0.0003, dtype=torch.float64, grad_fn=<MinBackward1>) tensor(8.0737e-05, dtype=torch.float64, grad_fn=<MaxBackward1>)
(belief) log_density is nan or inf.
f vals:  tensor(-329103.0360, dtype=torch.float64, grad_fn=<MinBackward1>) tensor(-0.0121, dtype=torch.float64, grad_fn=<MaxBackward1>)
g_y vals:  tensor(4.5889e-08, dtype=torch.float64) tensor(85.0738, dtype=torch.float64)
psi_y_vals vals:  tensor(0.0231, dtype=torch.float64, grad_fn=<MinBackward1>) tensor(38503.7615, dtype=torch.float64, grad_fn=<MaxBackward1>)
phi_y_vals vals:  tensor(1.4868e-21, dtype=torch.float64) tensor(1.2034, dtype=torch.float64)
Q vals:  tensor(-0.0002, dtype=torch.float64, grad_fn=<MinBackward1>) tensor(5.3741e-05, dtype=torch.float64, grad_fn=<MaxBackward1>)
(belief) log_density is nan or inf.
f vals:  tensor(-744046.9973, dtype=torch.float64, grad_fn=<MinBackward1>) tensor(-0.0564, dtype=torch.float64, grad_fn=<MaxBackward1>)
g_y vals:  tensor(5.1137e-08, dtype=torch.float64) tensor(14.2038, dtype=torch.float64)
psi_y_vals vals:  tensor(0.0121, dtype=torch.float64, grad_fn=<MinBackward1>) tensor(37867.9029, dtype=torch.float64, grad_fn=<MaxBackward1>)
phi_y_vals vals:  tensor(2.7006e-22, dtype=torch.float64) tensor(4.7441, dtype=torch.float64)
Q vals:  tensor(-0.0005, dtype=torch.float64, grad_fn=<MinBackward1>) tensor(0.0001, dtype=torch.float64, grad_fn=<MaxBackward1>)
(belief) log_density is nan or inf.
f vals:  tensor(-149595.2235, dtype=torch.float64, grad_fn=<MinBackward1>) tensor(-0.0013, dtype=torch.float64, grad_fn=<MaxBackward1>)
g_y vals:  tensor(2.6590e-08, dtype=torch.float64) tensor(0.3977, dtype=torch.float64)
psi_y_vals vals:  tensor(0.0103, dtype=torch.float64, grad_fn=<MinBackward1>) tensor(39946.0470, dtype=torch.float64, grad_fn=<MaxBackward1>)
phi_y_vals vals:  tensor(5.2553e-20, dtype=torch.float64) tensor(0.7939, dtype=torch.float64)
Q vals:  tensor(-9.3649e-05, dtype=torch.float64, grad_fn=<MinBackward1>) tensor(2.2698e-05, dtype=torch.float64, grad_fn=<MaxBackward1>)
(belief) log_density is nan or inf.
f vals:  tensor(-30376.5641, dtype=torch.float64, grad_fn=<MinBackward1>) tensor(-1.7078e-05, dtype=torch.float64, grad_fn=<MaxBackward1>)
g_y vals:  tensor(5.3436e-08, dtype=torch.float64) tensor(19.6968, dtype=torch.float64)
psi_y_vals vals:  tensor(0.0017, dtype=torch.float64, grad_fn=<MinBackward1>) tensor(41711.9419, dtype=torch.float64, grad_fn=<MaxBackward1>)
phi_y_vals vals:  tensor(2.7006e-22, dtype=torch.float64) tensor(0.5233, dtype=torch.float64)
Q vals:  tensor(-1.7404e-05, dtype=torch.float64, grad_fn=<MinBackward1>) tensor(4.2051e-06, dtype=torch.float64, grad_fn=<MaxBackward1>)
Epoch 150: Avg: nan, NLL: nan, LDB: 0.0000, Reg: 1.0497, PSD: True, nPSD streak: 0/10, time: 1.002
(belief) log_density is nan or inf.
f vals:  tensor(-665627.1330, dtype=torch.float64, grad_fn=<MinBackward1>) tensor(-0.0151, dtype=torch.float64, grad_fn=<MaxBackward1>)
g_y vals:  tensor(4.7704e-08, dtype=torch.float64) tensor(3.0570, dtype=torch.float64)
psi_y_vals vals:  tensor(0.0125, dtype=torch.float64, grad_fn=<MinBackward1>) tensor(40019.9920, dtype=torch.float64, grad_fn=<MaxBackward1>)
phi_y_vals vals:  tensor(1.4868e-21, dtype=torch.float64) tensor(1.8966, dtype=torch.float64)
Q vals:  tensor(-0.0004, dtype=torch.float64, grad_fn=<MinBackward1>) tensor(0.0001, dtype=torch.float64, grad_fn=<MaxBackward1>)
(belief) log_density is nan or inf.
f vals:  tensor(-1786080.1337, dtype=torch.float64, grad_fn=<MinBackward1>) tensor(-0.0010, dtype=torch.float64, grad_fn=<MaxBackward1>)
g_y vals:  tensor(2.6590e-08, dtype=torch.float64) tensor(19.6968, dtype=torch.float64)
psi_y_vals vals:  tensor(0.0017, dtype=torch.float64, grad_fn=<MinBackward1>) tensor(40513.9548, dtype=torch.float64, grad_fn=<MaxBackward1>)
phi_y_vals vals:  tensor(4.3226e-21, dtype=torch.float64) tensor(4.7441, dtype=torch.float64)
Q vals:  tensor(-0.0011, dtype=torch.float64, grad_fn=<MinBackward1>) tensor(0.0003, dtype=torch.float64, grad_fn=<MaxBackward1>)
(belief) log_density is nan or inf.
f vals:  tensor(-1305985.3781, dtype=torch.float64, grad_fn=<MinBackward1>) tensor(-0.6466, dtype=torch.float64, grad_fn=<MaxBackward1>)
g_y vals:  tensor(2.6590e-08, dtype=torch.float64) tensor(0.3977, dtype=torch.float64)
psi_y_vals vals:  tensor(0.0320, dtype=torch.float64, grad_fn=<MinBackward1>) tensor(42676.7895, dtype=torch.float64, grad_fn=<MaxBackward1>)
phi_y_vals vals:  tensor(2.5411e-19, dtype=torch.float64) tensor(0.7939, dtype=torch.float64)
Q vals:  tensor(-0.0007, dtype=torch.float64, grad_fn=<MinBackward1>) tensor(0.0002, dtype=torch.float64, grad_fn=<MaxBackward1>)
Epoch 160: Avg: 7.2254, NLL: 6.1581, LDB: 0.0000, Reg: 1.0673, PSD: True, nPSD streak: 0/10, time: 0.885
(belief) log_density is nan or inf.
f vals:  tensor(-555455.6738, dtype=torch.float64, grad_fn=<MinBackward1>) tensor(-4.3462e-05, dtype=torch.float64, grad_fn=<MaxBackward1>)
g_y vals:  tensor(4.5889e-08, dtype=torch.float64) tensor(14.2038, dtype=torch.float64)
psi_y_vals vals:  tensor(0.0019, dtype=torch.float64, grad_fn=<MinBackward1>) tensor(51579.5190, dtype=torch.float64, grad_fn=<MaxBackward1>)
phi_y_vals vals:  tensor(5.2553e-20, dtype=torch.float64) tensor(4.7441, dtype=torch.float64)
Q vals:  tensor(-0.0002, dtype=torch.float64, grad_fn=<MinBackward1>) tensor(4.6818e-05, dtype=torch.float64, grad_fn=<MaxBackward1>)
(belief) log_density is nan or inf.
f vals:  tensor(-54178.6107, dtype=torch.float64, grad_fn=<MinBackward1>) tensor(-0.0006, dtype=torch.float64, grad_fn=<MaxBackward1>)
g_y vals:  tensor(5.1137e-08, dtype=torch.float64) tensor(19.6968, dtype=torch.float64)
psi_y_vals vals:  tensor(0.0201, dtype=torch.float64, grad_fn=<MinBackward1>) tensor(49980.7553, dtype=torch.float64, grad_fn=<MaxBackward1>)
phi_y_vals vals:  tensor(2.7006e-22, dtype=torch.float64) tensor(0.7939, dtype=torch.float64)
Q vals:  tensor(-2.1672e-05, dtype=torch.float64, grad_fn=<MinBackward1>) tensor(4.8001e-06, dtype=torch.float64, grad_fn=<MaxBackward1>)
Epoch 170: Avg: nan, NLL: nan, LDB: 0.0000, Reg: 1.0838, PSD: True, nPSD streak: 0/10, time: 1.000
(belief) log_density is nan or inf.
f vals:  tensor(-83646.4032, dtype=torch.float64, grad_fn=<MinBackward1>) tensor(-0.0002, dtype=torch.float64, grad_fn=<MaxBackward1>)
g_y vals:  tensor(7.8374e-08, dtype=torch.float64) tensor(26.6287, dtype=torch.float64)
psi_y_vals vals:  tensor(0.0237, dtype=torch.float64, grad_fn=<MinBackward1>) tensor(49223.0007, dtype=torch.float64, grad_fn=<MaxBackward1>)
phi_y_vals vals:  tensor(6.4912e-21, dtype=torch.float64) tensor(4.7441, dtype=torch.float64)
Q vals:  tensor(-3.4440e-05, dtype=torch.float64, grad_fn=<MinBackward1>) tensor(7.5695e-06, dtype=torch.float64, grad_fn=<MaxBackward1>)
(belief) log_density is nan or inf.
f vals:  tensor(-187403.8018, dtype=torch.float64, grad_fn=<MinBackward1>) tensor(-2.0353e-05, dtype=torch.float64, grad_fn=<MaxBackward1>)
g_y vals:  tensor(4.7704e-08, dtype=torch.float64) tensor(85.0738, dtype=torch.float64)
psi_y_vals vals:  tensor(0.0019, dtype=torch.float64, grad_fn=<MinBackward1>) tensor(47244.9502, dtype=torch.float64, grad_fn=<MaxBackward1>)
phi_y_vals vals:  tensor(1.4868e-21, dtype=torch.float64) tensor(1.2034, dtype=torch.float64)
Q vals:  tensor(-8.3920e-05, dtype=torch.float64, grad_fn=<MinBackward1>) tensor(1.8339e-05, dtype=torch.float64, grad_fn=<MaxBackward1>)
(belief) log_density is nan or inf.
f vals:  tensor(-38999.0350, dtype=torch.float64, grad_fn=<MinBackward1>) tensor(-7.4215e-05, dtype=torch.float64, grad_fn=<MaxBackward1>)
g_y vals:  tensor(4.5889e-08, dtype=torch.float64) tensor(940.9332, dtype=torch.float64)
psi_y_vals vals:  tensor(0.0352, dtype=torch.float64, grad_fn=<MinBackward1>) tensor(52626.0789, dtype=torch.float64, grad_fn=<MaxBackward1>)
phi_y_vals vals:  tensor(3.5108e-21, dtype=torch.float64) tensor(2.6648, dtype=torch.float64)
Q vals:  tensor(-1.4072e-05, dtype=torch.float64, grad_fn=<MinBackward1>) tensor(3.0730e-06, dtype=torch.float64, grad_fn=<MaxBackward1>)
(belief) log_density is nan or inf.
f vals:  tensor(-853174.3617, dtype=torch.float64, grad_fn=<MinBackward1>) tensor(-0.0051, dtype=torch.float64, grad_fn=<MaxBackward1>)
g_y vals:  tensor(4.5889e-08, dtype=torch.float64) tensor(85.0738, dtype=torch.float64)
psi_y_vals vals:  tensor(0.0238, dtype=torch.float64, grad_fn=<MinBackward1>) tensor(55691.8308, dtype=torch.float64, grad_fn=<MaxBackward1>)
phi_y_vals vals:  tensor(3.8215e-22, dtype=torch.float64) tensor(1.8966, dtype=torch.float64)
Q vals:  tensor(-0.0003, dtype=torch.float64, grad_fn=<MinBackward1>) tensor(5.9257e-05, dtype=torch.float64, grad_fn=<MaxBackward1>)
Epoch 180: Avg: nan, NLL: nan, LDB: 0.0000, Reg: 1.1008, PSD: True, nPSD streak: 0/10, time: 0.892
(belief) log_density is nan or inf.
f vals:  tensor(-963036.6076, dtype=torch.float64, grad_fn=<MinBackward1>) tensor(-0.0009, dtype=torch.float64, grad_fn=<MaxBackward1>)
g_y vals:  tensor(4.7704e-08, dtype=torch.float64) tensor(940.9332, dtype=torch.float64)
psi_y_vals vals:  tensor(0.0245, dtype=torch.float64, grad_fn=<MinBackward1>) tensor(53264.1561, dtype=torch.float64, grad_fn=<MaxBackward1>)
phi_y_vals vals:  tensor(6.4912e-21, dtype=torch.float64) tensor(4.7441, dtype=torch.float64)
Q vals:  tensor(-0.0003, dtype=torch.float64, grad_fn=<MinBackward1>) tensor(7.2421e-05, dtype=torch.float64, grad_fn=<MaxBackward1>)
(belief) log_density is nan or inf.
f vals:  tensor(-908899.1836, dtype=torch.float64, grad_fn=<MinBackward1>) tensor(-5.0162e-05, dtype=torch.float64, grad_fn=<MaxBackward1>)
g_y vals:  tensor(5.1431e-08, dtype=torch.float64) tensor(940.9332, dtype=torch.float64)
psi_y_vals vals:  tensor(0.0018, dtype=torch.float64, grad_fn=<MinBackward1>) tensor(48036.9511, dtype=torch.float64, grad_fn=<MaxBackward1>)
phi_y_vals vals:  tensor(3.8215e-22, dtype=torch.float64) tensor(2.6648, dtype=torch.float64)
Q vals:  tensor(-0.0004, dtype=torch.float64, grad_fn=<MinBackward1>) tensor(8.4109e-05, dtype=torch.float64, grad_fn=<MaxBackward1>)
(belief) log_density is nan or inf.
f vals:  tensor(-698332.8710, dtype=torch.float64, grad_fn=<MinBackward1>) tensor(-0.0003, dtype=torch.float64, grad_fn=<MaxBackward1>)
g_y vals:  tensor(4.7704e-08, dtype=torch.float64) tensor(2.2702, dtype=torch.float64)
psi_y_vals vals:  tensor(0.0220, dtype=torch.float64, grad_fn=<MinBackward1>) tensor(57570.8340, dtype=torch.float64, grad_fn=<MaxBackward1>)
phi_y_vals vals:  tensor(1.4868e-21, dtype=torch.float64) tensor(1.8966, dtype=torch.float64)
Q vals:  tensor(-0.0002, dtype=torch.float64, grad_fn=<MinBackward1>) tensor(4.4967e-05, dtype=torch.float64, grad_fn=<MaxBackward1>)
(belief) log_density is nan or inf.
f vals:  tensor(-59180.1941, dtype=torch.float64, grad_fn=<MinBackward1>) tensor(-0.0001, dtype=torch.float64, grad_fn=<MaxBackward1>)
g_y vals:  tensor(2.6590e-08, dtype=torch.float64) tensor(85.0738, dtype=torch.float64)
psi_y_vals vals:  tensor(0.0239, dtype=torch.float64, grad_fn=<MinBackward1>) tensor(50960.6617, dtype=torch.float64, grad_fn=<MaxBackward1>)
phi_y_vals vals:  tensor(3.5108e-21, dtype=torch.float64) tensor(1.2034, dtype=torch.float64)
Q vals:  tensor(-2.2777e-05, dtype=torch.float64, grad_fn=<MinBackward1>) tensor(4.8621e-06, dtype=torch.float64, grad_fn=<MaxBackward1>)
(belief) log_density is nan or inf.
f vals:  tensor(-38417.7033, dtype=torch.float64, grad_fn=<MinBackward1>) tensor(-0.0003, dtype=torch.float64, grad_fn=<MaxBackward1>)
g_y vals:  tensor(8.4875e-08, dtype=torch.float64) tensor(14.2038, dtype=torch.float64)
psi_y_vals vals:  tensor(0.0126, dtype=torch.float64, grad_fn=<MinBackward1>) tensor(47168.0944, dtype=torch.float64, grad_fn=<MaxBackward1>)
phi_y_vals vals:  tensor(2.7006e-22, dtype=torch.float64) tensor(4.7441, dtype=torch.float64)
Q vals:  tensor(-1.7257e-05, dtype=torch.float64, grad_fn=<MinBackward1>) tensor(3.6815e-06, dtype=torch.float64, grad_fn=<MaxBackward1>)
(belief) log_density is nan or inf.
f vals:  tensor(-1457298.9150, dtype=torch.float64, grad_fn=<MinBackward1>) tensor(-7.9646e-05, dtype=torch.float64, grad_fn=<MaxBackward1>)
g_y vals:  tensor(5.1431e-08, dtype=torch.float64) tensor(19.6968, dtype=torch.float64)
psi_y_vals vals:  tensor(0.0017, dtype=torch.float64, grad_fn=<MinBackward1>) tensor(47152.9340, dtype=torch.float64, grad_fn=<MaxBackward1>)
phi_y_vals vals:  tensor(2.7006e-22, dtype=torch.float64) tensor(4.7441, dtype=torch.float64)
Q vals:  tensor(-0.0007, dtype=torch.float64, grad_fn=<MinBackward1>) tensor(0.0001, dtype=torch.float64, grad_fn=<MaxBackward1>)
(belief) log_density is nan or inf.
f vals:  tensor(-332512.6563, dtype=torch.float64, grad_fn=<MinBackward1>) tensor(-0.0001, dtype=torch.float64, grad_fn=<MaxBackward1>)
g_y vals:  tensor(4.5889e-08, dtype=torch.float64) tensor(940.9332, dtype=torch.float64)
psi_y_vals vals:  tensor(0.0089, dtype=torch.float64, grad_fn=<MinBackward1>) tensor(36416.0914, dtype=torch.float64, grad_fn=<MaxBackward1>)
phi_y_vals vals:  tensor(3.5108e-21, dtype=torch.float64) tensor(2.6648, dtype=torch.float64)
Q vals:  tensor(-0.0003, dtype=torch.float64, grad_fn=<MinBackward1>) tensor(5.3378e-05, dtype=torch.float64, grad_fn=<MaxBackward1>)
(belief) log_density is nan or inf.
f vals:  tensor(-514777.7746, dtype=torch.float64, grad_fn=<MinBackward1>) tensor(-7.5016e-05, dtype=torch.float64, grad_fn=<MaxBackward1>)
g_y vals:  tensor(5.2267e-08, dtype=torch.float64) tensor(85.0738, dtype=torch.float64)
psi_y_vals vals:  tensor(0.0125, dtype=torch.float64, grad_fn=<MinBackward1>) tensor(56460.0039, dtype=torch.float64, grad_fn=<MaxBackward1>)
phi_y_vals vals:  tensor(1.4868e-21, dtype=torch.float64) tensor(4.7441, dtype=torch.float64)
Q vals:  tensor(-0.0002, dtype=torch.float64, grad_fn=<MinBackward1>) tensor(3.4386e-05, dtype=torch.float64, grad_fn=<MaxBackward1>)
(belief) log_density is nan or inf.
f vals:  tensor(-114988.1466, dtype=torch.float64, grad_fn=<MinBackward1>) tensor(-1.3746e-05, dtype=torch.float64, grad_fn=<MaxBackward1>)
g_y vals:  tensor(2.6590e-08, dtype=torch.float64) tensor(26.6287, dtype=torch.float64)
psi_y_vals vals:  tensor(0.0082, dtype=torch.float64, grad_fn=<MinBackward1>) tensor(43706.1994, dtype=torch.float64, grad_fn=<MaxBackward1>)
phi_y_vals vals:  tensor(4.3226e-21, dtype=torch.float64) tensor(1.8966, dtype=torch.float64)
Q vals:  tensor(-6.0158e-05, dtype=torch.float64, grad_fn=<MinBackward1>) tensor(1.2822e-05, dtype=torch.float64, grad_fn=<MaxBackward1>)
(belief) log_density is nan or inf.
f vals:  tensor(-31648.5060, dtype=torch.float64, grad_fn=<MinBackward1>) tensor(-2.1824e-06, dtype=torch.float64, grad_fn=<MaxBackward1>)
g_y vals:  tensor(4.5889e-08, dtype=torch.float64) tensor(940.9332, dtype=torch.float64)
psi_y_vals vals:  tensor(0.0015, dtype=torch.float64, grad_fn=<MinBackward1>) tensor(41548.5756, dtype=torch.float64, grad_fn=<MaxBackward1>)
phi_y_vals vals:  tensor(2.2900e-19, dtype=torch.float64) tensor(2.6648, dtype=torch.float64)
Q vals:  tensor(-1.8324e-05, dtype=torch.float64, grad_fn=<MinBackward1>) tensor(3.9059e-06, dtype=torch.float64, grad_fn=<MaxBackward1>)
(belief) log_density is nan or inf.
f vals:  tensor(-296388.2350, dtype=torch.float64, grad_fn=<MinBackward1>) tensor(-0.0001, dtype=torch.float64, grad_fn=<MaxBackward1>)
g_y vals:  tensor(4.7704e-08, dtype=torch.float64) tensor(1.1285, dtype=torch.float64)
psi_y_vals vals:  tensor(0.0256, dtype=torch.float64, grad_fn=<MinBackward1>) tensor(50755.5660, dtype=torch.float64, grad_fn=<MaxBackward1>)
phi_y_vals vals:  tensor(2.7006e-22, dtype=torch.float64) tensor(0.5446, dtype=torch.float64)
Q vals:  tensor(-0.0001, dtype=torch.float64, grad_fn=<MinBackward1>) tensor(2.4471e-05, dtype=torch.float64, grad_fn=<MaxBackward1>)
(belief) log_density is nan or inf.
f vals:  tensor(-311281.8486, dtype=torch.float64, grad_fn=<MinBackward1>) tensor(-1.3372e-05, dtype=torch.float64, grad_fn=<MaxBackward1>)
g_y vals:  tensor(4.7704e-08, dtype=torch.float64) tensor(26.6287, dtype=torch.float64)
psi_y_vals vals:  tensor(0.0014, dtype=torch.float64, grad_fn=<MinBackward1>) tensor(54068.2022, dtype=torch.float64, grad_fn=<MaxBackward1>)
phi_y_vals vals:  tensor(2.7006e-22, dtype=torch.float64) tensor(4.7441, dtype=torch.float64)
Q vals:  tensor(-0.0001, dtype=torch.float64, grad_fn=<MinBackward1>) tensor(2.2676e-05, dtype=torch.float64, grad_fn=<MaxBackward1>)
(belief) log_density is nan or inf.
f vals:  tensor(-106444.7804, dtype=torch.float64, grad_fn=<MinBackward1>) tensor(-7.3791e-05, dtype=torch.float64, grad_fn=<MaxBackward1>)
g_y vals:  tensor(4.5889e-08, dtype=torch.float64) tensor(85.0738, dtype=torch.float64)
psi_y_vals vals:  tensor(0.0162, dtype=torch.float64, grad_fn=<MinBackward1>) tensor(37168.8678, dtype=torch.float64, grad_fn=<MaxBackward1>)
phi_y_vals vals:  tensor(2.2508e-19, dtype=torch.float64) tensor(1.2034, dtype=torch.float64)
Q vals:  tensor(-7.6975e-05, dtype=torch.float64, grad_fn=<MinBackward1>) tensor(1.6398e-05, dtype=torch.float64, grad_fn=<MaxBackward1>)
(belief) log_density is nan or inf.
f vals:  tensor(-122524.1523, dtype=torch.float64, grad_fn=<MinBackward1>) tensor(-8.9662e-06, dtype=torch.float64, grad_fn=<MaxBackward1>)
g_y vals:  tensor(2.6590e-08, dtype=torch.float64) tensor(940.9332, dtype=torch.float64)
psi_y_vals vals:  tensor(0.0072, dtype=torch.float64, grad_fn=<MinBackward1>) tensor(44055.8623, dtype=torch.float64, grad_fn=<MaxBackward1>)
phi_y_vals vals:  tensor(3.8215e-22, dtype=torch.float64) tensor(2.6648, dtype=torch.float64)
Q vals:  tensor(-6.3088e-05, dtype=torch.float64, grad_fn=<MinBackward1>) tensor(1.3434e-05, dtype=torch.float64, grad_fn=<MaxBackward1>)
(belief) log_density is nan or inf.
f vals:  tensor(-128322.6108, dtype=torch.float64, grad_fn=<MinBackward1>) tensor(-0.0003, dtype=torch.float64, grad_fn=<MaxBackward1>)
g_y vals:  tensor(7.8374e-08, dtype=torch.float64) tensor(2.2702, dtype=torch.float64)
psi_y_vals vals:  tensor(0.0122, dtype=torch.float64, grad_fn=<MinBackward1>) tensor(48455.1131, dtype=torch.float64, grad_fn=<MaxBackward1>)
phi_y_vals vals:  tensor(3.5108e-21, dtype=torch.float64) tensor(1.8966, dtype=torch.float64)
Q vals:  tensor(-5.4538e-05, dtype=torch.float64, grad_fn=<MinBackward1>) tensor(1.1608e-05, dtype=torch.float64, grad_fn=<MaxBackward1>)
(belief) log_density is nan or inf.
f vals:  tensor(-84301.4331, dtype=torch.float64, grad_fn=<MinBackward1>) tensor(-4.4734e-05, dtype=torch.float64, grad_fn=<MaxBackward1>)
g_y vals:  tensor(4.7704e-08, dtype=torch.float64) tensor(14.2038, dtype=torch.float64)
psi_y_vals vals:  tensor(0.0122, dtype=torch.float64, grad_fn=<MinBackward1>) tensor(41002.4547, dtype=torch.float64, grad_fn=<MaxBackward1>)
phi_y_vals vals:  tensor(4.3226e-21, dtype=torch.float64) tensor(4.7441, dtype=torch.float64)
Q vals:  tensor(-5.0116e-05, dtype=torch.float64, grad_fn=<MinBackward1>) tensor(1.0660e-05, dtype=torch.float64, grad_fn=<MaxBackward1>)
(belief) log_density is nan or inf.
f vals:  tensor(-104388.5899, dtype=torch.float64, grad_fn=<MinBackward1>) tensor(-6.4229e-06, dtype=torch.float64, grad_fn=<MaxBackward1>)
g_y vals:  tensor(2.6590e-08, dtype=torch.float64) tensor(26.6287, dtype=torch.float64)
psi_y_vals vals:  tensor(0.0070, dtype=torch.float64, grad_fn=<MinBackward1>) tensor(47731.8443, dtype=torch.float64, grad_fn=<MaxBackward1>)
phi_y_vals vals:  tensor(3.8215e-22, dtype=torch.float64) tensor(0.5446, dtype=torch.float64)
Q vals:  tensor(-4.5720e-05, dtype=torch.float64, grad_fn=<MinBackward1>) tensor(9.7182e-06, dtype=torch.float64, grad_fn=<MaxBackward1>)
(belief) log_density is nan or inf.
f vals:  tensor(-58309.7829, dtype=torch.float64, grad_fn=<MinBackward1>) tensor(-3.0731e-06, dtype=torch.float64, grad_fn=<MaxBackward1>)
g_y vals:  tensor(5.1431e-08, dtype=torch.float64) tensor(85.0738, dtype=torch.float64)
psi_y_vals vals:  tensor(0.0013, dtype=torch.float64, grad_fn=<MinBackward1>) tensor(51920.6239, dtype=torch.float64, grad_fn=<MaxBackward1>)
phi_y_vals vals:  tensor(2.7006e-22, dtype=torch.float64) tensor(1.2034, dtype=torch.float64)
Q vals:  tensor(-2.1615e-05, dtype=torch.float64, grad_fn=<MinBackward1>) tensor(4.5869e-06, dtype=torch.float64, grad_fn=<MaxBackward1>)
(belief) log_density is nan or inf.
f vals:  tensor(-28012.0613, dtype=torch.float64, grad_fn=<MinBackward1>) tensor(-1.4172e-05, dtype=torch.float64, grad_fn=<MaxBackward1>)
g_y vals:  tensor(5.1137e-08, dtype=torch.float64) tensor(940.9332, dtype=torch.float64)
psi_y_vals vals:  tensor(0.0209, dtype=torch.float64, grad_fn=<MinBackward1>) tensor(40679.7592, dtype=torch.float64, grad_fn=<MaxBackward1>)
phi_y_vals vals:  tensor(2.7006e-22, dtype=torch.float64) tensor(4.7441, dtype=torch.float64)
Q vals:  tensor(-1.6904e-05, dtype=torch.float64, grad_fn=<MinBackward1>) tensor(3.5837e-06, dtype=torch.float64, grad_fn=<MaxBackward1>)
(belief) log_density is nan or inf.
f vals:  tensor(-35388.4953, dtype=torch.float64, grad_fn=<MinBackward1>) tensor(-2.4048e-06, dtype=torch.float64, grad_fn=<MaxBackward1>)
g_y vals:  tensor(5.2267e-08, dtype=torch.float64) tensor(26.6287, dtype=torch.float64)
psi_y_vals vals:  tensor(0.0068, dtype=torch.float64, grad_fn=<MinBackward1>) tensor(47091.6927, dtype=torch.float64, grad_fn=<MaxBackward1>)
phi_y_vals vals:  tensor(3.5108e-21, dtype=torch.float64) tensor(0.5959, dtype=torch.float64)
Q vals:  tensor(-1.5923e-05, dtype=torch.float64, grad_fn=<MinBackward1>) tensor(3.3725e-06, dtype=torch.float64, grad_fn=<MaxBackward1>)
(belief) log_density is nan or inf.
f vals:  tensor(-24276.9895, dtype=torch.float64, grad_fn=<MinBackward1>) tensor(-2.1789e-06, dtype=torch.float64, grad_fn=<MaxBackward1>)
g_y vals:  tensor(2.6590e-08, dtype=torch.float64) tensor(85.0738, dtype=torch.float64)
psi_y_vals vals:  tensor(0.0013, dtype=torch.float64, grad_fn=<MinBackward1>) tensor(40731.3546, dtype=torch.float64, grad_fn=<MaxBackward1>)
phi_y_vals vals:  tensor(3.8215e-22, dtype=torch.float64) tensor(1.8966, dtype=torch.float64)
Q vals:  tensor(-1.4625e-05, dtype=torch.float64, grad_fn=<MinBackward1>) tensor(3.0943e-06, dtype=torch.float64, grad_fn=<MaxBackward1>)
(belief) log_density is nan or inf.
f vals:  tensor(-35580.5665, dtype=torch.float64, grad_fn=<MinBackward1>) tensor(-3.6286e-06, dtype=torch.float64, grad_fn=<MaxBackward1>)
g_y vals:  tensor(4.5889e-08, dtype=torch.float64) tensor(3.0570, dtype=torch.float64)
psi_y_vals vals:  tensor(0.0146, dtype=torch.float64, grad_fn=<MinBackward1>) tensor(51872.5063, dtype=torch.float64, grad_fn=<MaxBackward1>)
phi_y_vals vals:  tensor(1.4868e-21, dtype=torch.float64) tensor(0.5469, dtype=torch.float64)
Q vals:  tensor(-1.3214e-05, dtype=torch.float64, grad_fn=<MinBackward1>) tensor(2.7927e-06, dtype=torch.float64, grad_fn=<MaxBackward1>)
Epoch 190: Avg: nan, NLL: nan, LDB: 0.0000, Reg: 1.1223, PSD: True, nPSD streak: 0/10, time: 0.952
(belief) log_density is nan or inf.
f vals:  tensor(-12810.7118, dtype=torch.float64, grad_fn=<MinBackward1>) tensor(-1.9927e-06, dtype=torch.float64, grad_fn=<MaxBackward1>)
g_y vals:  tensor(4.5889e-08, dtype=torch.float64) tensor(940.9332, dtype=torch.float64)
psi_y_vals vals:  tensor(0.0013, dtype=torch.float64, grad_fn=<MinBackward1>) tensor(31212.6780, dtype=torch.float64, grad_fn=<MaxBackward1>)
phi_y_vals vals:  tensor(1.4868e-21, dtype=torch.float64) tensor(2.6648, dtype=torch.float64)
Q vals:  tensor(-1.3138e-05, dtype=torch.float64, grad_fn=<MinBackward1>) tensor(2.7735e-06, dtype=torch.float64, grad_fn=<MaxBackward1>)
(belief) log_density is nan or inf.
f vals:  tensor(-33987.3060, dtype=torch.float64, grad_fn=<MinBackward1>) tensor(-4.0409e-06, dtype=torch.float64, grad_fn=<MaxBackward1>)
g_y vals:  tensor(5.2267e-08, dtype=torch.float64) tensor(1.2725, dtype=torch.float64)
psi_y_vals vals:  tensor(0.0162, dtype=torch.float64, grad_fn=<MinBackward1>) tensor(51972.9206, dtype=torch.float64, grad_fn=<MaxBackward1>)
phi_y_vals vals:  tensor(3.8215e-22, dtype=torch.float64) tensor(0.5469, dtype=torch.float64)
Q vals:  tensor(-1.2574e-05, dtype=torch.float64, grad_fn=<MinBackward1>) tensor(2.6513e-06, dtype=torch.float64, grad_fn=<MaxBackward1>)
(belief) log_density is nan or inf.
f vals:  tensor(-32429.1838, dtype=torch.float64, grad_fn=<MinBackward1>) tensor(-3.7054e-06, dtype=torch.float64, grad_fn=<MaxBackward1>)
g_y vals:  tensor(4.7704e-08, dtype=torch.float64) tensor(19.6968, dtype=torch.float64)
psi_y_vals vals:  tensor(0.0068, dtype=torch.float64, grad_fn=<MinBackward1>) tensor(41984.7243, dtype=torch.float64, grad_fn=<MaxBackward1>)
phi_y_vals vals:  tensor(2.7006e-22, dtype=torch.float64) tensor(4.7441, dtype=torch.float64)
Q vals:  tensor(-1.8385e-05, dtype=torch.float64, grad_fn=<MinBackward1>) tensor(3.8721e-06, dtype=torch.float64, grad_fn=<MaxBackward1>)
(belief) log_density is nan or inf.
f vals:  tensor(-72075.7084, dtype=torch.float64, grad_fn=<MinBackward1>) tensor(-6.2851e-05, dtype=torch.float64, grad_fn=<MaxBackward1>)
g_y vals:  tensor(2.6590e-08, dtype=torch.float64) tensor(85.0738, dtype=torch.float64)
psi_y_vals vals:  tensor(0.0232, dtype=torch.float64, grad_fn=<MinBackward1>) tensor(47006.2799, dtype=torch.float64, grad_fn=<MaxBackward1>)
phi_y_vals vals:  tensor(3.5108e-21, dtype=torch.float64) tensor(1.2034, dtype=torch.float64)
Q vals:  tensor(-3.2549e-05, dtype=torch.float64, grad_fn=<MinBackward1>) tensor(6.8467e-06, dtype=torch.float64, grad_fn=<MaxBackward1>)
(belief) log_density is nan or inf.
f vals:  tensor(-671745.4041, dtype=torch.float64, grad_fn=<MinBackward1>) tensor(-0.0003, dtype=torch.float64, grad_fn=<MaxBackward1>)
g_y vals:  tensor(5.3436e-08, dtype=torch.float64) tensor(2.2702, dtype=torch.float64)
psi_y_vals vals:  tensor(0.0162, dtype=torch.float64, grad_fn=<MinBackward1>) tensor(43101.0438, dtype=torch.float64, grad_fn=<MaxBackward1>)
phi_y_vals vals:  tensor(2.7006e-22, dtype=torch.float64) tensor(1.8966, dtype=torch.float64)
Q vals:  tensor(-0.0004, dtype=torch.float64, grad_fn=<MinBackward1>) tensor(7.5933e-05, dtype=torch.float64, grad_fn=<MaxBackward1>)
(belief) log_density is nan or inf.
f vals:  tensor(-516770.1860, dtype=torch.float64, grad_fn=<MinBackward1>) tensor(-0.0015, dtype=torch.float64, grad_fn=<MaxBackward1>)
g_y vals:  tensor(2.6590e-08, dtype=torch.float64) tensor(26.6287, dtype=torch.float64)
psi_y_vals vals:  tensor(0.0147, dtype=torch.float64, grad_fn=<MinBackward1>) tensor(46893.1776, dtype=torch.float64, grad_fn=<MaxBackward1>)
phi_y_vals vals:  tensor(1.1676e-19, dtype=torch.float64) tensor(0.7939, dtype=torch.float64)
Q vals:  tensor(-0.0002, dtype=torch.float64, grad_fn=<MinBackward1>) tensor(4.9138e-05, dtype=torch.float64, grad_fn=<MaxBackward1>)
(belief) log_density is nan or inf.
f vals:  tensor(-177021.5563, dtype=torch.float64, grad_fn=<MinBackward1>) tensor(-3.4818e-05, dtype=torch.float64, grad_fn=<MaxBackward1>)
g_y vals:  tensor(4.7704e-08, dtype=torch.float64) tensor(19.6968, dtype=torch.float64)
psi_y_vals vals:  tensor(0.0070, dtype=torch.float64, grad_fn=<MinBackward1>) tensor(43879.6940, dtype=torch.float64, grad_fn=<MaxBackward1>)
phi_y_vals vals:  tensor(5.2553e-20, dtype=torch.float64) tensor(0.3922, dtype=torch.float64)
Q vals:  tensor(-9.1882e-05, dtype=torch.float64, grad_fn=<MinBackward1>) tensor(1.9228e-05, dtype=torch.float64, grad_fn=<MaxBackward1>)
(belief) log_density is nan or inf.
f vals:  tensor(-392779.5574, dtype=torch.float64, grad_fn=<MinBackward1>) tensor(-0.0011, dtype=torch.float64, grad_fn=<MaxBackward1>)
g_y vals:  tensor(5.1431e-08, dtype=torch.float64) tensor(3.0570, dtype=torch.float64)
psi_y_vals vals:  tensor(0.0166, dtype=torch.float64, grad_fn=<MinBackward1>) tensor(46702.2532, dtype=torch.float64, grad_fn=<MaxBackward1>)
phi_y_vals vals:  tensor(3.5108e-21, dtype=torch.float64) tensor(0.5469, dtype=torch.float64)
Q vals:  tensor(-0.0002, dtype=torch.float64, grad_fn=<MinBackward1>) tensor(3.7552e-05, dtype=torch.float64, grad_fn=<MaxBackward1>)
(belief) log_density is nan or inf.
f vals:  tensor(-1498634.0474, dtype=torch.float64, grad_fn=<MinBackward1>) tensor(-0.0052, dtype=torch.float64, grad_fn=<MaxBackward1>)
g_y vals:  tensor(5.2267e-08, dtype=torch.float64) tensor(940.9332, dtype=torch.float64)
psi_y_vals vals:  tensor(0.0224, dtype=torch.float64, grad_fn=<MinBackward1>) tensor(52622.4463, dtype=torch.float64, grad_fn=<MaxBackward1>)
phi_y_vals vals:  tensor(1.4868e-21, dtype=torch.float64) tensor(2.6648, dtype=torch.float64)
Q vals:  tensor(-0.0005, dtype=torch.float64, grad_fn=<MinBackward1>) tensor(0.0001, dtype=torch.float64, grad_fn=<MaxBackward1>)
(belief) log_density is nan or inf.
f vals:  tensor(-166735.8820, dtype=torch.float64, grad_fn=<MinBackward1>) tensor(-1.5372e-05, dtype=torch.float64, grad_fn=<MaxBackward1>)
g_y vals:  tensor(4.5889e-08, dtype=torch.float64) tensor(14.2038, dtype=torch.float64)
psi_y_vals vals:  tensor(0.0014, dtype=torch.float64, grad_fn=<MinBackward1>) tensor(43447.1747, dtype=torch.float64, grad_fn=<MaxBackward1>)
phi_y_vals vals:  tensor(2.7006e-22, dtype=torch.float64) tensor(4.7441, dtype=torch.float64)
Q vals:  tensor(-8.8256e-05, dtype=torch.float64, grad_fn=<MinBackward1>) tensor(1.8371e-05, dtype=torch.float64, grad_fn=<MaxBackward1>)
(belief) log_density is nan or inf.
f vals:  tensor(-398105.2431, dtype=torch.float64, grad_fn=<MinBackward1>) tensor(-0.0002, dtype=torch.float64, grad_fn=<MaxBackward1>)
g_y vals:  tensor(4.7704e-08, dtype=torch.float64) tensor(940.9332, dtype=torch.float64)
psi_y_vals vals:  tensor(0.0072, dtype=torch.float64, grad_fn=<MinBackward1>) tensor(48781.2293, dtype=torch.float64, grad_fn=<MaxBackward1>)
phi_y_vals vals:  tensor(3.5108e-21, dtype=torch.float64) tensor(4.7441, dtype=torch.float64)
Q vals:  tensor(-0.0002, dtype=torch.float64, grad_fn=<MinBackward1>) tensor(3.4762e-05, dtype=torch.float64, grad_fn=<MaxBackward1>)
(belief) log_density is nan or inf.
f vals:  tensor(-218678.5584, dtype=torch.float64, grad_fn=<MinBackward1>) tensor(-0.0002, dtype=torch.float64, grad_fn=<MaxBackward1>)
g_y vals:  tensor(1.0047e-07, dtype=torch.float64) tensor(14.2038, dtype=torch.float64)
psi_y_vals vals:  tensor(0.0076, dtype=torch.float64, grad_fn=<MinBackward1>) tensor(49323.1036, dtype=torch.float64, grad_fn=<MaxBackward1>)
phi_y_vals vals:  tensor(6.4912e-21, dtype=torch.float64) tensor(4.7441, dtype=torch.float64)
Q vals:  tensor(-8.9849e-05, dtype=torch.float64, grad_fn=<MinBackward1>) tensor(1.8478e-05, dtype=torch.float64, grad_fn=<MaxBackward1>)
(belief) log_density is nan or inf.
f vals:  tensor(-209011.0122, dtype=torch.float64, grad_fn=<MinBackward1>) tensor(-0.0001, dtype=torch.float64, grad_fn=<MaxBackward1>)
g_y vals:  tensor(5.1137e-08, dtype=torch.float64) tensor(19.6968, dtype=torch.float64)
psi_y_vals vals:  tensor(0.0162, dtype=torch.float64, grad_fn=<MinBackward1>) tensor(56604.5452, dtype=torch.float64, grad_fn=<MaxBackward1>)
phi_y_vals vals:  tensor(3.5108e-21, dtype=torch.float64) tensor(0.3922, dtype=torch.float64)
Q vals:  tensor(-6.5211e-05, dtype=torch.float64, grad_fn=<MinBackward1>) tensor(1.3337e-05, dtype=torch.float64, grad_fn=<MaxBackward1>)
(belief) log_density is nan or inf.
f vals:  tensor(-448450.8747, dtype=torch.float64, grad_fn=<MinBackward1>) tensor(-0.0003, dtype=torch.float64, grad_fn=<MaxBackward1>)
g_y vals:  tensor(5.1431e-08, dtype=torch.float64) tensor(19.6968, dtype=torch.float64)
psi_y_vals vals:  tensor(0.0162, dtype=torch.float64, grad_fn=<MinBackward1>) tensor(56974.2829, dtype=torch.float64, grad_fn=<MaxBackward1>)
phi_y_vals vals:  tensor(3.5108e-21, dtype=torch.float64) tensor(4.7441, dtype=torch.float64)
Q vals:  tensor(-0.0001, dtype=torch.float64, grad_fn=<MinBackward1>) tensor(2.8193e-05, dtype=torch.float64, grad_fn=<MaxBackward1>)
(belief) log_density is nan or inf.
f vals:  tensor(-3237332.7622, dtype=torch.float64, grad_fn=<MinBackward1>) tensor(-0.0132, dtype=torch.float64, grad_fn=<MaxBackward1>)
g_y vals:  tensor(4.5889e-08, dtype=torch.float64) tensor(940.9332, dtype=torch.float64)
psi_y_vals vals:  tensor(0.0111, dtype=torch.float64, grad_fn=<MinBackward1>) tensor(52580.2464, dtype=torch.float64, grad_fn=<MaxBackward1>)
phi_y_vals vals:  tensor(2.7006e-22, dtype=torch.float64) tensor(2.6648, dtype=torch.float64)
Q vals:  tensor(-0.0012, dtype=torch.float64, grad_fn=<MinBackward1>) tensor(0.0002, dtype=torch.float64, grad_fn=<MaxBackward1>)
(belief) log_density is nan or inf.
f vals:  tensor(-155242.3878, dtype=torch.float64, grad_fn=<MinBackward1>) tensor(-6.6954e-05, dtype=torch.float64, grad_fn=<MaxBackward1>)
g_y vals:  tensor(5.2267e-08, dtype=torch.float64) tensor(19.6968, dtype=torch.float64)
psi_y_vals vals:  tensor(0.0017, dtype=torch.float64, grad_fn=<MinBackward1>) tensor(63106.9957, dtype=torch.float64, grad_fn=<MaxBackward1>)
phi_y_vals vals:  tensor(3.8215e-22, dtype=torch.float64) tensor(1.8966, dtype=torch.float64)
Q vals:  tensor(-3.8971e-05, dtype=torch.float64, grad_fn=<MinBackward1>) tensor(7.8662e-06, dtype=torch.float64, grad_fn=<MaxBackward1>)
Epoch 200: Avg: nan, NLL: nan, LDB: 0.0000, Reg: 1.1347, PSD: True, nPSD streak: 0/10, time: 0.926

 Restored best model (NLL loss=4.0221)
Epoch 1: Avg: 6.0802, NLL: 4.9726, LDB: 0.0000, Reg: 1.1075, PSD: True, nPSD streak: 0/10, time: 0.483
(belief) log_density is nan or inf.
f vals:  tensor(-717780.0355, dtype=torch.float64, grad_fn=<MinBackward1>) tensor(-0.0005, dtype=torch.float64, grad_fn=<MaxBackward1>)
g_y vals:  tensor(2.6590e-08, dtype=torch.float64) tensor(19.6968, dtype=torch.float64)
psi_y_vals vals:  tensor(0.0278, dtype=torch.float64, grad_fn=<MinBackward1>) tensor(49602.3674, dtype=torch.float64, grad_fn=<MaxBackward1>)
phi_y_vals vals:  tensor(3.8215e-22, dtype=torch.float64) tensor(0.7939, dtype=torch.float64)
Q vals:  tensor(-0.0003, dtype=torch.float64, grad_fn=<MinBackward1>) tensor(6.2339e-05, dtype=torch.float64, grad_fn=<MaxBackward1>)
(belief) log_density is nan or inf.
f vals:  tensor(-334752.7913, dtype=torch.float64, grad_fn=<MinBackward1>) tensor(-1.5669e-05, dtype=torch.float64, grad_fn=<MaxBackward1>)
g_y vals:  tensor(2.6590e-08, dtype=torch.float64) tensor(19.6968, dtype=torch.float64)
psi_y_vals vals:  tensor(0.0018, dtype=torch.float64, grad_fn=<MinBackward1>) tensor(57898.6505, dtype=torch.float64, grad_fn=<MaxBackward1>)
phi_y_vals vals:  tensor(2.7006e-22, dtype=torch.float64) tensor(1.1618, dtype=torch.float64)
Q vals:  tensor(-9.9793e-05, dtype=torch.float64, grad_fn=<MinBackward1>) tensor(2.1317e-05, dtype=torch.float64, grad_fn=<MaxBackward1>)
(belief) log_density is nan or inf.
f vals:  tensor(-141129.1005, dtype=torch.float64, grad_fn=<MinBackward1>) tensor(-9.5204e-05, dtype=torch.float64, grad_fn=<MaxBackward1>)
g_y vals:  tensor(4.5889e-08, dtype=torch.float64) tensor(940.9332, dtype=torch.float64)
psi_y_vals vals:  tensor(0.0122, dtype=torch.float64, grad_fn=<MinBackward1>) tensor(53197.2658, dtype=torch.float64, grad_fn=<MaxBackward1>)
phi_y_vals vals:  tensor(3.8215e-22, dtype=torch.float64) tensor(4.7441, dtype=torch.float64)
Q vals:  tensor(-4.9764e-05, dtype=torch.float64, grad_fn=<MinBackward1>) tensor(1.0628e-05, dtype=torch.float64, grad_fn=<MaxBackward1>)
(belief) log_density is nan or inf.
f vals:  tensor(-755173.8198, dtype=torch.float64, grad_fn=<MinBackward1>) tensor(-4.1718e-05, dtype=torch.float64, grad_fn=<MaxBackward1>)
g_y vals:  tensor(4.5889e-08, dtype=torch.float64) tensor(85.0738, dtype=torch.float64)
psi_y_vals vals:  tensor(0.0018, dtype=torch.float64, grad_fn=<MinBackward1>) tensor(53756.6731, dtype=torch.float64, grad_fn=<MaxBackward1>)
phi_y_vals vals:  tensor(2.7006e-22, dtype=torch.float64) tensor(1.2034, dtype=torch.float64)
Q vals:  tensor(-0.0003, dtype=torch.float64, grad_fn=<MinBackward1>) tensor(5.5771e-05, dtype=torch.float64, grad_fn=<MaxBackward1>)
(belief) log_density is nan or inf.
f vals:  tensor(-613746.8940, dtype=torch.float64, grad_fn=<MinBackward1>) tensor(-3.4239e-05, dtype=torch.float64, grad_fn=<MaxBackward1>)
g_y vals:  tensor(4.5889e-08, dtype=torch.float64) tensor(940.9332, dtype=torch.float64)
psi_y_vals vals:  tensor(0.0018, dtype=torch.float64, grad_fn=<MinBackward1>) tensor(53268.7443, dtype=torch.float64, grad_fn=<MaxBackward1>)
phi_y_vals vals:  tensor(2.7006e-22, dtype=torch.float64) tensor(2.6648, dtype=torch.float64)
Q vals:  tensor(-0.0002, dtype=torch.float64, grad_fn=<MinBackward1>) tensor(4.6065e-05, dtype=torch.float64, grad_fn=<MaxBackward1>)
(belief) log_density is nan or inf.
f vals:  tensor(-315265.5922, dtype=torch.float64, grad_fn=<MinBackward1>) tensor(-1.7342e-05, dtype=torch.float64, grad_fn=<MaxBackward1>)
g_y vals:  tensor(4.7704e-08, dtype=torch.float64) tensor(940.9332, dtype=torch.float64)
psi_y_vals vals:  tensor(0.0017, dtype=torch.float64, grad_fn=<MinBackward1>) tensor(53289.8012, dtype=torch.float64, grad_fn=<MaxBackward1>)
phi_y_vals vals:  tensor(2.7006e-22, dtype=torch.float64) tensor(2.6648, dtype=torch.float64)
Q vals:  tensor(-0.0001, dtype=torch.float64, grad_fn=<MinBackward1>) tensor(2.3643e-05, dtype=torch.float64, grad_fn=<MaxBackward1>)
(belief) log_density is nan or inf.
f vals:  tensor(-139167.5832, dtype=torch.float64, grad_fn=<MinBackward1>) tensor(-5.7509e-05, dtype=torch.float64, grad_fn=<MaxBackward1>)
g_y vals:  tensor(2.6590e-08, dtype=torch.float64) tensor(85.0738, dtype=torch.float64)
psi_y_vals vals:  tensor(0.0094, dtype=torch.float64, grad_fn=<MinBackward1>) tensor(58161.0205, dtype=torch.float64, grad_fn=<MaxBackward1>)
phi_y_vals vals:  tensor(3.8215e-22, dtype=torch.float64) tensor(4.7441, dtype=torch.float64)
Q vals:  tensor(-4.1114e-05, dtype=torch.float64, grad_fn=<MinBackward1>) tensor(8.7735e-06, dtype=torch.float64, grad_fn=<MaxBackward1>)
(belief) log_density is nan or inf.
f vals:  tensor(-263460.5457, dtype=torch.float64, grad_fn=<MinBackward1>) tensor(-1.4065e-05, dtype=torch.float64, grad_fn=<MaxBackward1>)
g_y vals:  tensor(4.5889e-08, dtype=torch.float64) tensor(85.0738, dtype=torch.float64)
psi_y_vals vals:  tensor(0.0017, dtype=torch.float64, grad_fn=<MinBackward1>) tensor(53699.1831, dtype=torch.float64, grad_fn=<MaxBackward1>)
phi_y_vals vals:  tensor(3.8215e-22, dtype=torch.float64) tensor(4.7441, dtype=torch.float64)
Q vals:  tensor(-9.1326e-05, dtype=torch.float64, grad_fn=<MinBackward1>) tensor(1.9486e-05, dtype=torch.float64, grad_fn=<MaxBackward1>)
(belief) log_density is nan or inf.
f vals:  tensor(-917263.0691, dtype=torch.float64, grad_fn=<MinBackward1>) tensor(-0.0004, dtype=torch.float64, grad_fn=<MaxBackward1>)
g_y vals:  tensor(2.6590e-08, dtype=torch.float64) tensor(940.9332, dtype=torch.float64)
psi_y_vals vals:  tensor(0.0093, dtype=torch.float64, grad_fn=<MinBackward1>) tensor(58218.9987, dtype=torch.float64, grad_fn=<MaxBackward1>)
phi_y_vals vals:  tensor(2.7006e-22, dtype=torch.float64) tensor(2.6648, dtype=torch.float64)
Q vals:  tensor(-0.0003, dtype=torch.float64, grad_fn=<MinBackward1>) tensor(5.7699e-05, dtype=torch.float64, grad_fn=<MaxBackward1>)
(belief) log_density is nan or inf.
f vals:  tensor(-1239665.0646, dtype=torch.float64, grad_fn=<MinBackward1>) tensor(-7.5946e-05, dtype=torch.float64, grad_fn=<MaxBackward1>)
g_y vals:  tensor(2.6590e-08, dtype=torch.float64) tensor(26.6287, dtype=torch.float64)
psi_y_vals vals:  tensor(0.0017, dtype=torch.float64, grad_fn=<MinBackward1>) tensor(49987.3912, dtype=torch.float64, grad_fn=<MaxBackward1>)
phi_y_vals vals:  tensor(3.8215e-22, dtype=torch.float64) tensor(4.7441, dtype=torch.float64)
Q vals:  tensor(-0.0005, dtype=torch.float64, grad_fn=<MinBackward1>) tensor(0.0001, dtype=torch.float64, grad_fn=<MaxBackward1>)
(belief) log_density is nan or inf.
f vals:  tensor(-421526.3218, dtype=torch.float64, grad_fn=<MinBackward1>) tensor(-0.0021, dtype=torch.float64, grad_fn=<MaxBackward1>)
g_y vals:  tensor(4.7704e-08, dtype=torch.float64) tensor(940.9332, dtype=torch.float64)
psi_y_vals vals:  tensor(0.0120, dtype=torch.float64, grad_fn=<MinBackward1>) tensor(58296.6712, dtype=torch.float64, grad_fn=<MaxBackward1>)
phi_y_vals vals:  tensor(2.7006e-22, dtype=torch.float64) tensor(2.6648, dtype=torch.float64)
Q vals:  tensor(-0.0001, dtype=torch.float64, grad_fn=<MinBackward1>) tensor(2.6437e-05, dtype=torch.float64, grad_fn=<MaxBackward1>)
(belief) log_density is nan or inf.
f vals:  tensor(-178013.1193, dtype=torch.float64, grad_fn=<MinBackward1>) tensor(-1.0955e-05, dtype=torch.float64, grad_fn=<MaxBackward1>)
g_y vals:  tensor(4.5889e-08, dtype=torch.float64) tensor(940.9332, dtype=torch.float64)
psi_y_vals vals:  tensor(0.0017, dtype=torch.float64, grad_fn=<MinBackward1>) tensor(50070.0152, dtype=torch.float64, grad_fn=<MaxBackward1>)
phi_y_vals vals:  tensor(3.8215e-22, dtype=torch.float64) tensor(2.6648, dtype=torch.float64)
Q vals:  tensor(-7.0965e-05, dtype=torch.float64, grad_fn=<MinBackward1>) tensor(1.5133e-05, dtype=torch.float64, grad_fn=<MaxBackward1>)
(belief) log_density is nan or inf.
f vals:  tensor(-341495.2641, dtype=torch.float64, grad_fn=<MinBackward1>) tensor(-0.0002, dtype=torch.float64, grad_fn=<MaxBackward1>)
g_y vals:  tensor(2.6590e-08, dtype=torch.float64) tensor(85.0738, dtype=torch.float64)
psi_y_vals vals:  tensor(0.0202, dtype=torch.float64, grad_fn=<MinBackward1>) tensor(58403.1914, dtype=torch.float64, grad_fn=<MaxBackward1>)
phi_y_vals vals:  tensor(2.7006e-22, dtype=torch.float64) tensor(4.7441, dtype=torch.float64)
Q vals:  tensor(-0.0001, dtype=torch.float64, grad_fn=<MinBackward1>) tensor(2.1331e-05, dtype=torch.float64, grad_fn=<MaxBackward1>)
Epoch 10: Avg: nan, NLL: nan, LDB: 0.0000, Reg: 1.1088, PSD: True, nPSD streak: 0/10, time: 0.437
(belief) log_density is nan or inf.
f vals:  tensor(-581370.7272, dtype=torch.float64, grad_fn=<MinBackward1>) tensor(-2.6689e-05, dtype=torch.float64, grad_fn=<MaxBackward1>)
g_y vals:  tensor(5.1137e-08, dtype=torch.float64) tensor(26.6287, dtype=torch.float64)
psi_y_vals vals:  tensor(0.0017, dtype=torch.float64, grad_fn=<MinBackward1>) tensor(58448.1927, dtype=torch.float64, grad_fn=<MaxBackward1>)
phi_y_vals vals:  tensor(3.8215e-22, dtype=torch.float64) tensor(1.8966, dtype=torch.float64)
Q vals:  tensor(-0.0002, dtype=torch.float64, grad_fn=<MinBackward1>) tensor(3.6251e-05, dtype=torch.float64, grad_fn=<MaxBackward1>)
(belief) log_density is nan or inf.
f vals:  tensor(-4941271.8302, dtype=torch.float64, grad_fn=<MinBackward1>) tensor(-0.0033, dtype=torch.float64, grad_fn=<MaxBackward1>)
g_y vals:  tensor(2.6590e-08, dtype=torch.float64) tensor(940.9332, dtype=torch.float64)
psi_y_vals vals:  tensor(0.0203, dtype=torch.float64, grad_fn=<MinBackward1>) tensor(53429.7629, dtype=torch.float64, grad_fn=<MaxBackward1>)
phi_y_vals vals:  tensor(2.7006e-22, dtype=torch.float64) tensor(4.7441, dtype=torch.float64)
Q vals:  tensor(-0.0017, dtype=torch.float64, grad_fn=<MinBackward1>) tensor(0.0004, dtype=torch.float64, grad_fn=<MaxBackward1>)
(belief) log_density is nan or inf.
f vals:  tensor(-239697.3436, dtype=torch.float64, grad_fn=<MinBackward1>) tensor(-0.0001, dtype=torch.float64, grad_fn=<MaxBackward1>)
g_y vals:  tensor(4.5889e-08, dtype=torch.float64) tensor(940.9332, dtype=torch.float64)
psi_y_vals vals:  tensor(0.0209, dtype=torch.float64, grad_fn=<MinBackward1>) tensor(58725.1873, dtype=torch.float64, grad_fn=<MaxBackward1>)
phi_y_vals vals:  tensor(2.7006e-22, dtype=torch.float64) tensor(2.6648, dtype=torch.float64)
Q vals:  tensor(-6.9460e-05, dtype=torch.float64, grad_fn=<MinBackward1>) tensor(1.4788e-05, dtype=torch.float64, grad_fn=<MaxBackward1>)
(belief) log_density is nan or inf.
f vals:  tensor(-50631620.7943, dtype=torch.float64, grad_fn=<MinBackward1>) tensor(-0.0025, dtype=torch.float64, grad_fn=<MaxBackward1>)
g_y vals:  tensor(4.7704e-08, dtype=torch.float64) tensor(26.6287, dtype=torch.float64)
psi_y_vals vals:  tensor(0.0018, dtype=torch.float64, grad_fn=<MinBackward1>) tensor(58780.3159, dtype=torch.float64, grad_fn=<MaxBackward1>)
phi_y_vals vals:  tensor(2.7006e-22, dtype=torch.float64) tensor(4.7441, dtype=torch.float64)
Q vals:  tensor(-0.0146, dtype=torch.float64, grad_fn=<MinBackward1>) tensor(0.0031, dtype=torch.float64, grad_fn=<MaxBackward1>)
(belief) log_density is nan or inf.
f vals:  tensor(-2607639.0429, dtype=torch.float64, grad_fn=<MinBackward1>) tensor(-0.0015, dtype=torch.float64, grad_fn=<MaxBackward1>)
g_y vals:  tensor(2.6590e-08, dtype=torch.float64) tensor(940.9332, dtype=torch.float64)
psi_y_vals vals:  tensor(0.0122, dtype=torch.float64, grad_fn=<MinBackward1>) tensor(53441.8373, dtype=torch.float64, grad_fn=<MaxBackward1>)
phi_y_vals vals:  tensor(3.8215e-22, dtype=torch.float64) tensor(2.6648, dtype=torch.float64)
Q vals:  tensor(-0.0009, dtype=torch.float64, grad_fn=<MinBackward1>) tensor(0.0002, dtype=torch.float64, grad_fn=<MaxBackward1>)
(belief) log_density is nan or inf.
f vals:  tensor(-9584826.6970, dtype=torch.float64, grad_fn=<MinBackward1>) tensor(-0.0006, dtype=torch.float64, grad_fn=<MaxBackward1>)
g_y vals:  tensor(4.5889e-08, dtype=torch.float64) tensor(940.9332, dtype=torch.float64)
psi_y_vals vals:  tensor(0.0018, dtype=torch.float64, grad_fn=<MinBackward1>) tensor(54458.8092, dtype=torch.float64, grad_fn=<MaxBackward1>)
phi_y_vals vals:  tensor(2.7006e-22, dtype=torch.float64) tensor(2.6648, dtype=torch.float64)
Q vals:  tensor(-0.0032, dtype=torch.float64, grad_fn=<MinBackward1>) tensor(0.0007, dtype=torch.float64, grad_fn=<MaxBackward1>)
(belief) log_density is nan or inf.
f vals:  tensor(-338110.0329, dtype=torch.float64, grad_fn=<MinBackward1>) tensor(-1.8323e-05, dtype=torch.float64, grad_fn=<MaxBackward1>)
g_y vals:  tensor(6.8615e-08, dtype=torch.float64) tensor(940.9332, dtype=torch.float64)
psi_y_vals vals:  tensor(0.0019, dtype=torch.float64, grad_fn=<MinBackward1>) tensor(58878.6432, dtype=torch.float64, grad_fn=<MaxBackward1>)
phi_y_vals vals:  tensor(2.7006e-22, dtype=torch.float64) tensor(4.7441, dtype=torch.float64)
Q vals:  tensor(-9.7467e-05, dtype=torch.float64, grad_fn=<MinBackward1>) tensor(2.0738e-05, dtype=torch.float64, grad_fn=<MaxBackward1>)
Epoch 20: Avg: 5.8410, NLL: 4.7320, LDB: 0.0000, Reg: 1.1090, PSD: True, nPSD streak: 0/10, time: 0.438
(belief) log_density is nan or inf.
f vals:  tensor(-5236342.1888, dtype=torch.float64, grad_fn=<MinBackward1>) tensor(-0.0003, dtype=torch.float64, grad_fn=<MaxBackward1>)
g_y vals:  tensor(5.1137e-08, dtype=torch.float64) tensor(940.9332, dtype=torch.float64)
psi_y_vals vals:  tensor(0.0020, dtype=torch.float64, grad_fn=<MinBackward1>) tensor(58892.0105, dtype=torch.float64, grad_fn=<MaxBackward1>)
phi_y_vals vals:  tensor(3.8215e-22, dtype=torch.float64) tensor(4.7441, dtype=torch.float64)
Q vals:  tensor(-0.0015, dtype=torch.float64, grad_fn=<MinBackward1>) tensor(0.0003, dtype=torch.float64, grad_fn=<MaxBackward1>)
(belief) log_density is nan or inf.
f vals:  tensor(-17503243.9743, dtype=torch.float64, grad_fn=<MinBackward1>) tensor(-0.0010, dtype=torch.float64, grad_fn=<MaxBackward1>)
g_y vals:  tensor(4.7704e-08, dtype=torch.float64) tensor(940.9332, dtype=torch.float64)
psi_y_vals vals:  tensor(0.0019, dtype=torch.float64, grad_fn=<MinBackward1>) tensor(58872.8617, dtype=torch.float64, grad_fn=<MaxBackward1>)
phi_y_vals vals:  tensor(2.7006e-22, dtype=torch.float64) tensor(4.7441, dtype=torch.float64)
Q vals:  tensor(-0.0050, dtype=torch.float64, grad_fn=<MinBackward1>) tensor(0.0011, dtype=torch.float64, grad_fn=<MaxBackward1>)
(belief) log_density is nan or inf.
f vals:  tensor(-21686144.2574, dtype=torch.float64, grad_fn=<MinBackward1>) tensor(-0.0158, dtype=torch.float64, grad_fn=<MaxBackward1>)
g_y vals:  tensor(2.6590e-08, dtype=torch.float64) tensor(26.6287, dtype=torch.float64)
psi_y_vals vals:  tensor(0.0207, dtype=torch.float64, grad_fn=<MinBackward1>) tensor(48754.2276, dtype=torch.float64, grad_fn=<MaxBackward1>)
phi_y_vals vals:  tensor(1.4868e-21, dtype=torch.float64) tensor(4.7441, dtype=torch.float64)
Q vals:  tensor(-0.0091, dtype=torch.float64, grad_fn=<MinBackward1>) tensor(0.0019, dtype=torch.float64, grad_fn=<MaxBackward1>)
(belief) log_density is nan or inf.
f vals:  tensor(-1757273.0235, dtype=torch.float64, grad_fn=<MinBackward1>) tensor(-0.0010, dtype=torch.float64, grad_fn=<MaxBackward1>)
g_y vals:  tensor(4.5889e-08, dtype=torch.float64) tensor(26.6287, dtype=torch.float64)
psi_y_vals vals:  tensor(0.0131, dtype=torch.float64, grad_fn=<MinBackward1>) tensor(54605.8113, dtype=torch.float64, grad_fn=<MaxBackward1>)
phi_y_vals vals:  tensor(2.7006e-22, dtype=torch.float64) tensor(1.8966, dtype=torch.float64)
Q vals:  tensor(-0.0006, dtype=torch.float64, grad_fn=<MinBackward1>) tensor(0.0001, dtype=torch.float64, grad_fn=<MaxBackward1>)
(belief) log_density is nan or inf.
f vals:  tensor(-4984659.0667, dtype=torch.float64, grad_fn=<MinBackward1>) tensor(-0.0003, dtype=torch.float64, grad_fn=<MaxBackward1>)
g_y vals:  tensor(2.6590e-08, dtype=torch.float64) tensor(940.9332, dtype=torch.float64)
psi_y_vals vals:  tensor(0.0018, dtype=torch.float64, grad_fn=<MinBackward1>) tensor(58817.5140, dtype=torch.float64, grad_fn=<MaxBackward1>)
phi_y_vals vals:  tensor(3.8215e-22, dtype=torch.float64) tensor(4.7441, dtype=torch.float64)
Q vals:  tensor(-0.0014, dtype=torch.float64, grad_fn=<MinBackward1>) tensor(0.0003, dtype=torch.float64, grad_fn=<MaxBackward1>)
(belief) log_density is nan or inf.
f vals:  tensor(-921295.5563, dtype=torch.float64, grad_fn=<MinBackward1>) tensor(-4.6176e-05, dtype=torch.float64, grad_fn=<MaxBackward1>)
g_y vals:  tensor(4.5889e-08, dtype=torch.float64) tensor(85.0738, dtype=torch.float64)
psi_y_vals vals:  tensor(0.0018, dtype=torch.float64, grad_fn=<MinBackward1>) tensor(58808.4239, dtype=torch.float64, grad_fn=<MaxBackward1>)
phi_y_vals vals:  tensor(3.5108e-21, dtype=torch.float64) tensor(1.8966, dtype=torch.float64)
Q vals:  tensor(-0.0003, dtype=torch.float64, grad_fn=<MinBackward1>) tensor(5.6666e-05, dtype=torch.float64, grad_fn=<MaxBackward1>)
(belief) log_density is nan or inf.
f vals:  tensor(-274025.5630, dtype=torch.float64, grad_fn=<MinBackward1>) tensor(-0.0002, dtype=torch.float64, grad_fn=<MaxBackward1>)
g_y vals:  tensor(2.6590e-08, dtype=torch.float64) tensor(940.9332, dtype=torch.float64)
psi_y_vals vals:  tensor(0.0131, dtype=torch.float64, grad_fn=<MinBackward1>) tensor(54487.2053, dtype=torch.float64, grad_fn=<MaxBackward1>)
phi_y_vals vals:  tensor(2.7006e-22, dtype=torch.float64) tensor(4.7441, dtype=torch.float64)
Q vals:  tensor(-9.2262e-05, dtype=torch.float64, grad_fn=<MinBackward1>) tensor(1.9640e-05, dtype=torch.float64, grad_fn=<MaxBackward1>)
(belief) log_density is nan or inf.
f vals:  tensor(-899848.9703, dtype=torch.float64, grad_fn=<MinBackward1>) tensor(-0.0006, dtype=torch.float64, grad_fn=<MaxBackward1>)
g_y vals:  tensor(2.6590e-08, dtype=torch.float64) tensor(26.6287, dtype=torch.float64)
psi_y_vals vals:  tensor(0.0093, dtype=torch.float64, grad_fn=<MinBackward1>) tensor(50023.8818, dtype=torch.float64, grad_fn=<MaxBackward1>)
phi_y_vals vals:  tensor(1.4868e-21, dtype=torch.float64) tensor(1.8966, dtype=torch.float64)
Q vals:  tensor(-0.0004, dtype=torch.float64, grad_fn=<MinBackward1>) tensor(7.6523e-05, dtype=torch.float64, grad_fn=<MaxBackward1>)
(belief) log_density is nan or inf.
f vals:  tensor(-1240082.7362, dtype=torch.float64, grad_fn=<MinBackward1>) tensor(-6.0234e-05, dtype=torch.float64, grad_fn=<MaxBackward1>)
g_y vals:  tensor(5.1137e-08, dtype=torch.float64) tensor(940.9332, dtype=torch.float64)
psi_y_vals vals:  tensor(0.0018, dtype=torch.float64, grad_fn=<MinBackward1>) tensor(58785.0296, dtype=torch.float64, grad_fn=<MaxBackward1>)
phi_y_vals vals:  tensor(2.7006e-22, dtype=torch.float64) tensor(4.7441, dtype=torch.float64)
Q vals:  tensor(-0.0004, dtype=torch.float64, grad_fn=<MinBackward1>) tensor(7.6354e-05, dtype=torch.float64, grad_fn=<MaxBackward1>)
(belief) log_density is nan or inf.
f vals:  tensor(-1516199.9865, dtype=torch.float64, grad_fn=<MinBackward1>) tensor(-0.0008, dtype=torch.float64, grad_fn=<MaxBackward1>)
g_y vals:  tensor(5.1137e-08, dtype=torch.float64) tensor(3.0570, dtype=torch.float64)
psi_y_vals vals:  tensor(0.0092, dtype=torch.float64, grad_fn=<MinBackward1>) tensor(54407.5400, dtype=torch.float64, grad_fn=<MaxBackward1>)
phi_y_vals vals:  tensor(2.7006e-22, dtype=torch.float64) tensor(1.1618, dtype=torch.float64)
Q vals:  tensor(-0.0005, dtype=torch.float64, grad_fn=<MinBackward1>) tensor(0.0001, dtype=torch.float64, grad_fn=<MaxBackward1>)
(belief) log_density is nan or inf.
f vals:  tensor(-3151407.6031, dtype=torch.float64, grad_fn=<MinBackward1>) tensor(-0.0002, dtype=torch.float64, grad_fn=<MaxBackward1>)
g_y vals:  tensor(2.6590e-08, dtype=torch.float64) tensor(940.9332, dtype=torch.float64)
psi_y_vals vals:  tensor(0.0017, dtype=torch.float64, grad_fn=<MinBackward1>) tensor(58774.3207, dtype=torch.float64, grad_fn=<MaxBackward1>)
phi_y_vals vals:  tensor(4.3226e-21, dtype=torch.float64) tensor(4.7441, dtype=torch.float64)
Q vals:  tensor(-0.0009, dtype=torch.float64, grad_fn=<MinBackward1>) tensor(0.0002, dtype=torch.float64, grad_fn=<MaxBackward1>)
(belief) log_density is nan or inf.
f vals:  tensor(-981651.6680, dtype=torch.float64, grad_fn=<MinBackward1>) tensor(-5.4528e-05, dtype=torch.float64, grad_fn=<MaxBackward1>)
g_y vals:  tensor(2.6590e-08, dtype=torch.float64) tensor(85.0738, dtype=torch.float64)
psi_y_vals vals:  tensor(0.0017, dtype=torch.float64, grad_fn=<MinBackward1>) tensor(54373.6194, dtype=torch.float64, grad_fn=<MaxBackward1>)
phi_y_vals vals:  tensor(2.7006e-22, dtype=torch.float64) tensor(1.8966, dtype=torch.float64)
Q vals:  tensor(-0.0003, dtype=torch.float64, grad_fn=<MinBackward1>) tensor(7.0674e-05, dtype=torch.float64, grad_fn=<MaxBackward1>)
(belief) log_density is nan or inf.
f vals:  tensor(-601131.3947, dtype=torch.float64, grad_fn=<MinBackward1>) tensor(-0.0003, dtype=torch.float64, grad_fn=<MaxBackward1>)
g_y vals:  tensor(4.5889e-08, dtype=torch.float64) tensor(940.9332, dtype=torch.float64)
psi_y_vals vals:  tensor(0.0091, dtype=torch.float64, grad_fn=<MinBackward1>) tensor(58768.2350, dtype=torch.float64, grad_fn=<MaxBackward1>)
phi_y_vals vals:  tensor(3.5108e-21, dtype=torch.float64) tensor(4.7441, dtype=torch.float64)
Q vals:  tensor(-0.0002, dtype=torch.float64, grad_fn=<MinBackward1>) tensor(3.7041e-05, dtype=torch.float64, grad_fn=<MaxBackward1>)
Epoch 30: Avg: nan, NLL: nan, LDB: 0.0000, Reg: 1.1097, PSD: True, nPSD streak: 0/10, time: 0.490
(belief) log_density is nan or inf.
f vals:  tensor(-2919570.1306, dtype=torch.float64, grad_fn=<MinBackward1>) tensor(-0.0014, dtype=torch.float64, grad_fn=<MaxBackward1>)
g_y vals:  tensor(4.5889e-08, dtype=torch.float64) tensor(940.9332, dtype=torch.float64)
psi_y_vals vals:  tensor(0.0196, dtype=torch.float64, grad_fn=<MinBackward1>) tensor(58766.4601, dtype=torch.float64, grad_fn=<MaxBackward1>)
phi_y_vals vals:  tensor(2.7006e-22, dtype=torch.float64) tensor(2.6648, dtype=torch.float64)
Q vals:  tensor(-0.0008, dtype=torch.float64, grad_fn=<MinBackward1>) tensor(0.0002, dtype=torch.float64, grad_fn=<MaxBackward1>)
(belief) log_density is nan or inf.
f vals:  tensor(-4603151.1471, dtype=torch.float64, grad_fn=<MinBackward1>) tensor(-0.0026, dtype=torch.float64, grad_fn=<MaxBackward1>)
g_y vals:  tensor(4.5889e-08, dtype=torch.float64) tensor(19.6968, dtype=torch.float64)
psi_y_vals vals:  tensor(0.0210, dtype=torch.float64, grad_fn=<MinBackward1>) tensor(54337.7540, dtype=torch.float64, grad_fn=<MaxBackward1>)
phi_y_vals vals:  tensor(2.7006e-22, dtype=torch.float64) tensor(1.1618, dtype=torch.float64)
Q vals:  tensor(-0.0016, dtype=torch.float64, grad_fn=<MinBackward1>) tensor(0.0003, dtype=torch.float64, grad_fn=<MaxBackward1>)
(belief) log_density is nan or inf.
f vals:  tensor(-18095886.2102, dtype=torch.float64, grad_fn=<MinBackward1>) tensor(-0.0008, dtype=torch.float64, grad_fn=<MaxBackward1>)
g_y vals:  tensor(2.6590e-08, dtype=torch.float64) tensor(940.9332, dtype=torch.float64)
psi_y_vals vals:  tensor(0.0017, dtype=torch.float64, grad_fn=<MinBackward1>) tensor(58765.2585, dtype=torch.float64, grad_fn=<MaxBackward1>)
phi_y_vals vals:  tensor(3.8215e-22, dtype=torch.float64) tensor(4.7441, dtype=torch.float64)
Q vals:  tensor(-0.0052, dtype=torch.float64, grad_fn=<MinBackward1>) tensor(0.0011, dtype=torch.float64, grad_fn=<MaxBackward1>)
(belief) log_density is nan or inf.
f vals:  tensor(-11189360.0841, dtype=torch.float64, grad_fn=<MinBackward1>) tensor(-0.0051, dtype=torch.float64, grad_fn=<MaxBackward1>)
g_y vals:  tensor(2.6590e-08, dtype=torch.float64) tensor(85.0738, dtype=torch.float64)
psi_y_vals vals:  tensor(0.0090, dtype=torch.float64, grad_fn=<MinBackward1>) tensor(58852.0934, dtype=torch.float64, grad_fn=<MaxBackward1>)
phi_y_vals vals:  tensor(3.5108e-21, dtype=torch.float64) tensor(4.7441, dtype=torch.float64)
Q vals:  tensor(-0.0032, dtype=torch.float64, grad_fn=<MinBackward1>) tensor(0.0007, dtype=torch.float64, grad_fn=<MaxBackward1>)
(belief) log_density is nan or inf.
f vals:  tensor(-1059193.9489, dtype=torch.float64, grad_fn=<MinBackward1>) tensor(-0.0008, dtype=torch.float64, grad_fn=<MaxBackward1>)
g_y vals:  tensor(4.5889e-08, dtype=torch.float64) tensor(85.0738, dtype=torch.float64)
psi_y_vals vals:  tensor(0.0136, dtype=torch.float64, grad_fn=<MinBackward1>) tensor(59029.4081, dtype=torch.float64, grad_fn=<MaxBackward1>)
phi_y_vals vals:  tensor(3.8215e-22, dtype=torch.float64) tensor(1.8966, dtype=torch.float64)
Q vals:  tensor(-0.0003, dtype=torch.float64, grad_fn=<MinBackward1>) tensor(6.4691e-05, dtype=torch.float64, grad_fn=<MaxBackward1>)
Epoch 40: Avg: 5.0852, NLL: 3.9753, LDB: 0.0000, Reg: 1.1099, PSD: True, nPSD streak: 0/10, time: 0.491
(belief) log_density is nan or inf.
f vals:  tensor(-1972570.5509, dtype=torch.float64, grad_fn=<MinBackward1>) tensor(-0.0011, dtype=torch.float64, grad_fn=<MaxBackward1>)
g_y vals:  tensor(2.6590e-08, dtype=torch.float64) tensor(85.0738, dtype=torch.float64)
psi_y_vals vals:  tensor(0.0089, dtype=torch.float64, grad_fn=<MinBackward1>) tensor(54558.3569, dtype=torch.float64, grad_fn=<MaxBackward1>)
phi_y_vals vals:  tensor(3.5108e-21, dtype=torch.float64) tensor(1.2034, dtype=torch.float64)
Q vals:  tensor(-0.0007, dtype=torch.float64, grad_fn=<MinBackward1>) tensor(0.0001, dtype=torch.float64, grad_fn=<MaxBackward1>)
(belief) log_density is nan or inf.
f vals:  tensor(-12164704.2586, dtype=torch.float64, grad_fn=<MinBackward1>) tensor(-0.0006, dtype=torch.float64, grad_fn=<MaxBackward1>)
g_y vals:  tensor(4.5889e-08, dtype=torch.float64) tensor(940.9332, dtype=torch.float64)
psi_y_vals vals:  tensor(0.0017, dtype=torch.float64, grad_fn=<MinBackward1>) tensor(59150.6084, dtype=torch.float64, grad_fn=<MaxBackward1>)
phi_y_vals vals:  tensor(2.7006e-22, dtype=torch.float64) tensor(4.7441, dtype=torch.float64)
Q vals:  tensor(-0.0035, dtype=torch.float64, grad_fn=<MinBackward1>) tensor(0.0007, dtype=torch.float64, grad_fn=<MaxBackward1>)
(belief) log_density is nan or inf.
f vals:  tensor(-638962.7290, dtype=torch.float64, grad_fn=<MinBackward1>) tensor(-0.0004, dtype=torch.float64, grad_fn=<MaxBackward1>)
g_y vals:  tensor(2.6590e-08, dtype=torch.float64) tensor(85.0738, dtype=torch.float64)
psi_y_vals vals:  tensor(0.0088, dtype=torch.float64, grad_fn=<MinBackward1>) tensor(50805.7762, dtype=torch.float64, grad_fn=<MaxBackward1>)
phi_y_vals vals:  tensor(6.4912e-21, dtype=torch.float64) tensor(1.8966, dtype=torch.float64)
Q vals:  tensor(-0.0002, dtype=torch.float64, grad_fn=<MinBackward1>) tensor(5.2677e-05, dtype=torch.float64, grad_fn=<MaxBackward1>)
(belief) log_density is nan or inf.
f vals:  tensor(-5519989.0790, dtype=torch.float64, grad_fn=<MinBackward1>) tensor(-0.0003, dtype=torch.float64, grad_fn=<MaxBackward1>)
g_y vals:  tensor(2.6590e-08, dtype=torch.float64) tensor(940.9332, dtype=torch.float64)
psi_y_vals vals:  tensor(0.0017, dtype=torch.float64, grad_fn=<MinBackward1>) tensor(59227.6112, dtype=torch.float64, grad_fn=<MaxBackward1>)
phi_y_vals vals:  tensor(2.7006e-22, dtype=torch.float64) tensor(2.6648, dtype=torch.float64)
Q vals:  tensor(-0.0016, dtype=torch.float64, grad_fn=<MinBackward1>) tensor(0.0003, dtype=torch.float64, grad_fn=<MaxBackward1>)
(belief) log_density is nan or inf.
f vals:  tensor(-8305692.5565, dtype=torch.float64, grad_fn=<MinBackward1>) tensor(-0.0005, dtype=torch.float64, grad_fn=<MaxBackward1>)
g_y vals:  tensor(4.5889e-08, dtype=torch.float64) tensor(940.9332, dtype=torch.float64)
psi_y_vals vals:  tensor(0.0016, dtype=torch.float64, grad_fn=<MinBackward1>) tensor(50805.4328, dtype=torch.float64, grad_fn=<MaxBackward1>)
phi_y_vals vals:  tensor(2.7006e-22, dtype=torch.float64) tensor(2.6648, dtype=torch.float64)
Q vals:  tensor(-0.0032, dtype=torch.float64, grad_fn=<MinBackward1>) tensor(0.0007, dtype=torch.float64, grad_fn=<MaxBackward1>)
(belief) log_density is nan or inf.
f vals:  tensor(-4786664.1369, dtype=torch.float64, grad_fn=<MinBackward1>) tensor(-0.0021, dtype=torch.float64, grad_fn=<MaxBackward1>)
g_y vals:  tensor(2.6590e-08, dtype=torch.float64) tensor(85.0738, dtype=torch.float64)
psi_y_vals vals:  tensor(0.0086, dtype=torch.float64, grad_fn=<MinBackward1>) tensor(59231.6652, dtype=torch.float64, grad_fn=<MaxBackward1>)
phi_y_vals vals:  tensor(1.4868e-21, dtype=torch.float64) tensor(4.7441, dtype=torch.float64)
Q vals:  tensor(-0.0014, dtype=torch.float64, grad_fn=<MinBackward1>) tensor(0.0003, dtype=torch.float64, grad_fn=<MaxBackward1>)
Epoch 50: Avg: nan, NLL: nan, LDB: 0.0000, Reg: 1.1102, PSD: True, nPSD streak: 0/10, time: 0.442
(belief) log_density is nan or inf.
f vals:  tensor(-1253434.3407, dtype=torch.float64, grad_fn=<MinBackward1>) tensor(-6.6971e-05, dtype=torch.float64, grad_fn=<MaxBackward1>)
g_y vals:  tensor(2.6590e-08, dtype=torch.float64) tensor(85.0738, dtype=torch.float64)
psi_y_vals vals:  tensor(0.0016, dtype=torch.float64, grad_fn=<MinBackward1>) tensor(54419.2993, dtype=torch.float64, grad_fn=<MaxBackward1>)
phi_y_vals vals:  tensor(2.7006e-22, dtype=torch.float64) tensor(1.2034, dtype=torch.float64)
Q vals:  tensor(-0.0004, dtype=torch.float64, grad_fn=<MinBackward1>) tensor(9.0091e-05, dtype=torch.float64, grad_fn=<MaxBackward1>)
(belief) log_density is nan or inf.
f vals:  tensor(-408385.2843, dtype=torch.float64, grad_fn=<MinBackward1>) tensor(-0.0003, dtype=torch.float64, grad_fn=<MaxBackward1>)
g_y vals:  tensor(6.8615e-08, dtype=torch.float64) tensor(940.9332, dtype=torch.float64)
psi_y_vals vals:  tensor(0.0120, dtype=torch.float64, grad_fn=<MinBackward1>) tensor(59231.8477, dtype=torch.float64, grad_fn=<MaxBackward1>)
phi_y_vals vals:  tensor(3.5108e-21, dtype=torch.float64) tensor(4.7441, dtype=torch.float64)
Q vals:  tensor(-0.0001, dtype=torch.float64, grad_fn=<MinBackward1>) tensor(2.4773e-05, dtype=torch.float64, grad_fn=<MaxBackward1>)
(belief) log_density is nan or inf.
f vals:  tensor(-1786700.4409, dtype=torch.float64, grad_fn=<MinBackward1>) tensor(-7.9876e-05, dtype=torch.float64, grad_fn=<MaxBackward1>)
g_y vals:  tensor(4.5889e-08, dtype=torch.float64) tensor(940.9332, dtype=torch.float64)
psi_y_vals vals:  tensor(0.0016, dtype=torch.float64, grad_fn=<MinBackward1>) tensor(59232.8265, dtype=torch.float64, grad_fn=<MaxBackward1>)
phi_y_vals vals:  tensor(1.4868e-21, dtype=torch.float64) tensor(2.6648, dtype=torch.float64)
Q vals:  tensor(-0.0005, dtype=torch.float64, grad_fn=<MinBackward1>) tensor(0.0001, dtype=torch.float64, grad_fn=<MaxBackward1>)
(belief) log_density is nan or inf.
f vals:  tensor(-1227417.4409, dtype=torch.float64, grad_fn=<MinBackward1>) tensor(-0.0007, dtype=torch.float64, grad_fn=<MaxBackward1>)
g_y vals:  tensor(2.6590e-08, dtype=torch.float64) tensor(19.6968, dtype=torch.float64)
psi_y_vals vals:  tensor(0.0186, dtype=torch.float64, grad_fn=<MinBackward1>) tensor(53785.1877, dtype=torch.float64, grad_fn=<MaxBackward1>)
phi_y_vals vals:  tensor(2.7006e-22, dtype=torch.float64) tensor(4.7441, dtype=torch.float64)
Q vals:  tensor(-0.0004, dtype=torch.float64, grad_fn=<MinBackward1>) tensor(9.0182e-05, dtype=torch.float64, grad_fn=<MaxBackward1>)
(belief) log_density is nan or inf.
f vals:  tensor(-1012666.9612, dtype=torch.float64, grad_fn=<MinBackward1>) tensor(-0.0005, dtype=torch.float64, grad_fn=<MaxBackward1>)
g_y vals:  tensor(2.6590e-08, dtype=torch.float64) tensor(85.0738, dtype=torch.float64)
psi_y_vals vals:  tensor(0.0085, dtype=torch.float64, grad_fn=<MinBackward1>) tensor(54350.4736, dtype=torch.float64, grad_fn=<MaxBackward1>)
phi_y_vals vals:  tensor(6.4912e-21, dtype=torch.float64) tensor(4.7441, dtype=torch.float64)
Q vals:  tensor(-0.0003, dtype=torch.float64, grad_fn=<MinBackward1>) tensor(7.2977e-05, dtype=torch.float64, grad_fn=<MaxBackward1>)
(belief) log_density is nan or inf.
f vals:  tensor(-1002940.5934, dtype=torch.float64, grad_fn=<MinBackward1>) tensor(-4.4493e-05, dtype=torch.float64, grad_fn=<MaxBackward1>)
g_y vals:  tensor(5.1137e-08, dtype=torch.float64) tensor(940.9332, dtype=torch.float64)
psi_y_vals vals:  tensor(0.0016, dtype=torch.float64, grad_fn=<MinBackward1>) tensor(59238.7227, dtype=torch.float64, grad_fn=<MaxBackward1>)
phi_y_vals vals:  tensor(2.7006e-22, dtype=torch.float64) tensor(2.6648, dtype=torch.float64)
Q vals:  tensor(-0.0003, dtype=torch.float64, grad_fn=<MinBackward1>) tensor(6.0828e-05, dtype=torch.float64, grad_fn=<MaxBackward1>)
(belief) log_density is nan or inf.
f vals:  tensor(-828823.4414, dtype=torch.float64, grad_fn=<MinBackward1>) tensor(-0.0004, dtype=torch.float64, grad_fn=<MaxBackward1>)
g_y vals:  tensor(2.6590e-08, dtype=torch.float64) tensor(85.0738, dtype=torch.float64)
psi_y_vals vals:  tensor(0.0084, dtype=torch.float64, grad_fn=<MinBackward1>) tensor(59241.3953, dtype=torch.float64, grad_fn=<MaxBackward1>)
phi_y_vals vals:  tensor(2.7006e-22, dtype=torch.float64) tensor(4.7441, dtype=torch.float64)
Q vals:  tensor(-0.0002, dtype=torch.float64, grad_fn=<MinBackward1>) tensor(5.0263e-05, dtype=torch.float64, grad_fn=<MaxBackward1>)
(belief) log_density is nan or inf.
f vals:  tensor(-797675.4679, dtype=torch.float64, grad_fn=<MinBackward1>) tensor(-4.1986e-05, dtype=torch.float64, grad_fn=<MaxBackward1>)
g_y vals:  tensor(4.5889e-08, dtype=torch.float64) tensor(940.9332, dtype=torch.float64)
psi_y_vals vals:  tensor(0.0016, dtype=torch.float64, grad_fn=<MinBackward1>) tensor(54329.9356, dtype=torch.float64, grad_fn=<MaxBackward1>)
phi_y_vals vals:  tensor(1.4868e-21, dtype=torch.float64) tensor(2.6648, dtype=torch.float64)
Q vals:  tensor(-0.0003, dtype=torch.float64, grad_fn=<MinBackward1>) tensor(5.7527e-05, dtype=torch.float64, grad_fn=<MaxBackward1>)
(belief) log_density is nan or inf.
f vals:  tensor(-1460462.1555, dtype=torch.float64, grad_fn=<MinBackward1>) tensor(-0.0006, dtype=torch.float64, grad_fn=<MaxBackward1>)
g_y vals:  tensor(5.1137e-08, dtype=torch.float64) tensor(940.9332, dtype=torch.float64)
psi_y_vals vals:  tensor(0.0084, dtype=torch.float64, grad_fn=<MinBackward1>) tensor(59247.3159, dtype=torch.float64, grad_fn=<MaxBackward1>)
phi_y_vals vals:  tensor(3.5108e-21, dtype=torch.float64) tensor(4.7441, dtype=torch.float64)
Q vals:  tensor(-0.0004, dtype=torch.float64, grad_fn=<MinBackward1>) tensor(8.8550e-05, dtype=torch.float64, grad_fn=<MaxBackward1>)
(belief) log_density is nan or inf.
f vals:  tensor(-1921283.9263, dtype=torch.float64, grad_fn=<MinBackward1>) tensor(-0.0001, dtype=torch.float64, grad_fn=<MaxBackward1>)
g_y vals:  tensor(2.6590e-08, dtype=torch.float64) tensor(2.2702, dtype=torch.float64)
psi_y_vals vals:  tensor(0.0016, dtype=torch.float64, grad_fn=<MinBackward1>) tensor(54327.7822, dtype=torch.float64, grad_fn=<MaxBackward1>)
phi_y_vals vals:  tensor(2.7006e-22, dtype=torch.float64) tensor(1.8966, dtype=torch.float64)
Q vals:  tensor(-0.0007, dtype=torch.float64, grad_fn=<MinBackward1>) tensor(0.0001, dtype=torch.float64, grad_fn=<MaxBackward1>)
(belief) log_density is nan or inf.
f vals:  tensor(-3746814.6760, dtype=torch.float64, grad_fn=<MinBackward1>) tensor(-0.0020, dtype=torch.float64, grad_fn=<MaxBackward1>)
g_y vals:  tensor(5.1137e-08, dtype=torch.float64) tensor(940.9332, dtype=torch.float64)
psi_y_vals vals:  tensor(0.0119, dtype=torch.float64, grad_fn=<MinBackward1>) tensor(59253.4639, dtype=torch.float64, grad_fn=<MaxBackward1>)
phi_y_vals vals:  tensor(2.7006e-22, dtype=torch.float64) tensor(2.6648, dtype=torch.float64)
Q vals:  tensor(-0.0011, dtype=torch.float64, grad_fn=<MinBackward1>) tensor(0.0002, dtype=torch.float64, grad_fn=<MaxBackward1>)
(belief) log_density is nan or inf.
f vals:  tensor(-4331874.6126, dtype=torch.float64, grad_fn=<MinBackward1>) tensor(-0.0003, dtype=torch.float64, grad_fn=<MaxBackward1>)
g_y vals:  tensor(2.6590e-08, dtype=torch.float64) tensor(85.0738, dtype=torch.float64)
psi_y_vals vals:  tensor(0.0016, dtype=torch.float64, grad_fn=<MinBackward1>) tensor(48493.9903, dtype=torch.float64, grad_fn=<MaxBackward1>)
phi_y_vals vals:  tensor(3.8215e-22, dtype=torch.float64) tensor(4.7441, dtype=torch.float64)
Q vals:  tensor(-0.0018, dtype=torch.float64, grad_fn=<MinBackward1>) tensor(0.0004, dtype=torch.float64, grad_fn=<MaxBackward1>)
(belief) log_density is nan or inf.
f vals:  tensor(-13362288.7810, dtype=torch.float64, grad_fn=<MinBackward1>) tensor(-0.0068, dtype=torch.float64, grad_fn=<MaxBackward1>)
g_y vals:  tensor(4.5889e-08, dtype=torch.float64) tensor(940.9332, dtype=torch.float64)
psi_y_vals vals:  tensor(0.0084, dtype=torch.float64, grad_fn=<MinBackward1>) tensor(54346.6205, dtype=torch.float64, grad_fn=<MaxBackward1>)
phi_y_vals vals:  tensor(2.7006e-22, dtype=torch.float64) tensor(4.7441, dtype=torch.float64)
Q vals:  tensor(-0.0045, dtype=torch.float64, grad_fn=<MinBackward1>) tensor(0.0010, dtype=torch.float64, grad_fn=<MaxBackward1>)
(belief) log_density is nan or inf.
f vals:  tensor(-14794270.0023, dtype=torch.float64, grad_fn=<MinBackward1>) tensor(-0.0009, dtype=torch.float64, grad_fn=<MaxBackward1>)
g_y vals:  tensor(2.6590e-08, dtype=torch.float64) tensor(19.6968, dtype=torch.float64)
psi_y_vals vals:  tensor(0.0016, dtype=torch.float64, grad_fn=<MinBackward1>) tensor(50764.2014, dtype=torch.float64, grad_fn=<MaxBackward1>)
phi_y_vals vals:  tensor(2.7006e-22, dtype=torch.float64) tensor(4.7441, dtype=torch.float64)
Q vals:  tensor(-0.0057, dtype=torch.float64, grad_fn=<MinBackward1>) tensor(0.0012, dtype=torch.float64, grad_fn=<MaxBackward1>)
(belief) log_density is nan or inf.
f vals:  tensor(-12761362.4559, dtype=torch.float64, grad_fn=<MinBackward1>) tensor(-0.0066, dtype=torch.float64, grad_fn=<MaxBackward1>)
g_y vals:  tensor(5.1137e-08, dtype=torch.float64) tensor(940.9332, dtype=torch.float64)
psi_y_vals vals:  tensor(0.0120, dtype=torch.float64, grad_fn=<MinBackward1>) tensor(59275.7769, dtype=torch.float64, grad_fn=<MaxBackward1>)
phi_y_vals vals:  tensor(3.8215e-22, dtype=torch.float64) tensor(2.6648, dtype=torch.float64)
Q vals:  tensor(-0.0036, dtype=torch.float64, grad_fn=<MinBackward1>) tensor(0.0008, dtype=torch.float64, grad_fn=<MaxBackward1>)
(belief) log_density is nan or inf.
f vals:  tensor(-10314626.6383, dtype=torch.float64, grad_fn=<MinBackward1>) tensor(-0.0006, dtype=torch.float64, grad_fn=<MaxBackward1>)
g_y vals:  tensor(4.5889e-08, dtype=torch.float64) tensor(85.0738, dtype=torch.float64)
psi_y_vals vals:  tensor(0.0016, dtype=torch.float64, grad_fn=<MinBackward1>) tensor(49865.4114, dtype=torch.float64, grad_fn=<MaxBackward1>)
phi_y_vals vals:  tensor(3.8215e-22, dtype=torch.float64) tensor(4.7441, dtype=torch.float64)
Q vals:  tensor(-0.0041, dtype=torch.float64, grad_fn=<MinBackward1>) tensor(0.0009, dtype=torch.float64, grad_fn=<MaxBackward1>)
Epoch 60: Avg: nan, NLL: nan, LDB: 0.0000, Reg: 1.1105, PSD: True, nPSD streak: 0/10, time: 0.504
(belief) log_density is nan or inf.
f vals:  tensor(-2203875.4224, dtype=torch.float64, grad_fn=<MinBackward1>) tensor(-9.5277e-05, dtype=torch.float64, grad_fn=<MaxBackward1>)
g_y vals:  tensor(2.6590e-08, dtype=torch.float64) tensor(940.9332, dtype=torch.float64)
psi_y_vals vals:  tensor(0.0016, dtype=torch.float64, grad_fn=<MinBackward1>) tensor(59284.6377, dtype=torch.float64, grad_fn=<MaxBackward1>)
phi_y_vals vals:  tensor(3.5108e-21, dtype=torch.float64) tensor(2.6648, dtype=torch.float64)
Q vals:  tensor(-0.0006, dtype=torch.float64, grad_fn=<MinBackward1>) tensor(0.0001, dtype=torch.float64, grad_fn=<MaxBackward1>)
(belief) log_density is nan or inf.
f vals:  tensor(-694860.3204, dtype=torch.float64, grad_fn=<MinBackward1>) tensor(-3.5861e-05, dtype=torch.float64, grad_fn=<MaxBackward1>)
g_y vals:  tensor(2.6590e-08, dtype=torch.float64) tensor(85.0738, dtype=torch.float64)
psi_y_vals vals:  tensor(0.0016, dtype=torch.float64, grad_fn=<MinBackward1>) tensor(54261.3286, dtype=torch.float64, grad_fn=<MaxBackward1>)
phi_y_vals vals:  tensor(2.7006e-22, dtype=torch.float64) tensor(4.7441, dtype=torch.float64)
Q vals:  tensor(-0.0002, dtype=torch.float64, grad_fn=<MinBackward1>) tensor(5.0237e-05, dtype=torch.float64, grad_fn=<MaxBackward1>)
(belief) log_density is nan or inf.
f vals:  tensor(-535277.3668, dtype=torch.float64, grad_fn=<MinBackward1>) tensor(-0.0003, dtype=torch.float64, grad_fn=<MaxBackward1>)
g_y vals:  tensor(4.5889e-08, dtype=torch.float64) tensor(940.9332, dtype=torch.float64)
psi_y_vals vals:  tensor(0.0121, dtype=torch.float64, grad_fn=<MinBackward1>) tensor(59291.0238, dtype=torch.float64, grad_fn=<MaxBackward1>)
phi_y_vals vals:  tensor(3.8215e-22, dtype=torch.float64) tensor(2.6648, dtype=torch.float64)
Q vals:  tensor(-0.0002, dtype=torch.float64, grad_fn=<MinBackward1>) tensor(3.2406e-05, dtype=torch.float64, grad_fn=<MaxBackward1>)
(belief) log_density is nan or inf.
f vals:  tensor(-75852.1542, dtype=torch.float64, grad_fn=<MinBackward1>) tensor(-3.2802e-06, dtype=torch.float64, grad_fn=<MaxBackward1>)
g_y vals:  tensor(2.6590e-08, dtype=torch.float64) tensor(940.9332, dtype=torch.float64)
psi_y_vals vals:  tensor(0.0016, dtype=torch.float64, grad_fn=<MinBackward1>) tensor(59294.6310, dtype=torch.float64, grad_fn=<MaxBackward1>)
phi_y_vals vals:  tensor(2.7006e-22, dtype=torch.float64) tensor(4.7441, dtype=torch.float64)
Q vals:  tensor(-2.1562e-05, dtype=torch.float64, grad_fn=<MinBackward1>) tensor(4.5914e-06, dtype=torch.float64, grad_fn=<MaxBackward1>)
(belief) log_density is nan or inf.
f vals:  tensor(-118061.9025, dtype=torch.float64, grad_fn=<MinBackward1>) tensor(-0.0001, dtype=torch.float64, grad_fn=<MaxBackward1>)
g_y vals:  tensor(4.7704e-08, dtype=torch.float64) tensor(85.0738, dtype=torch.float64)
psi_y_vals vals:  tensor(0.0180, dtype=torch.float64, grad_fn=<MinBackward1>) tensor(54271.3658, dtype=torch.float64, grad_fn=<MaxBackward1>)
phi_y_vals vals:  tensor(6.4912e-21, dtype=torch.float64) tensor(1.8966, dtype=torch.float64)
Q vals:  tensor(-4.0068e-05, dtype=torch.float64, grad_fn=<MinBackward1>) tensor(8.5321e-06, dtype=torch.float64, grad_fn=<MaxBackward1>)
(belief) log_density is nan or inf.
f vals:  tensor(-390751.8530, dtype=torch.float64, grad_fn=<MinBackward1>) tensor(-2.0206e-05, dtype=torch.float64, grad_fn=<MaxBackward1>)
g_y vals:  tensor(4.7704e-08, dtype=torch.float64) tensor(26.6287, dtype=torch.float64)
psi_y_vals vals:  tensor(0.0016, dtype=torch.float64, grad_fn=<MinBackward1>) tensor(54276.3643, dtype=torch.float64, grad_fn=<MaxBackward1>)
phi_y_vals vals:  tensor(3.8215e-22, dtype=torch.float64) tensor(1.1618, dtype=torch.float64)
Q vals:  tensor(-0.0001, dtype=torch.float64, grad_fn=<MinBackward1>) tensor(2.8233e-05, dtype=torch.float64, grad_fn=<MaxBackward1>)
(belief) log_density is nan or inf.
f vals:  tensor(-857997.1278, dtype=torch.float64, grad_fn=<MinBackward1>) tensor(-0.0004, dtype=torch.float64, grad_fn=<MaxBackward1>)
g_y vals:  tensor(2.6590e-08, dtype=torch.float64) tensor(940.9332, dtype=torch.float64)
psi_y_vals vals:  tensor(0.0122, dtype=torch.float64, grad_fn=<MinBackward1>) tensor(59305.7258, dtype=torch.float64, grad_fn=<MaxBackward1>)
phi_y_vals vals:  tensor(2.7006e-22, dtype=torch.float64) tensor(4.7441, dtype=torch.float64)
Q vals:  tensor(-0.0002, dtype=torch.float64, grad_fn=<MinBackward1>) tensor(5.1913e-05, dtype=torch.float64, grad_fn=<MaxBackward1>)
(belief) log_density is nan or inf.
f vals:  tensor(-1455554.8190, dtype=torch.float64, grad_fn=<MinBackward1>) tensor(-6.3194e-05, dtype=torch.float64, grad_fn=<MaxBackward1>)
g_y vals:  tensor(2.6590e-08, dtype=torch.float64) tensor(85.0738, dtype=torch.float64)
psi_y_vals vals:  tensor(0.0016, dtype=torch.float64, grad_fn=<MinBackward1>) tensor(59309.9686, dtype=torch.float64, grad_fn=<MaxBackward1>)
phi_y_vals vals:  tensor(3.8215e-22, dtype=torch.float64) tensor(4.7441, dtype=torch.float64)
Q vals:  tensor(-0.0004, dtype=torch.float64, grad_fn=<MinBackward1>) tensor(8.8052e-05, dtype=torch.float64, grad_fn=<MaxBackward1>)
(belief) log_density is nan or inf.
f vals:  tensor(-2652990.3378, dtype=torch.float64, grad_fn=<MinBackward1>) tensor(-0.0013, dtype=torch.float64, grad_fn=<MaxBackward1>)
g_y vals:  tensor(4.5889e-08, dtype=torch.float64) tensor(940.9332, dtype=torch.float64)
psi_y_vals vals:  tensor(0.0082, dtype=torch.float64, grad_fn=<MinBackward1>) tensor(54298.0784, dtype=torch.float64, grad_fn=<MaxBackward1>)
phi_y_vals vals:  tensor(2.7006e-22, dtype=torch.float64) tensor(2.6648, dtype=torch.float64)
Q vals:  tensor(-0.0009, dtype=torch.float64, grad_fn=<MinBackward1>) tensor(0.0002, dtype=torch.float64, grad_fn=<MaxBackward1>)
(belief) log_density is nan or inf.
f vals:  tensor(-1825913.8435, dtype=torch.float64, grad_fn=<MinBackward1>) tensor(-0.0001, dtype=torch.float64, grad_fn=<MaxBackward1>)
g_y vals:  tensor(2.6590e-08, dtype=torch.float64) tensor(940.9332, dtype=torch.float64)
psi_y_vals vals:  tensor(0.0016, dtype=torch.float64, grad_fn=<MinBackward1>) tensor(50808.1462, dtype=torch.float64, grad_fn=<MaxBackward1>)
phi_y_vals vals:  tensor(2.7006e-22, dtype=torch.float64) tensor(2.6648, dtype=torch.float64)
Q vals:  tensor(-0.0007, dtype=torch.float64, grad_fn=<MinBackward1>) tensor(0.0002, dtype=torch.float64, grad_fn=<MaxBackward1>)
(belief) log_density is nan or inf.
f vals:  tensor(-2725561.2022, dtype=torch.float64, grad_fn=<MinBackward1>) tensor(-0.0012, dtype=torch.float64, grad_fn=<MaxBackward1>)
g_y vals:  tensor(4.5889e-08, dtype=torch.float64) tensor(85.0738, dtype=torch.float64)
psi_y_vals vals:  tensor(0.0083, dtype=torch.float64, grad_fn=<MinBackward1>) tensor(59324.9967, dtype=torch.float64, grad_fn=<MaxBackward1>)
phi_y_vals vals:  tensor(1.4868e-21, dtype=torch.float64) tensor(4.7441, dtype=torch.float64)
Q vals:  tensor(-0.0008, dtype=torch.float64, grad_fn=<MinBackward1>) tensor(0.0002, dtype=torch.float64, grad_fn=<MaxBackward1>)
(belief) log_density is nan or inf.
f vals:  tensor(-2557405.8010, dtype=torch.float64, grad_fn=<MinBackward1>) tensor(-0.0013, dtype=torch.float64, grad_fn=<MaxBackward1>)
g_y vals:  tensor(4.7704e-08, dtype=torch.float64) tensor(85.0738, dtype=torch.float64)
psi_y_vals vals:  tensor(0.0083, dtype=torch.float64, grad_fn=<MinBackward1>) tensor(54333.9870, dtype=torch.float64, grad_fn=<MaxBackward1>)
phi_y_vals vals:  tensor(3.8215e-22, dtype=torch.float64) tensor(4.7441, dtype=torch.float64)
Q vals:  tensor(-0.0009, dtype=torch.float64, grad_fn=<MinBackward1>) tensor(0.0002, dtype=torch.float64, grad_fn=<MaxBackward1>)
(belief) log_density is nan or inf.
f vals:  tensor(-2806523.9141, dtype=torch.float64, grad_fn=<MinBackward1>) tensor(-0.0001, dtype=torch.float64, grad_fn=<MaxBackward1>)
g_y vals:  tensor(2.6590e-08, dtype=torch.float64) tensor(940.9332, dtype=torch.float64)
psi_y_vals vals:  tensor(0.0016, dtype=torch.float64, grad_fn=<MinBackward1>) tensor(59335.9913, dtype=torch.float64, grad_fn=<MaxBackward1>)
phi_y_vals vals:  tensor(2.7006e-22, dtype=torch.float64) tensor(2.6648, dtype=torch.float64)
Q vals:  tensor(-0.0008, dtype=torch.float64, grad_fn=<MinBackward1>) tensor(0.0002, dtype=torch.float64, grad_fn=<MaxBackward1>)
(belief) log_density is nan or inf.
f vals:  tensor(-3647917.8156, dtype=torch.float64, grad_fn=<MinBackward1>) tensor(-0.0016, dtype=torch.float64, grad_fn=<MaxBackward1>)
g_y vals:  tensor(4.5889e-08, dtype=torch.float64) tensor(19.6968, dtype=torch.float64)
psi_y_vals vals:  tensor(0.0083, dtype=torch.float64, grad_fn=<MinBackward1>) tensor(59342.2705, dtype=torch.float64, grad_fn=<MaxBackward1>)
phi_y_vals vals:  tensor(2.7006e-22, dtype=torch.float64) tensor(4.7441, dtype=torch.float64)
Q vals:  tensor(-0.0010, dtype=torch.float64, grad_fn=<MinBackward1>) tensor(0.0002, dtype=torch.float64, grad_fn=<MaxBackward1>)
(belief) log_density is nan or inf.
f vals:  tensor(-2831145.1454, dtype=torch.float64, grad_fn=<MinBackward1>) tensor(-0.0002, dtype=torch.float64, grad_fn=<MaxBackward1>)
g_y vals:  tensor(2.6590e-08, dtype=torch.float64) tensor(940.9332, dtype=torch.float64)
psi_y_vals vals:  tensor(0.0016, dtype=torch.float64, grad_fn=<MinBackward1>) tensor(50872.7003, dtype=torch.float64, grad_fn=<MaxBackward1>)
phi_y_vals vals:  tensor(3.8215e-22, dtype=torch.float64) tensor(2.6648, dtype=torch.float64)
Q vals:  tensor(-0.0011, dtype=torch.float64, grad_fn=<MinBackward1>) tensor(0.0002, dtype=torch.float64, grad_fn=<MaxBackward1>)
(belief) log_density is nan or inf.
f vals:  tensor(-4098875.5497, dtype=torch.float64, grad_fn=<MinBackward1>) tensor(-0.0018, dtype=torch.float64, grad_fn=<MaxBackward1>)
g_y vals:  tensor(2.6590e-08, dtype=torch.float64) tensor(85.0738, dtype=torch.float64)
psi_y_vals vals:  tensor(0.0083, dtype=torch.float64, grad_fn=<MinBackward1>) tensor(59356.0332, dtype=torch.float64, grad_fn=<MaxBackward1>)
phi_y_vals vals:  tensor(1.4868e-21, dtype=torch.float64) tensor(4.7441, dtype=torch.float64)
Q vals:  tensor(-0.0012, dtype=torch.float64, grad_fn=<MinBackward1>) tensor(0.0002, dtype=torch.float64, grad_fn=<MaxBackward1>)
(belief) log_density is nan or inf.
f vals:  tensor(-3645568.0592, dtype=torch.float64, grad_fn=<MinBackward1>) tensor(-0.0002, dtype=torch.float64, grad_fn=<MaxBackward1>)
g_y vals:  tensor(5.2267e-08, dtype=torch.float64) tensor(940.9332, dtype=torch.float64)
psi_y_vals vals:  tensor(0.0016, dtype=torch.float64, grad_fn=<MinBackward1>) tensor(53888.3833, dtype=torch.float64, grad_fn=<MaxBackward1>)
phi_y_vals vals:  tensor(2.7006e-22, dtype=torch.float64) tensor(2.6648, dtype=torch.float64)
Q vals:  tensor(-0.0013, dtype=torch.float64, grad_fn=<MinBackward1>) tensor(0.0003, dtype=torch.float64, grad_fn=<MaxBackward1>)
(belief) log_density is nan or inf.
f vals:  tensor(-4847557.2704, dtype=torch.float64, grad_fn=<MinBackward1>) tensor(-0.0002, dtype=torch.float64, grad_fn=<MaxBackward1>)
g_y vals:  tensor(2.6590e-08, dtype=torch.float64) tensor(940.9332, dtype=torch.float64)
psi_y_vals vals:  tensor(0.0016, dtype=torch.float64, grad_fn=<MinBackward1>) tensor(59371.1463, dtype=torch.float64, grad_fn=<MaxBackward1>)
phi_y_vals vals:  tensor(2.7006e-22, dtype=torch.float64) tensor(4.7441, dtype=torch.float64)
Q vals:  tensor(-0.0014, dtype=torch.float64, grad_fn=<MinBackward1>) tensor(0.0003, dtype=torch.float64, grad_fn=<MaxBackward1>)
(belief) log_density is nan or inf.
f vals:  tensor(-4583049.2731, dtype=torch.float64, grad_fn=<MinBackward1>) tensor(-0.0024, dtype=torch.float64, grad_fn=<MaxBackward1>)
g_y vals:  tensor(5.1137e-08, dtype=torch.float64) tensor(85.0738, dtype=torch.float64)
psi_y_vals vals:  tensor(0.0084, dtype=torch.float64, grad_fn=<MinBackward1>) tensor(54474.5381, dtype=torch.float64, grad_fn=<MaxBackward1>)
phi_y_vals vals:  tensor(3.5108e-21, dtype=torch.float64) tensor(1.8966, dtype=torch.float64)
Q vals:  tensor(-0.0015, dtype=torch.float64, grad_fn=<MinBackward1>) tensor(0.0003, dtype=torch.float64, grad_fn=<MaxBackward1>)
Epoch 70: Avg: nan, NLL: nan, LDB: 0.0000, Reg: 1.1105, PSD: True, nPSD streak: 0/10, time: 0.508
(belief) log_density is nan or inf.
f vals:  tensor(-6305034.0298, dtype=torch.float64, grad_fn=<MinBackward1>) tensor(-0.0003, dtype=torch.float64, grad_fn=<MaxBackward1>)
g_y vals:  tensor(5.1137e-08, dtype=torch.float64) tensor(85.0738, dtype=torch.float64)
psi_y_vals vals:  tensor(0.0016, dtype=torch.float64, grad_fn=<MinBackward1>) tensor(59386.6452, dtype=torch.float64, grad_fn=<MaxBackward1>)
phi_y_vals vals:  tensor(3.8215e-22, dtype=torch.float64) tensor(1.8966, dtype=torch.float64)
Q vals:  tensor(-0.0018, dtype=torch.float64, grad_fn=<MinBackward1>) tensor(0.0004, dtype=torch.float64, grad_fn=<MaxBackward1>)
(belief) log_density is nan or inf.
f vals:  tensor(-6283400.3922, dtype=torch.float64, grad_fn=<MinBackward1>) tensor(-0.0037, dtype=torch.float64, grad_fn=<MaxBackward1>)
g_y vals:  tensor(2.6590e-08, dtype=torch.float64) tensor(940.9332, dtype=torch.float64)
psi_y_vals vals:  tensor(0.0195, dtype=torch.float64, grad_fn=<MinBackward1>) tensor(53848.4390, dtype=torch.float64, grad_fn=<MaxBackward1>)
phi_y_vals vals:  tensor(2.7006e-22, dtype=torch.float64) tensor(4.7441, dtype=torch.float64)
Q vals:  tensor(-0.0022, dtype=torch.float64, grad_fn=<MinBackward1>) tensor(0.0005, dtype=torch.float64, grad_fn=<MaxBackward1>)
(belief) log_density is nan or inf.
f vals:  tensor(-9966631.8171, dtype=torch.float64, grad_fn=<MinBackward1>) tensor(-0.0005, dtype=torch.float64, grad_fn=<MaxBackward1>)
g_y vals:  tensor(2.6590e-08, dtype=torch.float64) tensor(85.0738, dtype=torch.float64)
psi_y_vals vals:  tensor(0.0016, dtype=torch.float64, grad_fn=<MinBackward1>) tensor(59404.6128, dtype=torch.float64, grad_fn=<MaxBackward1>)
phi_y_vals vals:  tensor(1.4868e-21, dtype=torch.float64) tensor(4.7441, dtype=torch.float64)
Q vals:  tensor(-0.0028, dtype=torch.float64, grad_fn=<MinBackward1>) tensor(0.0006, dtype=torch.float64, grad_fn=<MaxBackward1>)
(belief) log_density is nan or inf.
f vals:  tensor(-12867780.0098, dtype=torch.float64, grad_fn=<MinBackward1>) tensor(-0.0070, dtype=torch.float64, grad_fn=<MaxBackward1>)
g_y vals:  tensor(4.7704e-08, dtype=torch.float64) tensor(940.9332, dtype=torch.float64)
psi_y_vals vals:  tensor(0.0085, dtype=torch.float64, grad_fn=<MinBackward1>) tensor(54596.8280, dtype=torch.float64, grad_fn=<MaxBackward1>)
phi_y_vals vals:  tensor(2.7006e-22, dtype=torch.float64) tensor(2.6648, dtype=torch.float64)
Q vals:  tensor(-0.0043, dtype=torch.float64, grad_fn=<MinBackward1>) tensor(0.0009, dtype=torch.float64, grad_fn=<MaxBackward1>)
(belief) log_density is nan or inf.
f vals:  tensor(-36237023.1637, dtype=torch.float64, grad_fn=<MinBackward1>) tensor(-0.0020, dtype=torch.float64, grad_fn=<MaxBackward1>)
g_y vals:  tensor(2.6590e-08, dtype=torch.float64) tensor(940.9332, dtype=torch.float64)
psi_y_vals vals:  tensor(0.0016, dtype=torch.float64, grad_fn=<MinBackward1>) tensor(54638.6360, dtype=torch.float64, grad_fn=<MaxBackward1>)
phi_y_vals vals:  tensor(3.8215e-22, dtype=torch.float64) tensor(2.6648, dtype=torch.float64)
Q vals:  tensor(-0.0121, dtype=torch.float64, grad_fn=<MinBackward1>) tensor(0.0026, dtype=torch.float64, grad_fn=<MaxBackward1>)
(belief) log_density is nan or inf.
f vals:  tensor(-267212.4570, dtype=torch.float64, grad_fn=<MinBackward1>) tensor(-1.4957e-05, dtype=torch.float64, grad_fn=<MaxBackward1>)
g_y vals:  tensor(2.6590e-08, dtype=torch.float64) tensor(940.9332, dtype=torch.float64)
psi_y_vals vals:  tensor(0.0016, dtype=torch.float64, grad_fn=<MinBackward1>) tensor(53779.5698, dtype=torch.float64, grad_fn=<MaxBackward1>)
phi_y_vals vals:  tensor(3.8215e-22, dtype=torch.float64) tensor(4.7441, dtype=torch.float64)
Q vals:  tensor(-9.2213e-05, dtype=torch.float64, grad_fn=<MinBackward1>) tensor(1.9608e-05, dtype=torch.float64, grad_fn=<MaxBackward1>)
(belief) log_density is nan or inf.
f vals:  tensor(-3101278.7406, dtype=torch.float64, grad_fn=<MinBackward1>) tensor(-0.0016, dtype=torch.float64, grad_fn=<MaxBackward1>)
g_y vals:  tensor(2.6590e-08, dtype=torch.float64) tensor(940.9332, dtype=torch.float64)
psi_y_vals vals:  tensor(0.0082, dtype=torch.float64, grad_fn=<MinBackward1>) tensor(54358.7131, dtype=torch.float64, grad_fn=<MaxBackward1>)
phi_y_vals vals:  tensor(1.4868e-21, dtype=torch.float64) tensor(4.7441, dtype=torch.float64)
Q vals:  tensor(-0.0010, dtype=torch.float64, grad_fn=<MinBackward1>) tensor(0.0002, dtype=torch.float64, grad_fn=<MaxBackward1>)
(belief) log_density is nan or inf.
f vals:  tensor(-705435.0859, dtype=torch.float64, grad_fn=<MinBackward1>) tensor(-2.9342e-05, dtype=torch.float64, grad_fn=<MaxBackward1>)
g_y vals:  tensor(4.5889e-08, dtype=torch.float64) tensor(85.0738, dtype=torch.float64)
psi_y_vals vals:  tensor(0.0015, dtype=torch.float64, grad_fn=<MinBackward1>) tensor(59192.7978, dtype=torch.float64, grad_fn=<MaxBackward1>)
phi_y_vals vals:  tensor(2.7006e-22, dtype=torch.float64) tensor(1.2034, dtype=torch.float64)
Q vals:  tensor(-0.0002, dtype=torch.float64, grad_fn=<MinBackward1>) tensor(4.2782e-05, dtype=torch.float64, grad_fn=<MaxBackward1>)
(belief) log_density is nan or inf.
f vals:  tensor(-2106350.3386, dtype=torch.float64, grad_fn=<MinBackward1>) tensor(-0.0001, dtype=torch.float64, grad_fn=<MaxBackward1>)
g_y vals:  tensor(2.6590e-08, dtype=torch.float64) tensor(19.6968, dtype=torch.float64)
psi_y_vals vals:  tensor(0.0015, dtype=torch.float64, grad_fn=<MinBackward1>) tensor(54023.9683, dtype=torch.float64, grad_fn=<MaxBackward1>)
phi_y_vals vals:  tensor(3.8215e-22, dtype=torch.float64) tensor(4.7441, dtype=torch.float64)
Q vals:  tensor(-0.0007, dtype=torch.float64, grad_fn=<MinBackward1>) tensor(0.0002, dtype=torch.float64, grad_fn=<MaxBackward1>)
(belief) log_density is nan or inf.
f vals:  tensor(-1191935.7708, dtype=torch.float64, grad_fn=<MinBackward1>) tensor(-0.0005, dtype=torch.float64, grad_fn=<MaxBackward1>)
g_y vals:  tensor(4.7704e-08, dtype=torch.float64) tensor(940.9332, dtype=torch.float64)
psi_y_vals vals:  tensor(0.0076, dtype=torch.float64, grad_fn=<MinBackward1>) tensor(59044.9285, dtype=torch.float64, grad_fn=<MaxBackward1>)
phi_y_vals vals:  tensor(2.7006e-22, dtype=torch.float64) tensor(2.6648, dtype=torch.float64)
Q vals:  tensor(-0.0003, dtype=torch.float64, grad_fn=<MinBackward1>) tensor(7.2643e-05, dtype=torch.float64, grad_fn=<MaxBackward1>)
(belief) log_density is nan or inf.
f vals:  tensor(-986443.2518, dtype=torch.float64, grad_fn=<MinBackward1>) tensor(-0.0008, dtype=torch.float64, grad_fn=<MaxBackward1>)
g_y vals:  tensor(2.6590e-08, dtype=torch.float64) tensor(940.9332, dtype=torch.float64)
psi_y_vals vals:  tensor(0.0173, dtype=torch.float64, grad_fn=<MinBackward1>) tensor(58978.9659, dtype=torch.float64, grad_fn=<MaxBackward1>)
phi_y_vals vals:  tensor(3.8215e-22, dtype=torch.float64) tensor(4.7441, dtype=torch.float64)
Q vals:  tensor(-0.0003, dtype=torch.float64, grad_fn=<MinBackward1>) tensor(6.0251e-05, dtype=torch.float64, grad_fn=<MaxBackward1>)
(belief) log_density is nan or inf.
f vals:  tensor(-6588709.0858, dtype=torch.float64, grad_fn=<MinBackward1>) tensor(-0.0003, dtype=torch.float64, grad_fn=<MaxBackward1>)
g_y vals:  tensor(4.5889e-08, dtype=torch.float64) tensor(85.0738, dtype=torch.float64)
psi_y_vals vals:  tensor(0.0014, dtype=torch.float64, grad_fn=<MinBackward1>) tensor(50212.7235, dtype=torch.float64, grad_fn=<MaxBackward1>)
phi_y_vals vals:  tensor(2.7006e-22, dtype=torch.float64) tensor(1.2034, dtype=torch.float64)
Q vals:  tensor(-0.0026, dtype=torch.float64, grad_fn=<MinBackward1>) tensor(0.0006, dtype=torch.float64, grad_fn=<MaxBackward1>)
(belief) log_density is nan or inf.
f vals:  tensor(-3946943.9819, dtype=torch.float64, grad_fn=<MinBackward1>) tensor(-0.0017, dtype=torch.float64, grad_fn=<MaxBackward1>)
g_y vals:  tensor(5.2267e-08, dtype=torch.float64) tensor(940.9332, dtype=torch.float64)
psi_y_vals vals:  tensor(0.0125, dtype=torch.float64, grad_fn=<MinBackward1>) tensor(58862.1215, dtype=torch.float64, grad_fn=<MaxBackward1>)
phi_y_vals vals:  tensor(3.8215e-22, dtype=torch.float64) tensor(2.6648, dtype=torch.float64)
Q vals:  tensor(-0.0011, dtype=torch.float64, grad_fn=<MinBackward1>) tensor(0.0002, dtype=torch.float64, grad_fn=<MaxBackward1>)
(belief) log_density is nan or inf.
f vals:  tensor(-24066619.4365, dtype=torch.float64, grad_fn=<MinBackward1>) tensor(-0.0010, dtype=torch.float64, grad_fn=<MaxBackward1>)
g_y vals:  tensor(2.6590e-08, dtype=torch.float64) tensor(85.0738, dtype=torch.float64)
psi_y_vals vals:  tensor(0.0013, dtype=torch.float64, grad_fn=<MinBackward1>) tensor(53850.0283, dtype=torch.float64, grad_fn=<MaxBackward1>)
phi_y_vals vals:  tensor(2.7006e-22, dtype=torch.float64) tensor(4.7441, dtype=torch.float64)
Q vals:  tensor(-0.0083, dtype=torch.float64, grad_fn=<MinBackward1>) tensor(0.0018, dtype=torch.float64, grad_fn=<MaxBackward1>)
(belief) log_density is nan or inf.
f vals:  tensor(-818.9104, dtype=torch.float64, grad_fn=<MinBackward1>) tensor(-6.9943e-07, dtype=torch.float64, grad_fn=<MaxBackward1>)
g_y vals:  tensor(5.3562e-08, dtype=torch.float64) tensor(940.9332, dtype=torch.float64)
psi_y_vals vals:  tensor(0.0125, dtype=torch.float64, grad_fn=<MinBackward1>) tensor(53850.9836, dtype=torch.float64, grad_fn=<MaxBackward1>)
phi_y_vals vals:  tensor(3.8215e-22, dtype=torch.float64) tensor(4.7441, dtype=torch.float64)
Q vals:  tensor(-2.8189e-07, dtype=torch.float64, grad_fn=<MinBackward1>) tensor(5.9919e-08, dtype=torch.float64, grad_fn=<MaxBackward1>)
(belief) log_density is nan or inf.
f vals:  tensor(-1035079.8423, dtype=torch.float64, grad_fn=<MinBackward1>) tensor(-0.0004, dtype=torch.float64, grad_fn=<MaxBackward1>)
g_y vals:  tensor(2.6590e-08, dtype=torch.float64) tensor(85.0738, dtype=torch.float64)
psi_y_vals vals:  tensor(0.0153, dtype=torch.float64, grad_fn=<MinBackward1>) tensor(58681.3837, dtype=torch.float64, grad_fn=<MaxBackward1>)
phi_y_vals vals:  tensor(2.7006e-22, dtype=torch.float64) tensor(4.7441, dtype=torch.float64)
Q vals:  tensor(-0.0003, dtype=torch.float64, grad_fn=<MinBackward1>) tensor(6.3857e-05, dtype=torch.float64, grad_fn=<MaxBackward1>)
(belief) log_density is nan or inf.
f vals:  tensor(-183369.5150, dtype=torch.float64, grad_fn=<MinBackward1>) tensor(-7.9907e-06, dtype=torch.float64, grad_fn=<MaxBackward1>)
g_y vals:  tensor(4.5889e-08, dtype=torch.float64) tensor(940.9332, dtype=torch.float64)
psi_y_vals vals:  tensor(0.0013, dtype=torch.float64, grad_fn=<MinBackward1>) tensor(49767.1852, dtype=torch.float64, grad_fn=<MaxBackward1>)
phi_y_vals vals:  tensor(1.1676e-19, dtype=torch.float64) tensor(2.6648, dtype=torch.float64)
Q vals:  tensor(-7.4000e-05, dtype=torch.float64, grad_fn=<MinBackward1>) tensor(1.5729e-05, dtype=torch.float64, grad_fn=<MaxBackward1>)
Epoch 80: Avg: nan, NLL: nan, LDB: 0.0000, Reg: 1.1114, PSD: True, nPSD streak: 0/10, time: 0.467
(belief) log_density is nan or inf.
f vals:  tensor(-2356592.0853, dtype=torch.float64, grad_fn=<MinBackward1>) tensor(-7.2732e-05, dtype=torch.float64, grad_fn=<MaxBackward1>)
g_y vals:  tensor(2.6590e-08, dtype=torch.float64) tensor(19.6968, dtype=torch.float64)
psi_y_vals vals:  tensor(0.0013, dtype=torch.float64, grad_fn=<MinBackward1>) tensor(58612.8603, dtype=torch.float64, grad_fn=<MaxBackward1>)
phi_y_vals vals:  tensor(1.4868e-21, dtype=torch.float64) tensor(4.7441, dtype=torch.float64)
Q vals:  tensor(-0.0007, dtype=torch.float64, grad_fn=<MinBackward1>) tensor(0.0001, dtype=torch.float64, grad_fn=<MaxBackward1>)
(belief) log_density is nan or inf.
f vals:  tensor(-3206367.0380, dtype=torch.float64, grad_fn=<MinBackward1>) tensor(-0.0011, dtype=torch.float64, grad_fn=<MaxBackward1>)
g_y vals:  tensor(2.6590e-08, dtype=torch.float64) tensor(85.0738, dtype=torch.float64)
psi_y_vals vals:  tensor(0.0066, dtype=torch.float64, grad_fn=<MinBackward1>) tensor(53845.8092, dtype=torch.float64, grad_fn=<MaxBackward1>)
phi_y_vals vals:  tensor(2.7006e-22, dtype=torch.float64) tensor(1.8966, dtype=torch.float64)
Q vals:  tensor(-0.0011, dtype=torch.float64, grad_fn=<MinBackward1>) tensor(0.0002, dtype=torch.float64, grad_fn=<MaxBackward1>)
(belief) log_density is nan or inf.
f vals:  tensor(-2827849.8991, dtype=torch.float64, grad_fn=<MinBackward1>) tensor(-0.0010, dtype=torch.float64, grad_fn=<MaxBackward1>)
g_y vals:  tensor(4.5889e-08, dtype=torch.float64) tensor(26.6287, dtype=torch.float64)
psi_y_vals vals:  tensor(0.0066, dtype=torch.float64, grad_fn=<MinBackward1>) tensor(53844.6208, dtype=torch.float64, grad_fn=<MaxBackward1>)
phi_y_vals vals:  tensor(2.7006e-22, dtype=torch.float64) tensor(4.7441, dtype=torch.float64)
Q vals:  tensor(-0.0010, dtype=torch.float64, grad_fn=<MinBackward1>) tensor(0.0002, dtype=torch.float64, grad_fn=<MaxBackward1>)
(belief) log_density is nan or inf.
f vals:  tensor(-742859.8719, dtype=torch.float64, grad_fn=<MinBackward1>) tensor(-2.1557e-05, dtype=torch.float64, grad_fn=<MaxBackward1>)
g_y vals:  tensor(2.6590e-08, dtype=torch.float64) tensor(940.9332, dtype=torch.float64)
psi_y_vals vals:  tensor(0.0012, dtype=torch.float64, grad_fn=<MinBackward1>) tensor(58488.6553, dtype=torch.float64, grad_fn=<MaxBackward1>)
phi_y_vals vals:  tensor(1.4868e-21, dtype=torch.float64) tensor(2.6648, dtype=torch.float64)
Q vals:  tensor(-0.0002, dtype=torch.float64, grad_fn=<MinBackward1>) tensor(4.6127e-05, dtype=torch.float64, grad_fn=<MaxBackward1>)
(belief) log_density is nan or inf.
f vals:  tensor(-2283682.0064, dtype=torch.float64, grad_fn=<MinBackward1>) tensor(-0.0012, dtype=torch.float64, grad_fn=<MaxBackward1>)
g_y vals:  tensor(4.7704e-08, dtype=torch.float64) tensor(85.0738, dtype=torch.float64)
psi_y_vals vals:  tensor(0.0124, dtype=torch.float64, grad_fn=<MinBackward1>) tensor(48280.1444, dtype=torch.float64, grad_fn=<MaxBackward1>)
phi_y_vals vals:  tensor(1.1676e-19, dtype=torch.float64) tensor(4.7441, dtype=torch.float64)
Q vals:  tensor(-0.0010, dtype=torch.float64, grad_fn=<MinBackward1>) tensor(0.0002, dtype=torch.float64, grad_fn=<MaxBackward1>)
(belief) log_density is nan or inf.
f vals:  tensor(-15600781.0711, dtype=torch.float64, grad_fn=<MinBackward1>) tensor(-0.0057, dtype=torch.float64, grad_fn=<MaxBackward1>)
g_y vals:  tensor(4.7704e-08, dtype=torch.float64) tensor(85.0738, dtype=torch.float64)
psi_y_vals vals:  tensor(0.0124, dtype=torch.float64, grad_fn=<MinBackward1>) tensor(58438.4095, dtype=torch.float64, grad_fn=<MaxBackward1>)
phi_y_vals vals:  tensor(2.7006e-22, dtype=torch.float64) tensor(1.8966, dtype=torch.float64)
Q vals:  tensor(-0.0046, dtype=torch.float64, grad_fn=<MinBackward1>) tensor(0.0010, dtype=torch.float64, grad_fn=<MaxBackward1>)
(belief) log_density is nan or inf.
f vals:  tensor(-1611950.6010, dtype=torch.float64, grad_fn=<MinBackward1>) tensor(-5.5743e-05, dtype=torch.float64, grad_fn=<MaxBackward1>)
g_y vals:  tensor(2.6590e-08, dtype=torch.float64) tensor(940.9332, dtype=torch.float64)
psi_y_vals vals:  tensor(0.0012, dtype=torch.float64, grad_fn=<MinBackward1>) tensor(52691.7421, dtype=torch.float64, grad_fn=<MaxBackward1>)
phi_y_vals vals:  tensor(3.7032e-20, dtype=torch.float64) tensor(4.7441, dtype=torch.float64)
Q vals:  tensor(-0.0006, dtype=torch.float64, grad_fn=<MinBackward1>) tensor(0.0001, dtype=torch.float64, grad_fn=<MaxBackward1>)
(belief) log_density is nan or inf.
f vals:  tensor(-2426298.6112, dtype=torch.float64, grad_fn=<MinBackward1>) tensor(-0.0007, dtype=torch.float64, grad_fn=<MaxBackward1>)
g_y vals:  tensor(5.1431e-08, dtype=torch.float64) tensor(26.6287, dtype=torch.float64)
psi_y_vals vals:  tensor(0.0064, dtype=torch.float64, grad_fn=<MinBackward1>) tensor(58412.3981, dtype=torch.float64, grad_fn=<MaxBackward1>)
phi_y_vals vals:  tensor(2.7006e-22, dtype=torch.float64) tensor(4.7441, dtype=torch.float64)
Q vals:  tensor(-0.0007, dtype=torch.float64, grad_fn=<MinBackward1>) tensor(0.0002, dtype=torch.float64, grad_fn=<MaxBackward1>)
(belief) log_density is nan or inf.
f vals:  tensor(-840416.2788, dtype=torch.float64, grad_fn=<MinBackward1>) tensor(-2.7479e-05, dtype=torch.float64, grad_fn=<MaxBackward1>)
g_y vals:  tensor(2.6590e-08, dtype=torch.float64) tensor(940.9332, dtype=torch.float64)
psi_y_vals vals:  tensor(0.0012, dtype=torch.float64, grad_fn=<MinBackward1>) tensor(53837.2413, dtype=torch.float64, grad_fn=<MaxBackward1>)
phi_y_vals vals:  tensor(1.4868e-21, dtype=torch.float64) tensor(2.6648, dtype=torch.float64)
Q vals:  tensor(-0.0003, dtype=torch.float64, grad_fn=<MinBackward1>) tensor(6.1517e-05, dtype=torch.float64, grad_fn=<MaxBackward1>)
(belief) log_density is nan or inf.
f vals:  tensor(-352744.1554, dtype=torch.float64, grad_fn=<MinBackward1>) tensor(-1.3666e-05, dtype=torch.float64, grad_fn=<MaxBackward1>)
g_y vals:  tensor(2.6590e-08, dtype=torch.float64) tensor(85.0738, dtype=torch.float64)
psi_y_vals vals:  tensor(0.0012, dtype=torch.float64, grad_fn=<MinBackward1>) tensor(49367.2506, dtype=torch.float64, grad_fn=<MaxBackward1>)
phi_y_vals vals:  tensor(2.7006e-22, dtype=torch.float64) tensor(4.7441, dtype=torch.float64)
Q vals:  tensor(-0.0001, dtype=torch.float64, grad_fn=<MinBackward1>) tensor(3.0745e-05, dtype=torch.float64, grad_fn=<MaxBackward1>)
(belief) log_density is nan or inf.
f vals:  tensor(-109553.3849, dtype=torch.float64, grad_fn=<MinBackward1>) tensor(-4.6156e-05, dtype=torch.float64, grad_fn=<MaxBackward1>)
g_y vals:  tensor(4.7704e-08, dtype=torch.float64) tensor(940.9332, dtype=torch.float64)
psi_y_vals vals:  tensor(0.0172, dtype=torch.float64, grad_fn=<MinBackward1>) tensor(58382.0080, dtype=torch.float64, grad_fn=<MaxBackward1>)
phi_y_vals vals:  tensor(3.5108e-21, dtype=torch.float64) tensor(2.6648, dtype=torch.float64)
Q vals:  tensor(-3.2125e-05, dtype=torch.float64, grad_fn=<MinBackward1>) tensor(6.8271e-06, dtype=torch.float64, grad_fn=<MaxBackward1>)
(belief) log_density is nan or inf.
f vals:  tensor(-23386.7962, dtype=torch.float64, grad_fn=<MinBackward1>) tensor(-7.4552e-06, dtype=torch.float64, grad_fn=<MaxBackward1>)
g_y vals:  tensor(5.1431e-08, dtype=torch.float64) tensor(19.6968, dtype=torch.float64)
psi_y_vals vals:  tensor(0.0064, dtype=torch.float64, grad_fn=<MinBackward1>) tensor(53834.9141, dtype=torch.float64, grad_fn=<MaxBackward1>)
phi_y_vals vals:  tensor(2.7006e-22, dtype=torch.float64) tensor(1.8966, dtype=torch.float64)
Q vals:  tensor(-8.0558e-06, dtype=torch.float64, grad_fn=<MinBackward1>) tensor(1.7120e-06, dtype=torch.float64, grad_fn=<MaxBackward1>)
(belief) log_density is nan or inf.
f vals:  tensor(-246670.4286, dtype=torch.float64, grad_fn=<MinBackward1>) tensor(-6.7537e-06, dtype=torch.float64, grad_fn=<MaxBackward1>)
g_y vals:  tensor(2.6590e-08, dtype=torch.float64) tensor(940.9332, dtype=torch.float64)
psi_y_vals vals:  tensor(0.0012, dtype=torch.float64, grad_fn=<MinBackward1>) tensor(58366.3263, dtype=torch.float64, grad_fn=<MaxBackward1>)
phi_y_vals vals:  tensor(3.8215e-22, dtype=torch.float64) tensor(4.7441, dtype=torch.float64)
Q vals:  tensor(-7.2371e-05, dtype=torch.float64, grad_fn=<MinBackward1>) tensor(1.5380e-05, dtype=torch.float64, grad_fn=<MaxBackward1>)
(belief) log_density is nan or inf.
f vals:  tensor(-264624.3575, dtype=torch.float64, grad_fn=<MinBackward1>) tensor(-1.0114e-05, dtype=torch.float64, grad_fn=<MaxBackward1>)
g_y vals:  tensor(2.6590e-08, dtype=torch.float64) tensor(940.9332, dtype=torch.float64)
psi_y_vals vals:  tensor(0.0012, dtype=torch.float64, grad_fn=<MinBackward1>) tensor(49318.5311, dtype=torch.float64, grad_fn=<MaxBackward1>)
phi_y_vals vals:  tensor(1.4868e-21, dtype=torch.float64) tensor(4.7441, dtype=torch.float64)
Q vals:  tensor(-0.0001, dtype=torch.float64, grad_fn=<MinBackward1>) tensor(2.3110e-05, dtype=torch.float64, grad_fn=<MaxBackward1>)
(belief) log_density is nan or inf.
f vals:  tensor(-665325.4809, dtype=torch.float64, grad_fn=<MinBackward1>) tensor(-0.0002, dtype=torch.float64, grad_fn=<MaxBackward1>)
g_y vals:  tensor(5.1137e-08, dtype=torch.float64) tensor(85.0738, dtype=torch.float64)
psi_y_vals vals:  tensor(0.0123, dtype=torch.float64, grad_fn=<MinBackward1>) tensor(58353.5397, dtype=torch.float64, grad_fn=<MaxBackward1>)
phi_y_vals vals:  tensor(2.7006e-22, dtype=torch.float64) tensor(1.2034, dtype=torch.float64)
Q vals:  tensor(-0.0002, dtype=torch.float64, grad_fn=<MinBackward1>) tensor(4.1502e-05, dtype=torch.float64, grad_fn=<MaxBackward1>)
(belief) log_density is nan or inf.
f vals:  tensor(-477232.1256, dtype=torch.float64, grad_fn=<MinBackward1>) tensor(-1.5203e-05, dtype=torch.float64, grad_fn=<MaxBackward1>)
g_y vals:  tensor(2.6590e-08, dtype=torch.float64) tensor(940.9332, dtype=torch.float64)
psi_y_vals vals:  tensor(0.0012, dtype=torch.float64, grad_fn=<MinBackward1>) tensor(53832.5890, dtype=torch.float64, grad_fn=<MaxBackward1>)
phi_y_vals vals:  tensor(2.7006e-22, dtype=torch.float64) tensor(2.6648, dtype=torch.float64)
Q vals:  tensor(-0.0002, dtype=torch.float64, grad_fn=<MinBackward1>) tensor(3.4938e-05, dtype=torch.float64, grad_fn=<MaxBackward1>)
(belief) log_density is nan or inf.
f vals:  tensor(-685575.5204, dtype=torch.float64, grad_fn=<MinBackward1>) tensor(-0.0002, dtype=torch.float64, grad_fn=<MaxBackward1>)
g_y vals:  tensor(4.5889e-08, dtype=torch.float64) tensor(26.6287, dtype=torch.float64)
psi_y_vals vals:  tensor(0.0063, dtype=torch.float64, grad_fn=<MinBackward1>) tensor(58343.1420, dtype=torch.float64, grad_fn=<MaxBackward1>)
phi_y_vals vals:  tensor(1.4868e-21, dtype=torch.float64) tensor(4.7441, dtype=torch.float64)
Q vals:  tensor(-0.0002, dtype=torch.float64, grad_fn=<MinBackward1>) tensor(4.2780e-05, dtype=torch.float64, grad_fn=<MaxBackward1>)
Epoch 90: Avg: nan, NLL: nan, LDB: 0.0000, Reg: 1.1117, PSD: True, nPSD streak: 0/10, time: 0.500
(belief) log_density is nan or inf.
f vals:  tensor(-615223.0282, dtype=torch.float64, grad_fn=<MinBackward1>) tensor(-0.0003, dtype=torch.float64, grad_fn=<MaxBackward1>)
g_y vals:  tensor(4.5889e-08, dtype=torch.float64) tensor(85.0738, dtype=torch.float64)
psi_y_vals vals:  tensor(0.0123, dtype=torch.float64, grad_fn=<MinBackward1>) tensor(49286.2947, dtype=torch.float64, grad_fn=<MaxBackward1>)
phi_y_vals vals:  tensor(2.7006e-22, dtype=torch.float64) tensor(4.7441, dtype=torch.float64)
Q vals:  tensor(-0.0003, dtype=torch.float64, grad_fn=<MinBackward1>) tensor(5.3798e-05, dtype=torch.float64, grad_fn=<MaxBackward1>)
(belief) log_density is nan or inf.
f vals:  tensor(-1254519.7767, dtype=torch.float64, grad_fn=<MinBackward1>) tensor(-3.3842e-05, dtype=torch.float64, grad_fn=<MaxBackward1>)
g_y vals:  tensor(2.6590e-08, dtype=torch.float64) tensor(940.9332, dtype=torch.float64)
psi_y_vals vals:  tensor(0.0012, dtype=torch.float64, grad_fn=<MinBackward1>) tensor(58334.7003, dtype=torch.float64, grad_fn=<MaxBackward1>)
phi_y_vals vals:  tensor(3.8215e-22, dtype=torch.float64) tensor(2.6648, dtype=torch.float64)
Q vals:  tensor(-0.0004, dtype=torch.float64, grad_fn=<MinBackward1>) tensor(7.8304e-05, dtype=torch.float64, grad_fn=<MaxBackward1>)
(belief) log_density is nan or inf.
f vals:  tensor(-1840440.2265, dtype=torch.float64, grad_fn=<MinBackward1>) tensor(-4.9563e-05, dtype=torch.float64, grad_fn=<MaxBackward1>)
g_y vals:  tensor(4.5889e-08, dtype=torch.float64) tensor(940.9332, dtype=torch.float64)
psi_y_vals vals:  tensor(0.0012, dtype=torch.float64, grad_fn=<MinBackward1>) tensor(58331.1001, dtype=torch.float64, grad_fn=<MaxBackward1>)
phi_y_vals vals:  tensor(6.4912e-21, dtype=torch.float64) tensor(4.7441, dtype=torch.float64)
Q vals:  tensor(-0.0005, dtype=torch.float64, grad_fn=<MinBackward1>) tensor(0.0001, dtype=torch.float64, grad_fn=<MaxBackward1>)
(belief) log_density is nan or inf.
f vals:  tensor(-2564547.7346, dtype=torch.float64, grad_fn=<MinBackward1>) tensor(-0.0008, dtype=torch.float64, grad_fn=<MaxBackward1>)
g_y vals:  tensor(2.6590e-08, dtype=torch.float64) tensor(26.6287, dtype=torch.float64)
psi_y_vals vals:  tensor(0.0063, dtype=torch.float64, grad_fn=<MinBackward1>) tensor(53830.6578, dtype=torch.float64, grad_fn=<MaxBackward1>)
phi_y_vals vals:  tensor(2.7006e-22, dtype=torch.float64) tensor(0.7508, dtype=torch.float64)
Q vals:  tensor(-0.0009, dtype=torch.float64, grad_fn=<MinBackward1>) tensor(0.0002, dtype=torch.float64, grad_fn=<MaxBackward1>)
(belief) log_density is nan or inf.
f vals:  tensor(-2527838.5283, dtype=torch.float64, grad_fn=<MinBackward1>) tensor(-6.7863e-05, dtype=torch.float64, grad_fn=<MaxBackward1>)
g_y vals:  tensor(2.6590e-08, dtype=torch.float64) tensor(940.9332, dtype=torch.float64)
psi_y_vals vals:  tensor(0.0012, dtype=torch.float64, grad_fn=<MinBackward1>) tensor(58324.9631, dtype=torch.float64, grad_fn=<MaxBackward1>)
phi_y_vals vals:  tensor(3.8215e-22, dtype=torch.float64) tensor(4.7441, dtype=torch.float64)
Q vals:  tensor(-0.0007, dtype=torch.float64, grad_fn=<MinBackward1>) tensor(0.0002, dtype=torch.float64, grad_fn=<MaxBackward1>)
(belief) log_density is nan or inf.
f vals:  tensor(-702314.1166, dtype=torch.float64, grad_fn=<MinBackward1>) tensor(-2.3197e-05, dtype=torch.float64, grad_fn=<MaxBackward1>)
g_y vals:  tensor(2.6590e-08, dtype=torch.float64) tensor(85.0738, dtype=torch.float64)
psi_y_vals vals:  tensor(0.0012, dtype=torch.float64, grad_fn=<MinBackward1>) tensor(52498.3310, dtype=torch.float64, grad_fn=<MaxBackward1>)
phi_y_vals vals:  tensor(2.7006e-22, dtype=torch.float64) tensor(1.8966, dtype=torch.float64)
Q vals:  tensor(-0.0003, dtype=torch.float64, grad_fn=<MinBackward1>) tensor(5.4134e-05, dtype=torch.float64, grad_fn=<MaxBackward1>)
(belief) log_density is nan or inf.
f vals:  tensor(-1202666.6177, dtype=torch.float64, grad_fn=<MinBackward1>) tensor(-0.0004, dtype=torch.float64, grad_fn=<MaxBackward1>)
g_y vals:  tensor(2.6590e-08, dtype=torch.float64) tensor(940.9332, dtype=torch.float64)
psi_y_vals vals:  tensor(0.0063, dtype=torch.float64, grad_fn=<MinBackward1>) tensor(53829.4835, dtype=torch.float64, grad_fn=<MaxBackward1>)
phi_y_vals vals:  tensor(2.7006e-22, dtype=torch.float64) tensor(2.6648, dtype=torch.float64)
Q vals:  tensor(-0.0004, dtype=torch.float64, grad_fn=<MinBackward1>) tensor(8.8055e-05, dtype=torch.float64, grad_fn=<MaxBackward1>)
(belief) log_density is nan or inf.
f vals:  tensor(-1701423.7052, dtype=torch.float64, grad_fn=<MinBackward1>) tensor(-4.5471e-05, dtype=torch.float64, grad_fn=<MaxBackward1>)
g_y vals:  tensor(4.7704e-08, dtype=torch.float64) tensor(85.0738, dtype=torch.float64)
psi_y_vals vals:  tensor(0.0012, dtype=torch.float64, grad_fn=<MinBackward1>) tensor(58314.2185, dtype=torch.float64, grad_fn=<MaxBackward1>)
phi_y_vals vals:  tensor(3.5108e-21, dtype=torch.float64) tensor(4.7441, dtype=torch.float64)
Q vals:  tensor(-0.0005, dtype=torch.float64, grad_fn=<MinBackward1>) tensor(0.0001, dtype=torch.float64, grad_fn=<MaxBackward1>)
(belief) log_density is nan or inf.
f vals:  tensor(-1539768.3704, dtype=torch.float64, grad_fn=<MinBackward1>) tensor(-4.1126e-05, dtype=torch.float64, grad_fn=<MaxBackward1>)
g_y vals:  tensor(5.1431e-08, dtype=torch.float64) tensor(3.0570, dtype=torch.float64)
psi_y_vals vals:  tensor(0.0012, dtype=torch.float64, grad_fn=<MinBackward1>) tensor(58312.6853, dtype=torch.float64, grad_fn=<MaxBackward1>)
phi_y_vals vals:  tensor(1.4868e-21, dtype=torch.float64) tensor(1.8966, dtype=torch.float64)
Q vals:  tensor(-0.0005, dtype=torch.float64, grad_fn=<MinBackward1>) tensor(9.6180e-05, dtype=torch.float64, grad_fn=<MaxBackward1>)
(belief) log_density is nan or inf.
f vals:  tensor(-852460.0094, dtype=torch.float64, grad_fn=<MinBackward1>) tensor(-0.0003, dtype=torch.float64, grad_fn=<MaxBackward1>)
g_y vals:  tensor(2.6590e-08, dtype=torch.float64) tensor(940.9332, dtype=torch.float64)
psi_y_vals vals:  tensor(0.0063, dtype=torch.float64, grad_fn=<MinBackward1>) tensor(52486.4446, dtype=torch.float64, grad_fn=<MaxBackward1>)
phi_y_vals vals:  tensor(2.7006e-22, dtype=torch.float64) tensor(4.7441, dtype=torch.float64)
Q vals:  tensor(-0.0003, dtype=torch.float64, grad_fn=<MinBackward1>) tensor(6.5737e-05, dtype=torch.float64, grad_fn=<MaxBackward1>)
(belief) log_density is nan or inf.
f vals:  tensor(-1082045.2008, dtype=torch.float64, grad_fn=<MinBackward1>) tensor(-3.3837e-05, dtype=torch.float64, grad_fn=<MaxBackward1>)
g_y vals:  tensor(2.6590e-08, dtype=torch.float64) tensor(940.9332, dtype=torch.float64)
psi_y_vals vals:  tensor(0.0012, dtype=torch.float64, grad_fn=<MinBackward1>) tensor(53828.9063, dtype=torch.float64, grad_fn=<MaxBackward1>)
phi_y_vals vals:  tensor(3.8215e-22, dtype=torch.float64) tensor(4.7441, dtype=torch.float64)
Q vals:  tensor(-0.0004, dtype=torch.float64, grad_fn=<MinBackward1>) tensor(7.9225e-05, dtype=torch.float64, grad_fn=<MaxBackward1>)
(belief) log_density is nan or inf.
f vals:  tensor(-1316135.9119, dtype=torch.float64, grad_fn=<MinBackward1>) tensor(-0.0003, dtype=torch.float64, grad_fn=<MaxBackward1>)
g_y vals:  tensor(5.2267e-08, dtype=torch.float64) tensor(85.0738, dtype=torch.float64)
psi_y_vals vals:  tensor(0.0063, dtype=torch.float64, grad_fn=<MinBackward1>) tensor(58309.0100, dtype=torch.float64, grad_fn=<MaxBackward1>)
phi_y_vals vals:  tensor(2.7006e-22, dtype=torch.float64) tensor(1.2034, dtype=torch.float64)
Q vals:  tensor(-0.0004, dtype=torch.float64, grad_fn=<MinBackward1>) tensor(8.2221e-05, dtype=torch.float64, grad_fn=<MaxBackward1>)
(belief) log_density is nan or inf.
f vals:  tensor(-1464103.0460, dtype=torch.float64, grad_fn=<MinBackward1>) tensor(-3.9027e-05, dtype=torch.float64, grad_fn=<MaxBackward1>)
g_y vals:  tensor(4.5889e-08, dtype=torch.float64) tensor(26.6287, dtype=torch.float64)
psi_y_vals vals:  tensor(0.0012, dtype=torch.float64, grad_fn=<MinBackward1>) tensor(58308.0434, dtype=torch.float64, grad_fn=<MaxBackward1>)
phi_y_vals vals:  tensor(2.7006e-22, dtype=torch.float64) tensor(0.7508, dtype=torch.float64)
Q vals:  tensor(-0.0004, dtype=torch.float64, grad_fn=<MinBackward1>) tensor(9.1467e-05, dtype=torch.float64, grad_fn=<MaxBackward1>)
(belief) log_density is nan or inf.
f vals:  tensor(-1012130.6688, dtype=torch.float64, grad_fn=<MinBackward1>) tensor(-0.0006, dtype=torch.float64, grad_fn=<MaxBackward1>)
g_y vals:  tensor(2.6590e-08, dtype=torch.float64) tensor(940.9332, dtype=torch.float64)
psi_y_vals vals:  tensor(0.0147, dtype=torch.float64, grad_fn=<MinBackward1>) tensor(53828.5997, dtype=torch.float64, grad_fn=<MaxBackward1>)
phi_y_vals vals:  tensor(1.4868e-21, dtype=torch.float64) tensor(4.7441, dtype=torch.float64)
Q vals:  tensor(-0.0003, dtype=torch.float64, grad_fn=<MinBackward1>) tensor(7.4106e-05, dtype=torch.float64, grad_fn=<MaxBackward1>)
(belief) log_density is nan or inf.
f vals:  tensor(-902037.4540, dtype=torch.float64, grad_fn=<MinBackward1>) tensor(-2.9665e-05, dtype=torch.float64, grad_fn=<MaxBackward1>)
g_y vals:  tensor(2.6590e-08, dtype=torch.float64) tensor(940.9332, dtype=torch.float64)
psi_y_vals vals:  tensor(0.0012, dtype=torch.float64, grad_fn=<MinBackward1>) tensor(52477.4492, dtype=torch.float64, grad_fn=<MaxBackward1>)
phi_y_vals vals:  tensor(2.7006e-22, dtype=torch.float64) tensor(2.6648, dtype=torch.float64)
Q vals:  tensor(-0.0003, dtype=torch.float64, grad_fn=<MinBackward1>) tensor(6.9583e-05, dtype=torch.float64, grad_fn=<MaxBackward1>)
(belief) log_density is nan or inf.
f vals:  tensor(-1035574.4548, dtype=torch.float64, grad_fn=<MinBackward1>) tensor(-0.0003, dtype=torch.float64, grad_fn=<MaxBackward1>)
g_y vals:  tensor(4.7704e-08, dtype=torch.float64) tensor(14.2038, dtype=torch.float64)
psi_y_vals vals:  tensor(0.0063, dtype=torch.float64, grad_fn=<MinBackward1>) tensor(58305.7590, dtype=torch.float64, grad_fn=<MaxBackward1>)
phi_y_vals vals:  tensor(3.8215e-22, dtype=torch.float64) tensor(4.7441, dtype=torch.float64)
Q vals:  tensor(-0.0003, dtype=torch.float64, grad_fn=<MinBackward1>) tensor(6.4701e-05, dtype=torch.float64, grad_fn=<MaxBackward1>)
(belief) log_density is nan or inf.
f vals:  tensor(-981371.9743, dtype=torch.float64, grad_fn=<MinBackward1>) tensor(-0.0003, dtype=torch.float64, grad_fn=<MaxBackward1>)
g_y vals:  tensor(4.5889e-08, dtype=torch.float64) tensor(940.9332, dtype=torch.float64)
psi_y_vals vals:  tensor(0.0063, dtype=torch.float64, grad_fn=<MinBackward1>) tensor(58305.1690, dtype=torch.float64, grad_fn=<MaxBackward1>)
phi_y_vals vals:  tensor(3.8215e-22, dtype=torch.float64) tensor(2.6648, dtype=torch.float64)
Q vals:  tensor(-0.0003, dtype=torch.float64, grad_fn=<MinBackward1>) tensor(6.1316e-05, dtype=torch.float64, grad_fn=<MaxBackward1>)
(belief) log_density is nan or inf.
f vals:  tensor(-798899.2634, dtype=torch.float64, grad_fn=<MinBackward1>) tensor(-3.0295e-05, dtype=torch.float64, grad_fn=<MaxBackward1>)
g_y vals:  tensor(2.6590e-08, dtype=torch.float64) tensor(85.0738, dtype=torch.float64)
psi_y_vals vals:  tensor(0.0012, dtype=torch.float64, grad_fn=<MinBackward1>) tensor(48845.5070, dtype=torch.float64, grad_fn=<MaxBackward1>)
phi_y_vals vals:  tensor(2.7006e-22, dtype=torch.float64) tensor(4.7441, dtype=torch.float64)
Q vals:  tensor(-0.0003, dtype=torch.float64, grad_fn=<MinBackward1>) tensor(7.1132e-05, dtype=torch.float64, grad_fn=<MaxBackward1>)
Epoch 100: Avg: nan, NLL: nan, LDB: 0.0000, Reg: 1.1117, PSD: True, nPSD streak: 0/10, time: 0.463
(belief) log_density is nan or inf.
f vals:  tensor(-816153.9816, dtype=torch.float64, grad_fn=<MinBackward1>) tensor(-0.0002, dtype=torch.float64, grad_fn=<MaxBackward1>)
g_y vals:  tensor(4.5889e-08, dtype=torch.float64) tensor(85.0738, dtype=torch.float64)
psi_y_vals vals:  tensor(0.0063, dtype=torch.float64, grad_fn=<MinBackward1>) tensor(58304.2024, dtype=torch.float64, grad_fn=<MaxBackward1>)
phi_y_vals vals:  tensor(3.8215e-22, dtype=torch.float64) tensor(4.7441, dtype=torch.float64)
Q vals:  tensor(-0.0002, dtype=torch.float64, grad_fn=<MinBackward1>) tensor(5.0995e-05, dtype=torch.float64, grad_fn=<MaxBackward1>)
(belief) log_density is nan or inf.
f vals:  tensor(-400362.9414, dtype=torch.float64, grad_fn=<MinBackward1>) tensor(-1.3148e-05, dtype=torch.float64, grad_fn=<MaxBackward1>)
g_y vals:  tensor(2.6590e-08, dtype=torch.float64) tensor(940.9332, dtype=torch.float64)
psi_y_vals vals:  tensor(0.0012, dtype=torch.float64, grad_fn=<MinBackward1>) tensor(52472.4920, dtype=torch.float64, grad_fn=<MaxBackward1>)
phi_y_vals vals:  tensor(2.7006e-22, dtype=torch.float64) tensor(2.6648, dtype=torch.float64)
Q vals:  tensor(-0.0001, dtype=torch.float64, grad_fn=<MinBackward1>) tensor(3.0890e-05, dtype=torch.float64, grad_fn=<MaxBackward1>)
(belief) log_density is nan or inf.
f vals:  tensor(-225361.1490, dtype=torch.float64, grad_fn=<MinBackward1>) tensor(-6.9428e-05, dtype=torch.float64, grad_fn=<MaxBackward1>)
g_y vals:  tensor(4.5889e-08, dtype=torch.float64) tensor(940.9332, dtype=torch.float64)
psi_y_vals vals:  tensor(0.0063, dtype=torch.float64, grad_fn=<MinBackward1>) tensor(53828.1856, dtype=torch.float64, grad_fn=<MaxBackward1>)
phi_y_vals vals:  tensor(2.7006e-22, dtype=torch.float64) tensor(2.6648, dtype=torch.float64)
Q vals:  tensor(-7.7648e-05, dtype=torch.float64, grad_fn=<MinBackward1>) tensor(1.6501e-05, dtype=torch.float64, grad_fn=<MaxBackward1>)
(belief) log_density is nan or inf.
f vals:  tensor(-1021220.8447, dtype=torch.float64, grad_fn=<MinBackward1>) tensor(-2.7148e-05, dtype=torch.float64, grad_fn=<MaxBackward1>)
g_y vals:  tensor(2.6590e-08, dtype=torch.float64) tensor(26.6287, dtype=torch.float64)
psi_y_vals vals:  tensor(0.0012, dtype=torch.float64, grad_fn=<MinBackward1>) tensor(58303.1721, dtype=torch.float64, grad_fn=<MaxBackward1>)
phi_y_vals vals:  tensor(3.8215e-22, dtype=torch.float64) tensor(4.7441, dtype=torch.float64)
Q vals:  tensor(-0.0003, dtype=torch.float64, grad_fn=<MinBackward1>) tensor(6.3810e-05, dtype=torch.float64, grad_fn=<MaxBackward1>)
(belief) log_density is nan or inf.
f vals:  tensor(-1298106.1856, dtype=torch.float64, grad_fn=<MinBackward1>) tensor(-0.0003, dtype=torch.float64, grad_fn=<MaxBackward1>)
g_y vals:  tensor(2.6590e-08, dtype=torch.float64) tensor(940.9332, dtype=torch.float64)
psi_y_vals vals:  tensor(0.0063, dtype=torch.float64, grad_fn=<MinBackward1>) tensor(58302.7395, dtype=torch.float64, grad_fn=<MaxBackward1>)
phi_y_vals vals:  tensor(2.7006e-22, dtype=torch.float64) tensor(2.6648, dtype=torch.float64)
Q vals:  tensor(-0.0004, dtype=torch.float64, grad_fn=<MinBackward1>) tensor(8.1112e-05, dtype=torch.float64, grad_fn=<MaxBackward1>)
(belief) log_density is nan or inf.
f vals:  tensor(-1291269.6553, dtype=torch.float64, grad_fn=<MinBackward1>) tensor(-4.0196e-05, dtype=torch.float64, grad_fn=<MaxBackward1>)
g_y vals:  tensor(5.1137e-08, dtype=torch.float64) tensor(85.0738, dtype=torch.float64)
psi_y_vals vals:  tensor(0.0012, dtype=torch.float64, grad_fn=<MinBackward1>) tensor(53827.8489, dtype=torch.float64, grad_fn=<MaxBackward1>)
phi_y_vals vals:  tensor(3.8215e-22, dtype=torch.float64) tensor(4.7441, dtype=torch.float64)
Q vals:  tensor(-0.0004, dtype=torch.float64, grad_fn=<MinBackward1>) tensor(9.4547e-05, dtype=torch.float64, grad_fn=<MaxBackward1>)
(belief) log_density is nan or inf.
f vals:  tensor(-1698584.5416, dtype=torch.float64, grad_fn=<MinBackward1>) tensor(-0.0004, dtype=torch.float64, grad_fn=<MaxBackward1>)
g_y vals:  tensor(2.6590e-08, dtype=torch.float64) tensor(940.9332, dtype=torch.float64)
psi_y_vals vals:  tensor(0.0063, dtype=torch.float64, grad_fn=<MinBackward1>) tensor(58302.0472, dtype=torch.float64, grad_fn=<MaxBackward1>)
phi_y_vals vals:  tensor(2.7006e-22, dtype=torch.float64) tensor(2.6648, dtype=torch.float64)
Q vals:  tensor(-0.0005, dtype=torch.float64, grad_fn=<MinBackward1>) tensor(0.0001, dtype=torch.float64, grad_fn=<MaxBackward1>)
(belief) log_density is nan or inf.
f vals:  tensor(-1500801.6376, dtype=torch.float64, grad_fn=<MinBackward1>) tensor(-4.9205e-05, dtype=torch.float64, grad_fn=<MaxBackward1>)
g_y vals:  tensor(4.7704e-08, dtype=torch.float64) tensor(85.0738, dtype=torch.float64)
psi_y_vals vals:  tensor(0.0012, dtype=torch.float64, grad_fn=<MinBackward1>) tensor(52469.2630, dtype=torch.float64, grad_fn=<MaxBackward1>)
phi_y_vals vals:  tensor(3.8215e-22, dtype=torch.float64) tensor(4.7441, dtype=torch.float64)
Q vals:  tensor(-0.0005, dtype=torch.float64, grad_fn=<MinBackward1>) tensor(0.0001, dtype=torch.float64, grad_fn=<MaxBackward1>)
(belief) log_density is nan or inf.
f vals:  tensor(-1722451.8893, dtype=torch.float64, grad_fn=<MinBackward1>) tensor(-0.0005, dtype=torch.float64, grad_fn=<MaxBackward1>)
g_y vals:  tensor(2.6590e-08, dtype=torch.float64) tensor(940.9332, dtype=torch.float64)
psi_y_vals vals:  tensor(0.0063, dtype=torch.float64, grad_fn=<MinBackward1>) tensor(53827.4843, dtype=torch.float64, grad_fn=<MaxBackward1>)
phi_y_vals vals:  tensor(2.7006e-22, dtype=torch.float64) tensor(4.7441, dtype=torch.float64)
Q vals:  tensor(-0.0006, dtype=torch.float64, grad_fn=<MinBackward1>) tensor(0.0001, dtype=torch.float64, grad_fn=<MaxBackward1>)
(belief) log_density is nan or inf.
f vals:  tensor(-2199701.2064, dtype=torch.float64, grad_fn=<MinBackward1>) tensor(-5.8370e-05, dtype=torch.float64, grad_fn=<MaxBackward1>)
g_y vals:  tensor(4.7704e-08, dtype=torch.float64) tensor(85.0738, dtype=torch.float64)
psi_y_vals vals:  tensor(0.0012, dtype=torch.float64, grad_fn=<MinBackward1>) tensor(58301.3548, dtype=torch.float64, grad_fn=<MaxBackward1>)
phi_y_vals vals:  tensor(4.3226e-21, dtype=torch.float64) tensor(1.8966, dtype=torch.float64)
Q vals:  tensor(-0.0006, dtype=torch.float64, grad_fn=<MinBackward1>) tensor(0.0001, dtype=torch.float64, grad_fn=<MaxBackward1>)
(belief) log_density is nan or inf.
f vals:  tensor(-1750859.9797, dtype=torch.float64, grad_fn=<MinBackward1>) tensor(-6.5149e-05, dtype=torch.float64, grad_fn=<MaxBackward1>)
g_y vals:  tensor(2.6590e-08, dtype=torch.float64) tensor(26.6287, dtype=torch.float64)
psi_y_vals vals:  tensor(0.0012, dtype=torch.float64, grad_fn=<MinBackward1>) tensor(49228.7164, dtype=torch.float64, grad_fn=<MaxBackward1>)
phi_y_vals vals:  tensor(3.8215e-22, dtype=torch.float64) tensor(4.7441, dtype=torch.float64)
Q vals:  tensor(-0.0007, dtype=torch.float64, grad_fn=<MinBackward1>) tensor(0.0002, dtype=torch.float64, grad_fn=<MaxBackward1>)
(belief) log_density is nan or inf.
f vals:  tensor(-2989939.7635, dtype=torch.float64, grad_fn=<MinBackward1>) tensor(-0.0012, dtype=torch.float64, grad_fn=<MaxBackward1>)
g_y vals:  tensor(5.1137e-08, dtype=torch.float64) tensor(940.9332, dtype=torch.float64)
psi_y_vals vals:  tensor(0.0139, dtype=torch.float64, grad_fn=<MinBackward1>) tensor(58301.0858, dtype=torch.float64, grad_fn=<MaxBackward1>)
phi_y_vals vals:  tensor(2.7006e-22, dtype=torch.float64) tensor(2.6648, dtype=torch.float64)
Q vals:  tensor(-0.0009, dtype=torch.float64, grad_fn=<MinBackward1>) tensor(0.0002, dtype=torch.float64, grad_fn=<MaxBackward1>)
(belief) log_density is nan or inf.
f vals:  tensor(-15232607.7899, dtype=torch.float64, grad_fn=<MinBackward1>) tensor(-0.0004, dtype=torch.float64, grad_fn=<MaxBackward1>)
g_y vals:  tensor(4.5889e-08, dtype=torch.float64) tensor(26.6287, dtype=torch.float64)
psi_y_vals vals:  tensor(0.0012, dtype=torch.float64, grad_fn=<MinBackward1>) tensor(58300.9991, dtype=torch.float64, grad_fn=<MaxBackward1>)
phi_y_vals vals:  tensor(3.8215e-22, dtype=torch.float64) tensor(4.7441, dtype=torch.float64)
Q vals:  tensor(-0.0045, dtype=torch.float64, grad_fn=<MinBackward1>) tensor(0.0010, dtype=torch.float64, grad_fn=<MaxBackward1>)
(belief) log_density is nan or inf.
f vals:  tensor(-2518188.9521, dtype=torch.float64, grad_fn=<MinBackward1>) tensor(-0.0010, dtype=torch.float64, grad_fn=<MaxBackward1>)
g_y vals:  tensor(2.6590e-08, dtype=torch.float64) tensor(940.9332, dtype=torch.float64)
psi_y_vals vals:  tensor(0.0140, dtype=torch.float64, grad_fn=<MinBackward1>) tensor(53827.0611, dtype=torch.float64, grad_fn=<MaxBackward1>)
phi_y_vals vals:  tensor(2.7006e-22, dtype=torch.float64) tensor(2.6648, dtype=torch.float64)
Q vals:  tensor(-0.0009, dtype=torch.float64, grad_fn=<MinBackward1>) tensor(0.0002, dtype=torch.float64, grad_fn=<MaxBackward1>)
(belief) log_density is nan or inf.
f vals:  tensor(-2817357.9651, dtype=torch.float64, grad_fn=<MinBackward1>) tensor(-0.0014, dtype=torch.float64, grad_fn=<MaxBackward1>)
g_y vals:  tensor(2.6590e-08, dtype=torch.float64) tensor(940.9332, dtype=torch.float64)
psi_y_vals vals:  tensor(0.0147, dtype=torch.float64, grad_fn=<MinBackward1>) tensor(53826.9853, dtype=torch.float64, grad_fn=<MaxBackward1>)
phi_y_vals vals:  tensor(2.7006e-22, dtype=torch.float64) tensor(2.6648, dtype=torch.float64)
Q vals:  tensor(-0.0010, dtype=torch.float64, grad_fn=<MinBackward1>) tensor(0.0002, dtype=torch.float64, grad_fn=<MaxBackward1>)
(belief) log_density is nan or inf.
f vals:  tensor(-3827839.6957, dtype=torch.float64, grad_fn=<MinBackward1>) tensor(-0.0001, dtype=torch.float64, grad_fn=<MaxBackward1>)
g_y vals:  tensor(5.1137e-08, dtype=torch.float64) tensor(14.2038, dtype=torch.float64)
psi_y_vals vals:  tensor(0.0012, dtype=torch.float64, grad_fn=<MinBackward1>) tensor(58300.9928, dtype=torch.float64, grad_fn=<MaxBackward1>)
phi_y_vals vals:  tensor(4.3226e-21, dtype=torch.float64) tensor(4.7441, dtype=torch.float64)
Q vals:  tensor(-0.0011, dtype=torch.float64, grad_fn=<MinBackward1>) tensor(0.0002, dtype=torch.float64, grad_fn=<MaxBackward1>)
(belief) log_density is nan or inf.
f vals:  tensor(-2972757.2046, dtype=torch.float64, grad_fn=<MinBackward1>) tensor(-0.0001, dtype=torch.float64, grad_fn=<MaxBackward1>)
g_y vals:  tensor(4.7704e-08, dtype=torch.float64) tensor(940.9332, dtype=torch.float64)
psi_y_vals vals:  tensor(0.0012, dtype=torch.float64, grad_fn=<MinBackward1>) tensor(46796.8371, dtype=torch.float64, grad_fn=<MaxBackward1>)
phi_y_vals vals:  tensor(2.7006e-22, dtype=torch.float64) tensor(4.7441, dtype=torch.float64)
Q vals:  tensor(-0.0014, dtype=torch.float64, grad_fn=<MinBackward1>) tensor(0.0003, dtype=torch.float64, grad_fn=<MaxBackward1>)
(belief) log_density is nan or inf.
f vals:  tensor(-5205329.1062, dtype=torch.float64, grad_fn=<MinBackward1>) tensor(-0.0018, dtype=torch.float64, grad_fn=<MaxBackward1>)
g_y vals:  tensor(2.6590e-08, dtype=torch.float64) tensor(85.0738, dtype=torch.float64)
psi_y_vals vals:  tensor(0.0122, dtype=torch.float64, grad_fn=<MinBackward1>) tensor(58301.1061, dtype=torch.float64, grad_fn=<MaxBackward1>)
phi_y_vals vals:  tensor(3.8215e-22, dtype=torch.float64) tensor(1.8966, dtype=torch.float64)
Q vals:  tensor(-0.0015, dtype=torch.float64, grad_fn=<MinBackward1>) tensor(0.0003, dtype=torch.float64, grad_fn=<MaxBackward1>)
(belief) log_density is nan or inf.
f vals:  tensor(-4410533.7424, dtype=torch.float64, grad_fn=<MinBackward1>) tensor(-0.0001, dtype=torch.float64, grad_fn=<MaxBackward1>)
g_y vals:  tensor(2.6590e-08, dtype=torch.float64) tensor(940.9332, dtype=torch.float64)
psi_y_vals vals:  tensor(0.0012, dtype=torch.float64, grad_fn=<MinBackward1>) tensor(52468.6709, dtype=torch.float64, grad_fn=<MaxBackward1>)
phi_y_vals vals:  tensor(1.4868e-21, dtype=torch.float64) tensor(4.7441, dtype=torch.float64)
Q vals:  tensor(-0.0016, dtype=torch.float64, grad_fn=<MinBackward1>) tensor(0.0003, dtype=torch.float64, grad_fn=<MaxBackward1>)
(belief) log_density is nan or inf.
f vals:  tensor(-10294001.8751, dtype=torch.float64, grad_fn=<MinBackward1>) tensor(-0.0027, dtype=torch.float64, grad_fn=<MaxBackward1>)
g_y vals:  tensor(4.5889e-08, dtype=torch.float64) tensor(26.6287, dtype=torch.float64)
psi_y_vals vals:  tensor(0.0063, dtype=torch.float64, grad_fn=<MinBackward1>) tensor(58301.3033, dtype=torch.float64, grad_fn=<MaxBackward1>)
phi_y_vals vals:  tensor(2.7006e-22, dtype=torch.float64) tensor(0.7939, dtype=torch.float64)
Q vals:  tensor(-0.0030, dtype=torch.float64, grad_fn=<MinBackward1>) tensor(0.0006, dtype=torch.float64, grad_fn=<MaxBackward1>)
Epoch 110: Avg: nan, NLL: nan, LDB: 0.0000, Reg: 1.1117, PSD: True, nPSD streak: 0/10, time: 0.455
(belief) log_density is nan or inf.
f vals:  tensor(-5613892.8468, dtype=torch.float64, grad_fn=<MinBackward1>) tensor(-0.0002, dtype=torch.float64, grad_fn=<MaxBackward1>)
g_y vals:  tensor(4.7704e-08, dtype=torch.float64) tensor(940.9332, dtype=torch.float64)
psi_y_vals vals:  tensor(0.0012, dtype=torch.float64, grad_fn=<MinBackward1>) tensor(52469.1044, dtype=torch.float64, grad_fn=<MaxBackward1>)
phi_y_vals vals:  tensor(2.7006e-22, dtype=torch.float64) tensor(2.6648, dtype=torch.float64)
Q vals:  tensor(-0.0020, dtype=torch.float64, grad_fn=<MinBackward1>) tensor(0.0004, dtype=torch.float64, grad_fn=<MaxBackward1>)
(belief) log_density is nan or inf.
f vals:  tensor(-8825119.9929, dtype=torch.float64, grad_fn=<MinBackward1>) tensor(-0.0023, dtype=torch.float64, grad_fn=<MaxBackward1>)
g_y vals:  tensor(2.6590e-08, dtype=torch.float64) tensor(26.6287, dtype=torch.float64)
psi_y_vals vals:  tensor(0.0063, dtype=torch.float64, grad_fn=<MinBackward1>) tensor(58301.5982, dtype=torch.float64, grad_fn=<MaxBackward1>)
phi_y_vals vals:  tensor(1.4868e-21, dtype=torch.float64) tensor(4.7441, dtype=torch.float64)
Q vals:  tensor(-0.0026, dtype=torch.float64, grad_fn=<MinBackward1>) tensor(0.0006, dtype=torch.float64, grad_fn=<MaxBackward1>)
(belief) log_density is nan or inf.
f vals:  tensor(-12512270.9205, dtype=torch.float64, grad_fn=<MinBackward1>) tensor(-0.0003, dtype=torch.float64, grad_fn=<MaxBackward1>)
g_y vals:  tensor(5.1137e-08, dtype=torch.float64) tensor(940.9332, dtype=torch.float64)
psi_y_vals vals:  tensor(0.0012, dtype=torch.float64, grad_fn=<MinBackward1>) tensor(58301.7789, dtype=torch.float64, grad_fn=<MaxBackward1>)
phi_y_vals vals:  tensor(2.7006e-22, dtype=torch.float64) tensor(4.7441, dtype=torch.float64)
Q vals:  tensor(-0.0037, dtype=torch.float64, grad_fn=<MinBackward1>) tensor(0.0008, dtype=torch.float64, grad_fn=<MaxBackward1>)
(belief) log_density is nan or inf.
f vals:  tensor(-15941424.7670, dtype=torch.float64, grad_fn=<MinBackward1>) tensor(-0.0068, dtype=torch.float64, grad_fn=<MaxBackward1>)
g_y vals:  tensor(2.6590e-08, dtype=torch.float64) tensor(3.0570, dtype=torch.float64)
psi_y_vals vals:  tensor(0.0140, dtype=torch.float64, grad_fn=<MinBackward1>) tensor(52470.0763, dtype=torch.float64, grad_fn=<MaxBackward1>)
phi_y_vals vals:  tensor(3.5108e-21, dtype=torch.float64) tensor(0.5469, dtype=torch.float64)
Q vals:  tensor(-0.0058, dtype=torch.float64, grad_fn=<MinBackward1>) tensor(0.0012, dtype=torch.float64, grad_fn=<MaxBackward1>)
(belief) log_density is nan or inf.
f vals:  tensor(-1.3073e+08, dtype=torch.float64, grad_fn=<MinBackward1>) tensor(-0.0035, dtype=torch.float64, grad_fn=<MaxBackward1>)
g_y vals:  tensor(2.6590e-08, dtype=torch.float64) tensor(940.9332, dtype=torch.float64)
psi_y_vals vals:  tensor(0.0012, dtype=torch.float64, grad_fn=<MinBackward1>) tensor(58302.2497, dtype=torch.float64, grad_fn=<MaxBackward1>)
phi_y_vals vals:  tensor(2.7006e-22, dtype=torch.float64) tensor(4.7441, dtype=torch.float64)
Q vals:  tensor(-0.0384, dtype=torch.float64, grad_fn=<MinBackward1>) tensor(0.0082, dtype=torch.float64, grad_fn=<MaxBackward1>)
(belief) log_density is nan or inf.
f vals:  tensor(-57636350.2421, dtype=torch.float64, grad_fn=<MinBackward1>) tensor(-0.0015, dtype=torch.float64, grad_fn=<MaxBackward1>)
g_y vals:  tensor(2.6590e-08, dtype=torch.float64) tensor(940.9332, dtype=torch.float64)
psi_y_vals vals:  tensor(0.0012, dtype=torch.float64, grad_fn=<MinBackward1>) tensor(58305.2192, dtype=torch.float64, grad_fn=<MaxBackward1>)
phi_y_vals vals:  tensor(2.7006e-22, dtype=torch.float64) tensor(4.7441, dtype=torch.float64)
Q vals:  tensor(-0.0169, dtype=torch.float64, grad_fn=<MinBackward1>) tensor(0.0036, dtype=torch.float64, grad_fn=<MaxBackward1>)
(belief) log_density is nan or inf.
f vals:  tensor(-21850006.0179, dtype=torch.float64, grad_fn=<MinBackward1>) tensor(-0.0071, dtype=torch.float64, grad_fn=<MaxBackward1>)
g_y vals:  tensor(4.5889e-08, dtype=torch.float64) tensor(85.0738, dtype=torch.float64)
psi_y_vals vals:  tensor(0.0063, dtype=torch.float64, grad_fn=<MinBackward1>) tensor(52476.7649, dtype=torch.float64, grad_fn=<MaxBackward1>)
phi_y_vals vals:  tensor(3.5108e-21, dtype=torch.float64) tensor(1.2034, dtype=torch.float64)
Q vals:  tensor(-0.0079, dtype=torch.float64, grad_fn=<MinBackward1>) tensor(0.0017, dtype=torch.float64, grad_fn=<MaxBackward1>)
(belief) log_density is nan or inf.
f vals:  tensor(-3696654.2975, dtype=torch.float64, grad_fn=<MinBackward1>) tensor(-0.0001, dtype=torch.float64, grad_fn=<MaxBackward1>)
g_y vals:  tensor(2.6590e-08, dtype=torch.float64) tensor(26.6287, dtype=torch.float64)
psi_y_vals vals:  tensor(0.0012, dtype=torch.float64, grad_fn=<MinBackward1>) tensor(48849.5489, dtype=torch.float64, grad_fn=<MaxBackward1>)
phi_y_vals vals:  tensor(3.8215e-22, dtype=torch.float64) tensor(4.7441, dtype=torch.float64)
Q vals:  tensor(-0.0015, dtype=torch.float64, grad_fn=<MinBackward1>) tensor(0.0003, dtype=torch.float64, grad_fn=<MaxBackward1>)
(belief) log_density is nan or inf.
f vals:  tensor(-585864.5551, dtype=torch.float64, grad_fn=<MinBackward1>) tensor(-1.8960e-05, dtype=torch.float64, grad_fn=<MaxBackward1>)
g_y vals:  tensor(4.7704e-08, dtype=torch.float64) tensor(940.9332, dtype=torch.float64)
psi_y_vals vals:  tensor(0.0012, dtype=torch.float64, grad_fn=<MinBackward1>) tensor(52479.0097, dtype=torch.float64, grad_fn=<MaxBackward1>)
phi_y_vals vals:  tensor(3.5108e-21, dtype=torch.float64) tensor(2.6648, dtype=torch.float64)
Q vals:  tensor(-0.0002, dtype=torch.float64, grad_fn=<MinBackward1>) tensor(4.5207e-05, dtype=torch.float64, grad_fn=<MaxBackward1>)
(belief) log_density is nan or inf.
f vals:  tensor(-410103.0438, dtype=torch.float64, grad_fn=<MinBackward1>) tensor(-0.0002, dtype=torch.float64, grad_fn=<MaxBackward1>)
g_y vals:  tensor(2.6590e-08, dtype=torch.float64) tensor(85.0738, dtype=torch.float64)
psi_y_vals vals:  tensor(0.0169, dtype=torch.float64, grad_fn=<MinBackward1>) tensor(58307.3001, dtype=torch.float64, grad_fn=<MaxBackward1>)
phi_y_vals vals:  tensor(2.7006e-22, dtype=torch.float64) tensor(4.7441, dtype=torch.float64)
Q vals:  tensor(-0.0001, dtype=torch.float64, grad_fn=<MinBackward1>) tensor(2.5630e-05, dtype=torch.float64, grad_fn=<MaxBackward1>)
(belief) log_density is nan or inf.
f vals:  tensor(-3739154.6046, dtype=torch.float64, grad_fn=<MinBackward1>) tensor(-0.0010, dtype=torch.float64, grad_fn=<MaxBackward1>)
g_y vals:  tensor(4.5889e-08, dtype=torch.float64) tensor(26.6287, dtype=torch.float64)
psi_y_vals vals:  tensor(0.0063, dtype=torch.float64, grad_fn=<MinBackward1>) tensor(58307.6267, dtype=torch.float64, grad_fn=<MaxBackward1>)
phi_y_vals vals:  tensor(2.7006e-22, dtype=torch.float64) tensor(4.7441, dtype=torch.float64)
Q vals:  tensor(-0.0011, dtype=torch.float64, grad_fn=<MinBackward1>) tensor(0.0002, dtype=torch.float64, grad_fn=<MaxBackward1>)
(belief) log_density is nan or inf.
f vals:  tensor(-1670579.9794, dtype=torch.float64, grad_fn=<MinBackward1>) tensor(-5.1279e-05, dtype=torch.float64, grad_fn=<MaxBackward1>)
g_y vals:  tensor(2.6590e-08, dtype=torch.float64) tensor(940.9332, dtype=torch.float64)
psi_y_vals vals:  tensor(0.0012, dtype=torch.float64, grad_fn=<MinBackward1>) tensor(53824.7736, dtype=torch.float64, grad_fn=<MaxBackward1>)
phi_y_vals vals:  tensor(1.4868e-21, dtype=torch.float64) tensor(2.6648, dtype=torch.float64)
Q vals:  tensor(-0.0006, dtype=torch.float64, grad_fn=<MinBackward1>) tensor(0.0001, dtype=torch.float64, grad_fn=<MaxBackward1>)
(belief) log_density is nan or inf.
f vals:  tensor(-637312.7417, dtype=torch.float64, grad_fn=<MinBackward1>) tensor(-0.0002, dtype=torch.float64, grad_fn=<MaxBackward1>)
g_y vals:  tensor(4.5889e-08, dtype=torch.float64) tensor(940.9332, dtype=torch.float64)
psi_y_vals vals:  tensor(0.0063, dtype=torch.float64, grad_fn=<MinBackward1>) tensor(48852.3469, dtype=torch.float64, grad_fn=<MaxBackward1>)
phi_y_vals vals:  tensor(2.7006e-22, dtype=torch.float64) tensor(2.6648, dtype=torch.float64)
Q vals:  tensor(-0.0003, dtype=torch.float64, grad_fn=<MinBackward1>) tensor(5.6752e-05, dtype=torch.float64, grad_fn=<MaxBackward1>)
(belief) log_density is nan or inf.
f vals:  tensor(-2272261.5776, dtype=torch.float64, grad_fn=<MinBackward1>) tensor(-5.9463e-05, dtype=torch.float64, grad_fn=<MaxBackward1>)
g_y vals:  tensor(2.6590e-08, dtype=torch.float64) tensor(14.2038, dtype=torch.float64)
psi_y_vals vals:  tensor(0.0012, dtype=torch.float64, grad_fn=<MinBackward1>) tensor(58308.5433, dtype=torch.float64, grad_fn=<MaxBackward1>)
phi_y_vals vals:  tensor(3.8215e-22, dtype=torch.float64) tensor(4.7441, dtype=torch.float64)
Q vals:  tensor(-0.0007, dtype=torch.float64, grad_fn=<MinBackward1>) tensor(0.0001, dtype=torch.float64, grad_fn=<MaxBackward1>)
Epoch 120: Avg: nan, NLL: nan, LDB: 0.0000, Reg: 1.1118, PSD: True, nPSD streak: 0/10, time: 0.506
(belief) log_density is nan or inf.
f vals:  tensor(-181150.5128, dtype=torch.float64, grad_fn=<MinBackward1>) tensor(-0.0001, dtype=torch.float64, grad_fn=<MaxBackward1>)
g_y vals:  tensor(4.5889e-08, dtype=torch.float64) tensor(940.9332, dtype=torch.float64)
psi_y_vals vals:  tensor(0.0147, dtype=torch.float64, grad_fn=<MinBackward1>) tensor(58308.8277, dtype=torch.float64, grad_fn=<MaxBackward1>)
phi_y_vals vals:  tensor(2.7006e-22, dtype=torch.float64) tensor(4.7441, dtype=torch.float64)
Q vals:  tensor(-5.3254e-05, dtype=torch.float64, grad_fn=<MinBackward1>) tensor(1.1322e-05, dtype=torch.float64, grad_fn=<MaxBackward1>)
(belief) log_density is nan or inf.
f vals:  tensor(-1493114.0338, dtype=torch.float64, grad_fn=<MinBackward1>) tensor(-4.8212e-05, dtype=torch.float64, grad_fn=<MaxBackward1>)
g_y vals:  tensor(2.6590e-08, dtype=torch.float64) tensor(85.0738, dtype=torch.float64)
psi_y_vals vals:  tensor(0.0012, dtype=torch.float64, grad_fn=<MinBackward1>) tensor(52482.6443, dtype=torch.float64, grad_fn=<MaxBackward1>)
phi_y_vals vals:  tensor(3.8215e-22, dtype=torch.float64) tensor(1.2034, dtype=torch.float64)
Q vals:  tensor(-0.0005, dtype=torch.float64, grad_fn=<MinBackward1>) tensor(0.0001, dtype=torch.float64, grad_fn=<MaxBackward1>)
(belief) log_density is nan or inf.
f vals:  tensor(-1032115.9779, dtype=torch.float64, grad_fn=<MinBackward1>) tensor(-0.0004, dtype=torch.float64, grad_fn=<MaxBackward1>)
g_y vals:  tensor(6.8615e-08, dtype=torch.float64) tensor(2.2702, dtype=torch.float64)
psi_y_vals vals:  tensor(0.0113, dtype=torch.float64, grad_fn=<MinBackward1>) tensor(58309.3588, dtype=torch.float64, grad_fn=<MaxBackward1>)
phi_y_vals vals:  tensor(3.8215e-22, dtype=torch.float64) tensor(1.8966, dtype=torch.float64)
Q vals:  tensor(-0.0003, dtype=torch.float64, grad_fn=<MinBackward1>) tensor(6.4505e-05, dtype=torch.float64, grad_fn=<MaxBackward1>)
(belief) log_density is nan or inf.
f vals:  tensor(-1723886.1317, dtype=torch.float64, grad_fn=<MinBackward1>) tensor(-5.2827e-05, dtype=torch.float64, grad_fn=<MaxBackward1>)
g_y vals:  tensor(2.6590e-08, dtype=torch.float64) tensor(940.9332, dtype=torch.float64)
psi_y_vals vals:  tensor(0.0012, dtype=torch.float64, grad_fn=<MinBackward1>) tensor(53824.4883, dtype=torch.float64, grad_fn=<MaxBackward1>)
phi_y_vals vals:  tensor(2.7006e-22, dtype=torch.float64) tensor(4.7441, dtype=torch.float64)
Q vals:  tensor(-0.0006, dtype=torch.float64, grad_fn=<MinBackward1>) tensor(0.0001, dtype=torch.float64, grad_fn=<MaxBackward1>)
(belief) log_density is nan or inf.
f vals:  tensor(-2600884.3027, dtype=torch.float64, grad_fn=<MinBackward1>) tensor(-0.0009, dtype=torch.float64, grad_fn=<MaxBackward1>)
g_y vals:  tensor(2.6590e-08, dtype=torch.float64) tensor(940.9332, dtype=torch.float64)
psi_y_vals vals:  tensor(0.0113, dtype=torch.float64, grad_fn=<MinBackward1>) tensor(58309.8553, dtype=torch.float64, grad_fn=<MaxBackward1>)
phi_y_vals vals:  tensor(1.4868e-21, dtype=torch.float64) tensor(4.7441, dtype=torch.float64)
Q vals:  tensor(-0.0008, dtype=torch.float64, grad_fn=<MinBackward1>) tensor(0.0002, dtype=torch.float64, grad_fn=<MaxBackward1>)
(belief) log_density is nan or inf.
f vals:  tensor(-2683291.8504, dtype=torch.float64, grad_fn=<MinBackward1>) tensor(-8.2191e-05, dtype=torch.float64, grad_fn=<MaxBackward1>)
g_y vals:  tensor(4.5889e-08, dtype=torch.float64) tensor(85.0738, dtype=torch.float64)
psi_y_vals vals:  tensor(0.0012, dtype=torch.float64, grad_fn=<MinBackward1>) tensor(53824.4313, dtype=torch.float64, grad_fn=<MaxBackward1>)
phi_y_vals vals:  tensor(2.7006e-22, dtype=torch.float64) tensor(1.2034, dtype=torch.float64)
Q vals:  tensor(-0.0009, dtype=torch.float64, grad_fn=<MinBackward1>) tensor(0.0002, dtype=torch.float64, grad_fn=<MaxBackward1>)
(belief) log_density is nan or inf.
f vals:  tensor(-2352063.0322, dtype=torch.float64, grad_fn=<MinBackward1>) tensor(-0.0009, dtype=torch.float64, grad_fn=<MaxBackward1>)
g_y vals:  tensor(2.6590e-08, dtype=torch.float64) tensor(14.2038, dtype=torch.float64)
psi_y_vals vals:  tensor(0.0112, dtype=torch.float64, grad_fn=<MinBackward1>) tensor(53824.4051, dtype=torch.float64, grad_fn=<MaxBackward1>)
phi_y_vals vals:  tensor(4.3226e-21, dtype=torch.float64) tensor(4.7441, dtype=torch.float64)
Q vals:  tensor(-0.0008, dtype=torch.float64, grad_fn=<MinBackward1>) tensor(0.0002, dtype=torch.float64, grad_fn=<MaxBackward1>)
(belief) log_density is nan or inf.
f vals:  tensor(-2542524.9644, dtype=torch.float64, grad_fn=<MinBackward1>) tensor(-6.6402e-05, dtype=torch.float64, grad_fn=<MaxBackward1>)
g_y vals:  tensor(4.7704e-08, dtype=torch.float64) tensor(940.9332, dtype=torch.float64)
psi_y_vals vals:  tensor(0.0012, dtype=torch.float64, grad_fn=<MinBackward1>) tensor(58310.5941, dtype=torch.float64, grad_fn=<MaxBackward1>)
phi_y_vals vals:  tensor(2.7006e-22, dtype=torch.float64) tensor(2.6648, dtype=torch.float64)
Q vals:  tensor(-0.0007, dtype=torch.float64, grad_fn=<MinBackward1>) tensor(0.0002, dtype=torch.float64, grad_fn=<MaxBackward1>)
(belief) log_density is nan or inf.
f vals:  tensor(-2006203.1633, dtype=torch.float64, grad_fn=<MinBackward1>) tensor(-6.1407e-05, dtype=torch.float64, grad_fn=<MaxBackward1>)
g_y vals:  tensor(4.5889e-08, dtype=torch.float64) tensor(19.6968, dtype=torch.float64)
psi_y_vals vals:  tensor(0.0012, dtype=torch.float64, grad_fn=<MinBackward1>) tensor(53824.3502, dtype=torch.float64, grad_fn=<MaxBackward1>)
phi_y_vals vals:  tensor(1.4868e-21, dtype=torch.float64) tensor(4.7441, dtype=torch.float64)
Q vals:  tensor(-0.0007, dtype=torch.float64, grad_fn=<MinBackward1>) tensor(0.0001, dtype=torch.float64, grad_fn=<MaxBackward1>)
(belief) log_density is nan or inf.
f vals:  tensor(-2220064.6298, dtype=torch.float64, grad_fn=<MinBackward1>) tensor(-0.0008, dtype=torch.float64, grad_fn=<MaxBackward1>)
g_y vals:  tensor(2.6590e-08, dtype=torch.float64) tensor(940.9332, dtype=torch.float64)
psi_y_vals vals:  tensor(0.0112, dtype=torch.float64, grad_fn=<MinBackward1>) tensor(58311.0735, dtype=torch.float64, grad_fn=<MaxBackward1>)
phi_y_vals vals:  tensor(2.7006e-22, dtype=torch.float64) tensor(2.6648, dtype=torch.float64)
Q vals:  tensor(-0.0007, dtype=torch.float64, grad_fn=<MinBackward1>) tensor(0.0001, dtype=torch.float64, grad_fn=<MaxBackward1>)
(belief) log_density is nan or inf.
f vals:  tensor(-1786438.9723, dtype=torch.float64, grad_fn=<MinBackward1>) tensor(-5.4654e-05, dtype=torch.float64, grad_fn=<MaxBackward1>)
g_y vals:  tensor(4.7704e-08, dtype=torch.float64) tensor(940.9332, dtype=torch.float64)
psi_y_vals vals:  tensor(0.0012, dtype=torch.float64, grad_fn=<MinBackward1>) tensor(53824.3051, dtype=torch.float64, grad_fn=<MaxBackward1>)
phi_y_vals vals:  tensor(3.8215e-22, dtype=torch.float64) tensor(4.7441, dtype=torch.float64)
Q vals:  tensor(-0.0006, dtype=torch.float64, grad_fn=<MinBackward1>) tensor(0.0001, dtype=torch.float64, grad_fn=<MaxBackward1>)
(belief) log_density is nan or inf.
f vals:  tensor(-2056784.4632, dtype=torch.float64, grad_fn=<MinBackward1>) tensor(-0.0007, dtype=torch.float64, grad_fn=<MaxBackward1>)
g_y vals:  tensor(2.6590e-08, dtype=torch.float64) tensor(85.0738, dtype=torch.float64)
psi_y_vals vals:  tensor(0.0112, dtype=torch.float64, grad_fn=<MinBackward1>) tensor(58311.5371, dtype=torch.float64, grad_fn=<MaxBackward1>)
phi_y_vals vals:  tensor(2.7006e-22, dtype=torch.float64) tensor(1.8966, dtype=torch.float64)
Q vals:  tensor(-0.0006, dtype=torch.float64, grad_fn=<MinBackward1>) tensor(0.0001, dtype=torch.float64, grad_fn=<MaxBackward1>)
(belief) log_density is nan or inf.
f vals:  tensor(-1960194.5812, dtype=torch.float64, grad_fn=<MinBackward1>) tensor(-0.0005, dtype=torch.float64, grad_fn=<MaxBackward1>)
g_y vals:  tensor(4.5889e-08, dtype=torch.float64) tensor(26.6287, dtype=torch.float64)
psi_y_vals vals:  tensor(0.0063, dtype=torch.float64, grad_fn=<MinBackward1>) tensor(58311.7655, dtype=torch.float64, grad_fn=<MaxBackward1>)
phi_y_vals vals:  tensor(2.7006e-22, dtype=torch.float64) tensor(1.8966, dtype=torch.float64)
Q vals:  tensor(-0.0006, dtype=torch.float64, grad_fn=<MinBackward1>) tensor(0.0001, dtype=torch.float64, grad_fn=<MaxBackward1>)
(belief) log_density is nan or inf.
f vals:  tensor(-1500003.1093, dtype=torch.float64, grad_fn=<MinBackward1>) tensor(-5.7003e-05, dtype=torch.float64, grad_fn=<MaxBackward1>)
g_y vals:  tensor(2.6590e-08, dtype=torch.float64) tensor(940.9332, dtype=torch.float64)
psi_y_vals vals:  tensor(0.0012, dtype=torch.float64, grad_fn=<MinBackward1>) tensor(48305.1436, dtype=torch.float64, grad_fn=<MaxBackward1>)
phi_y_vals vals:  tensor(1.4868e-21, dtype=torch.float64) tensor(4.7441, dtype=torch.float64)
Q vals:  tensor(-0.0006, dtype=torch.float64, grad_fn=<MinBackward1>) tensor(0.0001, dtype=torch.float64, grad_fn=<MaxBackward1>)
(belief) log_density is nan or inf.
f vals:  tensor(-69021918.0209, dtype=torch.float64, grad_fn=<MinBackward1>) tensor(-0.0018, dtype=torch.float64, grad_fn=<MaxBackward1>)
g_y vals:  tensor(2.6590e-08, dtype=torch.float64) tensor(940.9332, dtype=torch.float64)
psi_y_vals vals:  tensor(0.0012, dtype=torch.float64, grad_fn=<MinBackward1>) tensor(58312.2191, dtype=torch.float64, grad_fn=<MaxBackward1>)
phi_y_vals vals:  tensor(2.7006e-22, dtype=torch.float64) tensor(4.7441, dtype=torch.float64)
Q vals:  tensor(-0.0203, dtype=torch.float64, grad_fn=<MinBackward1>) tensor(0.0043, dtype=torch.float64, grad_fn=<MaxBackward1>)
(belief) log_density is nan or inf.
f vals:  tensor(-452084.7557, dtype=torch.float64, grad_fn=<MinBackward1>) tensor(-0.0002, dtype=torch.float64, grad_fn=<MaxBackward1>)
g_y vals:  tensor(4.5889e-08, dtype=torch.float64) tensor(26.6287, dtype=torch.float64)
psi_y_vals vals:  tensor(0.0063, dtype=torch.float64, grad_fn=<MinBackward1>) tensor(48305.7317, dtype=torch.float64, grad_fn=<MaxBackward1>)
phi_y_vals vals:  tensor(3.8215e-22, dtype=torch.float64) tensor(1.1618, dtype=torch.float64)
Q vals:  tensor(-0.0002, dtype=torch.float64, grad_fn=<MinBackward1>) tensor(4.1174e-05, dtype=torch.float64, grad_fn=<MaxBackward1>)
(belief) log_density is nan or inf.
f vals:  tensor(-1110996.5030, dtype=torch.float64, grad_fn=<MinBackward1>) tensor(-0.0005, dtype=torch.float64, grad_fn=<MaxBackward1>)
g_y vals:  tensor(5.1137e-08, dtype=torch.float64) tensor(85.0738, dtype=torch.float64)
psi_y_vals vals:  tensor(0.0196, dtype=torch.float64, grad_fn=<MinBackward1>) tensor(58313.0627, dtype=torch.float64, grad_fn=<MaxBackward1>)
phi_y_vals vals:  tensor(2.7006e-22, dtype=torch.float64) tensor(4.7441, dtype=torch.float64)
Q vals:  tensor(-0.0003, dtype=torch.float64, grad_fn=<MinBackward1>) tensor(6.9434e-05, dtype=torch.float64, grad_fn=<MaxBackward1>)
(belief) log_density is nan or inf.
f vals:  tensor(-789832.4735, dtype=torch.float64, grad_fn=<MinBackward1>) tensor(-2.5363e-05, dtype=torch.float64, grad_fn=<MaxBackward1>)
g_y vals:  tensor(2.6590e-08, dtype=torch.float64) tensor(940.9332, dtype=torch.float64)
psi_y_vals vals:  tensor(0.0012, dtype=torch.float64, grad_fn=<MinBackward1>) tensor(52489.7267, dtype=torch.float64, grad_fn=<MaxBackward1>)
phi_y_vals vals:  tensor(4.3226e-21, dtype=torch.float64) tensor(2.6648, dtype=torch.float64)
Q vals:  tensor(-0.0003, dtype=torch.float64, grad_fn=<MinBackward1>) tensor(6.0934e-05, dtype=torch.float64, grad_fn=<MaxBackward1>)
(belief) log_density is nan or inf.
f vals:  tensor(-852084.5341, dtype=torch.float64, grad_fn=<MinBackward1>) tensor(-0.0002, dtype=torch.float64, grad_fn=<MaxBackward1>)
g_y vals:  tensor(2.6590e-08, dtype=torch.float64) tensor(940.9332, dtype=torch.float64)
psi_y_vals vals:  tensor(0.0063, dtype=torch.float64, grad_fn=<MinBackward1>) tensor(58313.8098, dtype=torch.float64, grad_fn=<MaxBackward1>)
phi_y_vals vals:  tensor(2.7006e-22, dtype=torch.float64) tensor(2.6648, dtype=torch.float64)
Q vals:  tensor(-0.0003, dtype=torch.float64, grad_fn=<MinBackward1>) tensor(5.3253e-05, dtype=torch.float64, grad_fn=<MaxBackward1>)
(belief) log_density is nan or inf.
f vals:  tensor(-516079.1830, dtype=torch.float64, grad_fn=<MinBackward1>) tensor(-1.9541e-05, dtype=torch.float64, grad_fn=<MaxBackward1>)
g_y vals:  tensor(4.5889e-08, dtype=torch.float64) tensor(85.0738, dtype=torch.float64)
psi_y_vals vals:  tensor(0.0012, dtype=torch.float64, grad_fn=<MinBackward1>) tensor(48307.0975, dtype=torch.float64, grad_fn=<MaxBackward1>)
phi_y_vals vals:  tensor(3.8215e-22, dtype=torch.float64) tensor(4.7441, dtype=torch.float64)
Q vals:  tensor(-0.0002, dtype=torch.float64, grad_fn=<MinBackward1>) tensor(4.7003e-05, dtype=torch.float64, grad_fn=<MaxBackward1>)
Epoch 130: Avg: nan, NLL: nan, LDB: 0.0000, Reg: 1.1118, PSD: True, nPSD streak: 0/10, time: 0.504
(belief) log_density is nan or inf.
f vals:  tensor(-662384.5212, dtype=torch.float64, grad_fn=<MinBackward1>) tensor(-1.7202e-05, dtype=torch.float64, grad_fn=<MaxBackward1>)
g_y vals:  tensor(2.6590e-08, dtype=torch.float64) tensor(940.9332, dtype=torch.float64)
psi_y_vals vals:  tensor(0.0012, dtype=torch.float64, grad_fn=<MinBackward1>) tensor(58314.4768, dtype=torch.float64, grad_fn=<MaxBackward1>)
phi_y_vals vals:  tensor(3.5108e-21, dtype=torch.float64) tensor(2.6648, dtype=torch.float64)
Q vals:  tensor(-0.0002, dtype=torch.float64, grad_fn=<MinBackward1>) tensor(4.1398e-05, dtype=torch.float64, grad_fn=<MaxBackward1>)
(belief) log_density is nan or inf.
f vals:  tensor(-395867.4621, dtype=torch.float64, grad_fn=<MinBackward1>) tensor(-0.0002, dtype=torch.float64, grad_fn=<MaxBackward1>)
g_y vals:  tensor(4.5889e-08, dtype=torch.float64) tensor(26.6287, dtype=torch.float64)
psi_y_vals vals:  tensor(0.0063, dtype=torch.float64, grad_fn=<MinBackward1>) tensor(48307.6567, dtype=torch.float64, grad_fn=<MaxBackward1>)
phi_y_vals vals:  tensor(2.7006e-22, dtype=torch.float64) tensor(4.7441, dtype=torch.float64)
Q vals:  tensor(-0.0002, dtype=torch.float64, grad_fn=<MinBackward1>) tensor(3.6055e-05, dtype=torch.float64, grad_fn=<MaxBackward1>)
(belief) log_density is nan or inf.
f vals:  tensor(-486302.6339, dtype=torch.float64, grad_fn=<MinBackward1>) tensor(-1.2618e-05, dtype=torch.float64, grad_fn=<MaxBackward1>)
g_y vals:  tensor(4.5889e-08, dtype=torch.float64) tensor(19.6968, dtype=torch.float64)
psi_y_vals vals:  tensor(0.0012, dtype=torch.float64, grad_fn=<MinBackward1>) tensor(58315.0827, dtype=torch.float64, grad_fn=<MaxBackward1>)
phi_y_vals vals:  tensor(2.7006e-22, dtype=torch.float64) tensor(1.8966, dtype=torch.float64)
Q vals:  tensor(-0.0001, dtype=torch.float64, grad_fn=<MinBackward1>) tensor(3.0393e-05, dtype=torch.float64, grad_fn=<MaxBackward1>)
(belief) log_density is nan or inf.
f vals:  tensor(-310999.9196, dtype=torch.float64, grad_fn=<MinBackward1>) tensor(-0.0002, dtype=torch.float64, grad_fn=<MaxBackward1>)
g_y vals:  tensor(2.6590e-08, dtype=torch.float64) tensor(940.9332, dtype=torch.float64)
psi_y_vals vals:  tensor(0.0147, dtype=torch.float64, grad_fn=<MinBackward1>) tensor(53823.7073, dtype=torch.float64, grad_fn=<MaxBackward1>)
phi_y_vals vals:  tensor(4.3226e-21, dtype=torch.float64) tensor(4.7441, dtype=torch.float64)
Q vals:  tensor(-0.0001, dtype=torch.float64, grad_fn=<MinBackward1>) tensor(2.2790e-05, dtype=torch.float64, grad_fn=<MaxBackward1>)
(belief) log_density is nan or inf.
f vals:  tensor(-71207.6050, dtype=torch.float64, grad_fn=<MinBackward1>) tensor(-1.8462e-06, dtype=torch.float64, grad_fn=<MaxBackward1>)
g_y vals:  tensor(4.5889e-08, dtype=torch.float64) tensor(940.9332, dtype=torch.float64)
psi_y_vals vals:  tensor(0.0012, dtype=torch.float64, grad_fn=<MinBackward1>) tensor(58315.6323, dtype=torch.float64, grad_fn=<MaxBackward1>)
phi_y_vals vals:  tensor(4.3226e-21, dtype=torch.float64) tensor(4.7441, dtype=torch.float64)
Q vals:  tensor(-2.0928e-05, dtype=torch.float64, grad_fn=<MinBackward1>) tensor(4.4503e-06, dtype=torch.float64, grad_fn=<MaxBackward1>)
(belief) log_density is nan or inf.
f vals:  tensor(-324175.6708, dtype=torch.float64, grad_fn=<MinBackward1>) tensor(-0.0001, dtype=torch.float64, grad_fn=<MaxBackward1>)
g_y vals:  tensor(2.6590e-08, dtype=torch.float64) tensor(26.6287, dtype=torch.float64)
psi_y_vals vals:  tensor(0.0063, dtype=torch.float64, grad_fn=<MinBackward1>) tensor(53823.6546, dtype=torch.float64, grad_fn=<MaxBackward1>)
phi_y_vals vals:  tensor(2.7006e-22, dtype=torch.float64) tensor(0.5446, dtype=torch.float64)
Q vals:  tensor(-0.0001, dtype=torch.float64, grad_fn=<MinBackward1>) tensor(2.3756e-05, dtype=torch.float64, grad_fn=<MaxBackward1>)
(belief) log_density is nan or inf.
f vals:  tensor(-485102.4388, dtype=torch.float64, grad_fn=<MinBackward1>) tensor(-1.2569e-05, dtype=torch.float64, grad_fn=<MaxBackward1>)
g_y vals:  tensor(4.5889e-08, dtype=torch.float64) tensor(19.6968, dtype=torch.float64)
psi_y_vals vals:  tensor(0.0012, dtype=torch.float64, grad_fn=<MinBackward1>) tensor(58316.1367, dtype=torch.float64, grad_fn=<MaxBackward1>)
phi_y_vals vals:  tensor(2.7006e-22, dtype=torch.float64) tensor(1.1618, dtype=torch.float64)
Q vals:  tensor(-0.0001, dtype=torch.float64, grad_fn=<MinBackward1>) tensor(3.0318e-05, dtype=torch.float64, grad_fn=<MaxBackward1>)
(belief) log_density is nan or inf.
f vals:  tensor(-394676.9027, dtype=torch.float64, grad_fn=<MinBackward1>) tensor(-0.0001, dtype=torch.float64, grad_fn=<MaxBackward1>)
g_y vals:  tensor(2.6590e-08, dtype=torch.float64) tensor(940.9332, dtype=torch.float64)
psi_y_vals vals:  tensor(0.0063, dtype=torch.float64, grad_fn=<MinBackward1>) tensor(49248.9519, dtype=torch.float64, grad_fn=<MaxBackward1>)
phi_y_vals vals:  tensor(3.8215e-22, dtype=torch.float64) tensor(4.7441, dtype=torch.float64)
Q vals:  tensor(-0.0002, dtype=torch.float64, grad_fn=<MinBackward1>) tensor(3.4587e-05, dtype=torch.float64, grad_fn=<MaxBackward1>)
(belief) log_density is nan or inf.
f vals:  tensor(-607405.7840, dtype=torch.float64, grad_fn=<MinBackward1>) tensor(-1.5729e-05, dtype=torch.float64, grad_fn=<MaxBackward1>)
g_y vals:  tensor(4.5889e-08, dtype=torch.float64) tensor(940.9332, dtype=torch.float64)
psi_y_vals vals:  tensor(0.0012, dtype=torch.float64, grad_fn=<MinBackward1>) tensor(58316.6032, dtype=torch.float64, grad_fn=<MaxBackward1>)
phi_y_vals vals:  tensor(1.4868e-21, dtype=torch.float64) tensor(4.7441, dtype=torch.float64)
Q vals:  tensor(-0.0002, dtype=torch.float64, grad_fn=<MinBackward1>) tensor(3.7961e-05, dtype=torch.float64, grad_fn=<MaxBackward1>)
(belief) log_density is nan or inf.
f vals:  tensor(-529420.5667, dtype=torch.float64, grad_fn=<MinBackward1>) tensor(-0.0002, dtype=torch.float64, grad_fn=<MaxBackward1>)
g_y vals:  tensor(2.6590e-08, dtype=torch.float64) tensor(26.6287, dtype=torch.float64)
psi_y_vals vals:  tensor(0.0063, dtype=torch.float64, grad_fn=<MinBackward1>) tensor(52495.2507, dtype=torch.float64, grad_fn=<MaxBackward1>)
phi_y_vals vals:  tensor(2.7006e-22, dtype=torch.float64) tensor(1.8966, dtype=torch.float64)
Q vals:  tensor(-0.0002, dtype=torch.float64, grad_fn=<MinBackward1>) tensor(4.0840e-05, dtype=torch.float64, grad_fn=<MaxBackward1>)
(belief) log_density is nan or inf.
f vals:  tensor(-592028.3465, dtype=torch.float64, grad_fn=<MinBackward1>) tensor(-0.0002, dtype=torch.float64, grad_fn=<MaxBackward1>)
g_y vals:  tensor(2.6590e-08, dtype=torch.float64) tensor(85.0738, dtype=torch.float64)
psi_y_vals vals:  tensor(0.0063, dtype=torch.float64, grad_fn=<MinBackward1>) tensor(53823.5779, dtype=torch.float64, grad_fn=<MaxBackward1>)
phi_y_vals vals:  tensor(3.8215e-22, dtype=torch.float64) tensor(1.8966, dtype=torch.float64)
Q vals:  tensor(-0.0002, dtype=torch.float64, grad_fn=<MinBackward1>) tensor(4.3385e-05, dtype=torch.float64, grad_fn=<MaxBackward1>)
(belief) log_density is nan or inf.
f vals:  tensor(-730919.9555, dtype=torch.float64, grad_fn=<MinBackward1>) tensor(-1.8914e-05, dtype=torch.float64, grad_fn=<MaxBackward1>)
g_y vals:  tensor(5.3436e-08, dtype=torch.float64) tensor(940.9332, dtype=torch.float64)
psi_y_vals vals:  tensor(0.0012, dtype=torch.float64, grad_fn=<MinBackward1>) tensor(58317.2638, dtype=torch.float64, grad_fn=<MaxBackward1>)
phi_y_vals vals:  tensor(2.7006e-22, dtype=torch.float64) tensor(4.7441, dtype=torch.float64)
Q vals:  tensor(-0.0002, dtype=torch.float64, grad_fn=<MinBackward1>) tensor(4.5680e-05, dtype=torch.float64, grad_fn=<MaxBackward1>)
(belief) log_density is nan or inf.
f vals:  tensor(-764435.9676, dtype=torch.float64, grad_fn=<MinBackward1>) tensor(-0.0003, dtype=torch.float64, grad_fn=<MaxBackward1>)
g_y vals:  tensor(4.5889e-08, dtype=torch.float64) tensor(85.0738, dtype=torch.float64)
psi_y_vals vals:  tensor(0.0109, dtype=torch.float64, grad_fn=<MinBackward1>) tensor(58317.4721, dtype=torch.float64, grad_fn=<MaxBackward1>)
phi_y_vals vals:  tensor(2.7006e-22, dtype=torch.float64) tensor(4.7441, dtype=torch.float64)
Q vals:  tensor(-0.0002, dtype=torch.float64, grad_fn=<MinBackward1>) tensor(4.7775e-05, dtype=torch.float64, grad_fn=<MaxBackward1>)
(belief) log_density is nan or inf.
f vals:  tensor(-545734.7351, dtype=torch.float64, grad_fn=<MinBackward1>) tensor(-2.0571e-05, dtype=torch.float64, grad_fn=<MaxBackward1>)
g_y vals:  tensor(2.6590e-08, dtype=torch.float64) tensor(940.9332, dtype=torch.float64)
psi_y_vals vals:  tensor(0.0012, dtype=torch.float64, grad_fn=<MinBackward1>) tensor(48309.9947, dtype=torch.float64, grad_fn=<MaxBackward1>)
phi_y_vals vals:  tensor(3.8215e-22, dtype=torch.float64) tensor(2.6648, dtype=torch.float64)
Q vals:  tensor(-0.0002, dtype=torch.float64, grad_fn=<MinBackward1>) tensor(4.9703e-05, dtype=torch.float64, grad_fn=<MaxBackward1>)
(belief) log_density is nan or inf.
f vals:  tensor(-823915.5231, dtype=torch.float64, grad_fn=<MinBackward1>) tensor(-2.1307e-05, dtype=torch.float64, grad_fn=<MaxBackward1>)
g_y vals:  tensor(4.7704e-08, dtype=torch.float64) tensor(26.6287, dtype=torch.float64)
psi_y_vals vals:  tensor(0.0012, dtype=torch.float64, grad_fn=<MinBackward1>) tensor(58317.8770, dtype=torch.float64, grad_fn=<MaxBackward1>)
phi_y_vals vals:  tensor(3.8215e-22, dtype=torch.float64) tensor(1.8966, dtype=torch.float64)
Q vals:  tensor(-0.0002, dtype=torch.float64, grad_fn=<MinBackward1>) tensor(5.1492e-05, dtype=torch.float64, grad_fn=<MaxBackward1>)
(belief) log_density is nan or inf.
f vals:  tensor(-725431.3703, dtype=torch.float64, grad_fn=<MinBackward1>) tensor(-0.0005, dtype=torch.float64, grad_fn=<MaxBackward1>)
g_y vals:  tensor(2.6590e-08, dtype=torch.float64) tensor(940.9332, dtype=torch.float64)
psi_y_vals vals:  tensor(0.0109, dtype=torch.float64, grad_fn=<MinBackward1>) tensor(53823.5402, dtype=torch.float64, grad_fn=<MaxBackward1>)
phi_y_vals vals:  tensor(2.7006e-22, dtype=torch.float64) tensor(4.7441, dtype=torch.float64)
Q vals:  tensor(-0.0002, dtype=torch.float64, grad_fn=<MinBackward1>) tensor(5.3163e-05, dtype=torch.float64, grad_fn=<MaxBackward1>)
(belief) log_density is nan or inf.
f vals:  tensor(-875834.3211, dtype=torch.float64, grad_fn=<MinBackward1>) tensor(-2.2642e-05, dtype=torch.float64, grad_fn=<MaxBackward1>)
g_y vals:  tensor(4.5889e-08, dtype=torch.float64) tensor(85.0738, dtype=torch.float64)
psi_y_vals vals:  tensor(0.0012, dtype=torch.float64, grad_fn=<MinBackward1>) tensor(58318.2708, dtype=torch.float64, grad_fn=<MaxBackward1>)
phi_y_vals vals:  tensor(2.7006e-22, dtype=torch.float64) tensor(4.7441, dtype=torch.float64)
Q vals:  tensor(-0.0003, dtype=torch.float64, grad_fn=<MinBackward1>) tensor(5.4736e-05, dtype=torch.float64, grad_fn=<MaxBackward1>)
(belief) log_density is nan or inf.
f vals:  tensor(-631736.7085, dtype=torch.float64, grad_fn=<MinBackward1>) tensor(-0.0002, dtype=torch.float64, grad_fn=<MaxBackward1>)
g_y vals:  tensor(2.6590e-08, dtype=torch.float64) tensor(940.9332, dtype=torch.float64)
psi_y_vals vals:  tensor(0.0063, dtype=torch.float64, grad_fn=<MinBackward1>) tensor(48869.2332, dtype=torch.float64, grad_fn=<MaxBackward1>)
phi_y_vals vals:  tensor(1.4868e-21, dtype=torch.float64) tensor(2.6648, dtype=torch.float64)
Q vals:  tensor(-0.0003, dtype=torch.float64, grad_fn=<MinBackward1>) tensor(5.6234e-05, dtype=torch.float64, grad_fn=<MaxBackward1>)
(belief) log_density is nan or inf.
f vals:  tensor(-658298.5758, dtype=torch.float64, grad_fn=<MinBackward1>) tensor(-0.0004, dtype=torch.float64, grad_fn=<MaxBackward1>)
g_y vals:  tensor(5.3436e-08, dtype=torch.float64) tensor(85.0738, dtype=torch.float64)
psi_y_vals vals:  tensor(0.0147, dtype=torch.float64, grad_fn=<MinBackward1>) tensor(49251.9190, dtype=torch.float64, grad_fn=<MaxBackward1>)
phi_y_vals vals:  tensor(2.7006e-22, dtype=torch.float64) tensor(4.7441, dtype=torch.float64)
Q vals:  tensor(-0.0003, dtype=torch.float64, grad_fn=<MinBackward1>) tensor(5.7685e-05, dtype=torch.float64, grad_fn=<MaxBackward1>)
(belief) log_density is nan or inf.
f vals:  tensor(-946962.2547, dtype=torch.float64, grad_fn=<MinBackward1>) tensor(-2.4468e-05, dtype=torch.float64, grad_fn=<MaxBackward1>)
g_y vals:  tensor(2.6590e-08, dtype=torch.float64) tensor(940.9332, dtype=torch.float64)
psi_y_vals vals:  tensor(0.0012, dtype=torch.float64, grad_fn=<MinBackward1>) tensor(58318.8502, dtype=torch.float64, grad_fn=<MaxBackward1>)
phi_y_vals vals:  tensor(1.4868e-21, dtype=torch.float64) tensor(2.6648, dtype=torch.float64)
Q vals:  tensor(-0.0003, dtype=torch.float64, grad_fn=<MinBackward1>) tensor(5.9180e-05, dtype=torch.float64, grad_fn=<MaxBackward1>)
Epoch 140: Avg: nan, NLL: nan, LDB: 0.0000, Reg: 1.1118, PSD: True, nPSD streak: 0/10, time: 0.512
(belief) log_density is nan or inf.
f vals:  tensor(-969494.3455, dtype=torch.float64, grad_fn=<MinBackward1>) tensor(-2.5046e-05, dtype=torch.float64, grad_fn=<MaxBackward1>)
g_y vals:  tensor(2.6590e-08, dtype=torch.float64) tensor(940.9332, dtype=torch.float64)
psi_y_vals vals:  tensor(0.0012, dtype=torch.float64, grad_fn=<MinBackward1>) tensor(58319.0394, dtype=torch.float64, grad_fn=<MaxBackward1>)
phi_y_vals vals:  tensor(2.7006e-22, dtype=torch.float64) tensor(2.6648, dtype=torch.float64)
Q vals:  tensor(-0.0003, dtype=torch.float64, grad_fn=<MinBackward1>) tensor(6.0588e-05, dtype=torch.float64, grad_fn=<MaxBackward1>)
(belief) log_density is nan or inf.
f vals:  tensor(-697306.8455, dtype=torch.float64, grad_fn=<MinBackward1>) tensor(-0.0003, dtype=torch.float64, grad_fn=<MaxBackward1>)
g_y vals:  tensor(5.1137e-08, dtype=torch.float64) tensor(14.2038, dtype=torch.float64)
psi_y_vals vals:  tensor(0.0063, dtype=torch.float64, grad_fn=<MinBackward1>) tensor(48870.4703, dtype=torch.float64, grad_fn=<MaxBackward1>)
phi_y_vals vals:  tensor(3.8215e-22, dtype=torch.float64) tensor(4.7441, dtype=torch.float64)
Q vals:  tensor(-0.0003, dtype=torch.float64, grad_fn=<MinBackward1>) tensor(6.2068e-05, dtype=torch.float64, grad_fn=<MaxBackward1>)
(belief) log_density is nan or inf.
f vals:  tensor(-1022956.2754, dtype=torch.float64, grad_fn=<MinBackward1>) tensor(-2.6418e-05, dtype=torch.float64, grad_fn=<MaxBackward1>)
g_y vals:  tensor(2.6590e-08, dtype=torch.float64) tensor(940.9332, dtype=torch.float64)
psi_y_vals vals:  tensor(0.0012, dtype=torch.float64, grad_fn=<MinBackward1>) tensor(58319.4148, dtype=torch.float64, grad_fn=<MaxBackward1>)
phi_y_vals vals:  tensor(2.7006e-22, dtype=torch.float64) tensor(2.6648, dtype=torch.float64)
Q vals:  tensor(-0.0003, dtype=torch.float64, grad_fn=<MinBackward1>) tensor(6.3929e-05, dtype=torch.float64, grad_fn=<MaxBackward1>)
(belief) log_density is nan or inf.
f vals:  tensor(-869244.5056, dtype=torch.float64, grad_fn=<MinBackward1>) tensor(-0.0003, dtype=torch.float64, grad_fn=<MaxBackward1>)
g_y vals:  tensor(4.7704e-08, dtype=torch.float64) tensor(85.0738, dtype=torch.float64)
psi_y_vals vals:  tensor(0.0063, dtype=torch.float64, grad_fn=<MinBackward1>) tensor(52499.3664, dtype=torch.float64, grad_fn=<MaxBackward1>)
phi_y_vals vals:  tensor(3.8215e-22, dtype=torch.float64) tensor(4.7441, dtype=torch.float64)
Q vals:  tensor(-0.0003, dtype=torch.float64, grad_fn=<MinBackward1>) tensor(6.7047e-05, dtype=torch.float64, grad_fn=<MaxBackward1>)
(belief) log_density is nan or inf.
f vals:  tensor(-1462750.2273, dtype=torch.float64, grad_fn=<MinBackward1>) tensor(-3.7764e-05, dtype=torch.float64, grad_fn=<MaxBackward1>)
g_y vals:  tensor(2.6590e-08, dtype=torch.float64) tensor(940.9332, dtype=torch.float64)
psi_y_vals vals:  tensor(0.0012, dtype=torch.float64, grad_fn=<MinBackward1>) tensor(58319.7844, dtype=torch.float64, grad_fn=<MaxBackward1>)
phi_y_vals vals:  tensor(3.8215e-22, dtype=torch.float64) tensor(2.6648, dtype=torch.float64)
Q vals:  tensor(-0.0004, dtype=torch.float64, grad_fn=<MinBackward1>) tensor(9.1413e-05, dtype=torch.float64, grad_fn=<MaxBackward1>)
(belief) log_density is nan or inf.
f vals:  tensor(-905082.5556, dtype=torch.float64, grad_fn=<MinBackward1>) tensor(-0.0005, dtype=torch.float64, grad_fn=<MaxBackward1>)
g_y vals:  tensor(4.5889e-08, dtype=torch.float64) tensor(85.0738, dtype=torch.float64)
psi_y_vals vals:  tensor(0.0139, dtype=torch.float64, grad_fn=<MinBackward1>) tensor(52499.9034, dtype=torch.float64, grad_fn=<MaxBackward1>)
phi_y_vals vals:  tensor(2.7006e-22, dtype=torch.float64) tensor(4.7441, dtype=torch.float64)
Q vals:  tensor(-0.0003, dtype=torch.float64, grad_fn=<MinBackward1>) tensor(6.9810e-05, dtype=torch.float64, grad_fn=<MaxBackward1>)
(belief) log_density is nan or inf.
f vals:  tensor(-1174397.2418, dtype=torch.float64, grad_fn=<MinBackward1>) tensor(-3.0308e-05, dtype=torch.float64, grad_fn=<MaxBackward1>)
g_y vals:  tensor(2.6590e-08, dtype=torch.float64) tensor(85.0738, dtype=torch.float64)
psi_y_vals vals:  tensor(0.0012, dtype=torch.float64, grad_fn=<MinBackward1>) tensor(58320.1624, dtype=torch.float64, grad_fn=<MaxBackward1>)
phi_y_vals vals:  tensor(1.4868e-21, dtype=torch.float64) tensor(1.2034, dtype=torch.float64)
Q vals:  tensor(-0.0003, dtype=torch.float64, grad_fn=<MinBackward1>) tensor(7.3392e-05, dtype=torch.float64, grad_fn=<MaxBackward1>)
(belief) log_density is nan or inf.
f vals:  tensor(-905444.2493, dtype=torch.float64, grad_fn=<MinBackward1>) tensor(-0.0005, dtype=torch.float64, grad_fn=<MaxBackward1>)
g_y vals:  tensor(4.7704e-08, dtype=torch.float64) tensor(940.9332, dtype=torch.float64)
psi_y_vals vals:  tensor(0.0139, dtype=torch.float64, grad_fn=<MinBackward1>) tensor(49254.1327, dtype=torch.float64, grad_fn=<MaxBackward1>)
phi_y_vals vals:  tensor(2.7006e-22, dtype=torch.float64) tensor(4.7441, dtype=torch.float64)
Q vals:  tensor(-0.0004, dtype=torch.float64, grad_fn=<MinBackward1>) tensor(7.9335e-05, dtype=torch.float64, grad_fn=<MaxBackward1>)
(belief) log_density is nan or inf.
f vals:  tensor(-1287308.6449, dtype=torch.float64, grad_fn=<MinBackward1>) tensor(-3.3210e-05, dtype=torch.float64, grad_fn=<MaxBackward1>)
g_y vals:  tensor(2.6590e-08, dtype=torch.float64) tensor(940.9332, dtype=torch.float64)
psi_y_vals vals:  tensor(0.0012, dtype=torch.float64, grad_fn=<MinBackward1>) tensor(58320.5365, dtype=torch.float64, grad_fn=<MaxBackward1>)
phi_y_vals vals:  tensor(2.7006e-22, dtype=torch.float64) tensor(2.6648, dtype=torch.float64)
Q vals:  tensor(-0.0004, dtype=torch.float64, grad_fn=<MinBackward1>) tensor(8.0447e-05, dtype=torch.float64, grad_fn=<MaxBackward1>)
(belief) log_density is nan or inf.
f vals:  tensor(-977135.5412, dtype=torch.float64, grad_fn=<MinBackward1>) tensor(-0.0004, dtype=torch.float64, grad_fn=<MaxBackward1>)
g_y vals:  tensor(5.1137e-08, dtype=torch.float64) tensor(26.6287, dtype=torch.float64)
psi_y_vals vals:  tensor(0.0063, dtype=torch.float64, grad_fn=<MinBackward1>) tensor(49254.6230, dtype=torch.float64, grad_fn=<MaxBackward1>)
phi_y_vals vals:  tensor(1.4868e-21, dtype=torch.float64) tensor(4.7441, dtype=torch.float64)
Q vals:  tensor(-0.0004, dtype=torch.float64, grad_fn=<MinBackward1>) tensor(8.5616e-05, dtype=torch.float64, grad_fn=<MaxBackward1>)
(belief) log_density is nan or inf.
f vals:  tensor(-1535830.7120, dtype=torch.float64, grad_fn=<MinBackward1>) tensor(-3.9606e-05, dtype=torch.float64, grad_fn=<MaxBackward1>)
g_y vals:  tensor(4.7704e-08, dtype=torch.float64) tensor(85.0738, dtype=torch.float64)
psi_y_vals vals:  tensor(0.0012, dtype=torch.float64, grad_fn=<MinBackward1>) tensor(58320.9159, dtype=torch.float64, grad_fn=<MaxBackward1>)
phi_y_vals vals:  tensor(3.8215e-22, dtype=torch.float64) tensor(1.2034, dtype=torch.float64)
Q vals:  tensor(-0.0005, dtype=torch.float64, grad_fn=<MinBackward1>) tensor(9.5977e-05, dtype=torch.float64, grad_fn=<MaxBackward1>)
(belief) log_density is nan or inf.
f vals:  tensor(-1101611.3346, dtype=torch.float64, grad_fn=<MinBackward1>) tensor(-0.0004, dtype=torch.float64, grad_fn=<MaxBackward1>)
g_y vals:  tensor(2.6590e-08, dtype=torch.float64) tensor(85.0738, dtype=torch.float64)
psi_y_vals vals:  tensor(0.0108, dtype=torch.float64, grad_fn=<MinBackward1>) tensor(58321.2902, dtype=torch.float64, grad_fn=<MaxBackward1>)
phi_y_vals vals:  tensor(1.4868e-21, dtype=torch.float64) tensor(4.7441, dtype=torch.float64)
Q vals:  tensor(-0.0003, dtype=torch.float64, grad_fn=<MinBackward1>) tensor(6.8841e-05, dtype=torch.float64, grad_fn=<MaxBackward1>)
(belief) log_density is nan or inf.
f vals:  tensor(-694661.2347, dtype=torch.float64, grad_fn=<MinBackward1>) tensor(-2.1001e-05, dtype=torch.float64, grad_fn=<MaxBackward1>)
g_y vals:  tensor(4.5889e-08, dtype=torch.float64) tensor(940.9332, dtype=torch.float64)
psi_y_vals vals:  tensor(0.0012, dtype=torch.float64, grad_fn=<MinBackward1>) tensor(53823.6264, dtype=torch.float64, grad_fn=<MaxBackward1>)
phi_y_vals vals:  tensor(2.7006e-22, dtype=torch.float64) tensor(2.6648, dtype=torch.float64)
Q vals:  tensor(-0.0002, dtype=torch.float64, grad_fn=<MinBackward1>) tensor(5.0909e-05, dtype=torch.float64, grad_fn=<MaxBackward1>)
(belief) log_density is nan or inf.
f vals:  tensor(-564264.1520, dtype=torch.float64, grad_fn=<MinBackward1>) tensor(-1.4545e-05, dtype=torch.float64, grad_fn=<MaxBackward1>)
g_y vals:  tensor(4.5889e-08, dtype=torch.float64) tensor(85.0738, dtype=torch.float64)
psi_y_vals vals:  tensor(0.0012, dtype=torch.float64, grad_fn=<MinBackward1>) tensor(58321.6605, dtype=torch.float64, grad_fn=<MaxBackward1>)
phi_y_vals vals:  tensor(2.7006e-22, dtype=torch.float64) tensor(4.7441, dtype=torch.float64)
Q vals:  tensor(-0.0002, dtype=torch.float64, grad_fn=<MinBackward1>) tensor(3.5261e-05, dtype=torch.float64, grad_fn=<MaxBackward1>)
(belief) log_density is nan or inf.
f vals:  tensor(-217074.4619, dtype=torch.float64, grad_fn=<MinBackward1>) tensor(-0.0001, dtype=torch.float64, grad_fn=<MaxBackward1>)
g_y vals:  tensor(2.6590e-08, dtype=torch.float64) tensor(940.9332, dtype=torch.float64)
psi_y_vals vals:  tensor(0.0108, dtype=torch.float64, grad_fn=<MinBackward1>) tensor(49256.0525, dtype=torch.float64, grad_fn=<MaxBackward1>)
phi_y_vals vals:  tensor(4.3226e-21, dtype=torch.float64) tensor(2.6648, dtype=torch.float64)
Q vals:  tensor(-8.9431e-05, dtype=torch.float64, grad_fn=<MinBackward1>) tensor(1.9019e-05, dtype=torch.float64, grad_fn=<MaxBackward1>)
(belief) log_density is nan or inf.
f vals:  tensor(-309750.3915, dtype=torch.float64, grad_fn=<MinBackward1>) tensor(-0.0001, dtype=torch.float64, grad_fn=<MaxBackward1>)
g_y vals:  tensor(2.6590e-08, dtype=torch.float64) tensor(940.9332, dtype=torch.float64)
psi_y_vals vals:  tensor(0.0192, dtype=torch.float64, grad_fn=<MinBackward1>) tensor(58322.0254, dtype=torch.float64, grad_fn=<MaxBackward1>)
phi_y_vals vals:  tensor(3.8215e-22, dtype=torch.float64) tensor(4.7441, dtype=torch.float64)
Q vals:  tensor(-9.1017e-05, dtype=torch.float64, grad_fn=<MinBackward1>) tensor(1.9356e-05, dtype=torch.float64, grad_fn=<MaxBackward1>)
(belief) log_density is nan or inf.
f vals:  tensor(-134630.2056, dtype=torch.float64, grad_fn=<MinBackward1>) tensor(-4.8645e-06, dtype=torch.float64, grad_fn=<MaxBackward1>)
g_y vals:  tensor(4.5889e-08, dtype=torch.float64) tensor(19.6968, dtype=torch.float64)
psi_y_vals vals:  tensor(0.0012, dtype=torch.float64, grad_fn=<MinBackward1>) tensor(49256.5243, dtype=torch.float64, grad_fn=<MaxBackward1>)
phi_y_vals vals:  tensor(2.7006e-22, dtype=torch.float64) tensor(1.8966, dtype=torch.float64)
Q vals:  tensor(-5.5464e-05, dtype=torch.float64, grad_fn=<MinBackward1>) tensor(1.1795e-05, dtype=torch.float64, grad_fn=<MaxBackward1>)
(belief) log_density is nan or inf.
f vals:  tensor(-45736.5665, dtype=torch.float64, grad_fn=<MinBackward1>) tensor(-1.6524e-06, dtype=torch.float64, grad_fn=<MaxBackward1>)
g_y vals:  tensor(4.7704e-08, dtype=torch.float64) tensor(940.9332, dtype=torch.float64)
psi_y_vals vals:  tensor(0.0012, dtype=torch.float64, grad_fn=<MinBackward1>) tensor(49256.7504, dtype=torch.float64, grad_fn=<MaxBackward1>)
phi_y_vals vals:  tensor(2.7006e-22, dtype=torch.float64) tensor(2.6648, dtype=torch.float64)
Q vals:  tensor(-1.8842e-05, dtype=torch.float64, grad_fn=<MinBackward1>) tensor(4.0071e-06, dtype=torch.float64, grad_fn=<MaxBackward1>)
(belief) log_density is nan or inf.
f vals:  tensor(-37629.5771, dtype=torch.float64, grad_fn=<MinBackward1>) tensor(-1.5591e-05, dtype=torch.float64, grad_fn=<MaxBackward1>)
g_y vals:  tensor(2.6590e-08, dtype=torch.float64) tensor(26.6287, dtype=torch.float64)
psi_y_vals vals:  tensor(0.0108, dtype=torch.float64, grad_fn=<MinBackward1>) tensor(58322.5456, dtype=torch.float64, grad_fn=<MaxBackward1>)
phi_y_vals vals:  tensor(3.8215e-22, dtype=torch.float64) tensor(4.7441, dtype=torch.float64)
Q vals:  tensor(-1.1057e-05, dtype=torch.float64, grad_fn=<MinBackward1>) tensor(2.3514e-06, dtype=torch.float64, grad_fn=<MaxBackward1>)
Epoch 150: Avg: nan, NLL: nan, LDB: 0.0000, Reg: 1.1117, PSD: True, nPSD streak: 0/10, time: 0.457
(belief) log_density is nan or inf.
f vals:  tensor(-140872.7413, dtype=torch.float64, grad_fn=<MinBackward1>) tensor(-3.7159e-05, dtype=torch.float64, grad_fn=<MaxBackward1>)
g_y vals:  tensor(2.6590e-08, dtype=torch.float64) tensor(940.9332, dtype=torch.float64)
psi_y_vals vals:  tensor(0.0063, dtype=torch.float64, grad_fn=<MinBackward1>) tensor(58322.7183, dtype=torch.float64, grad_fn=<MaxBackward1>)
phi_y_vals vals:  tensor(1.4868e-21, dtype=torch.float64) tensor(2.6648, dtype=torch.float64)
Q vals:  tensor(-4.1393e-05, dtype=torch.float64, grad_fn=<MinBackward1>) tensor(8.8029e-06, dtype=torch.float64, grad_fn=<MaxBackward1>)
(belief) log_density is nan or inf.
f vals:  tensor(-208315.1647, dtype=torch.float64, grad_fn=<MinBackward1>) tensor(-6.2948e-06, dtype=torch.float64, grad_fn=<MaxBackward1>)
g_y vals:  tensor(5.1431e-08, dtype=torch.float64) tensor(14.2038, dtype=torch.float64)
psi_y_vals vals:  tensor(0.0012, dtype=torch.float64, grad_fn=<MinBackward1>) tensor(53823.6967, dtype=torch.float64, grad_fn=<MaxBackward1>)
phi_y_vals vals:  tensor(2.7006e-22, dtype=torch.float64) tensor(4.7441, dtype=torch.float64)
Q vals:  tensor(-7.1787e-05, dtype=torch.float64, grad_fn=<MinBackward1>) tensor(1.5267e-05, dtype=torch.float64, grad_fn=<MaxBackward1>)
(belief) log_density is nan or inf.
f vals:  tensor(-366898.9807, dtype=torch.float64, grad_fn=<MinBackward1>) tensor(-9.4529e-06, dtype=torch.float64, grad_fn=<MaxBackward1>)
g_y vals:  tensor(4.5889e-08, dtype=torch.float64) tensor(26.6287, dtype=torch.float64)
psi_y_vals vals:  tensor(0.0012, dtype=torch.float64, grad_fn=<MinBackward1>) tensor(58323.0589, dtype=torch.float64, grad_fn=<MaxBackward1>)
phi_y_vals vals:  tensor(2.7006e-22, dtype=torch.float64) tensor(4.7441, dtype=torch.float64)
Q vals:  tensor(-0.0001, dtype=torch.float64, grad_fn=<MinBackward1>) tensor(2.2927e-05, dtype=torch.float64, grad_fn=<MaxBackward1>)
(belief) log_density is nan or inf.
f vals:  tensor(-248421.4337, dtype=torch.float64, grad_fn=<MinBackward1>) tensor(-7.5068e-06, dtype=torch.float64, grad_fn=<MaxBackward1>)
g_y vals:  tensor(4.5889e-08, dtype=torch.float64) tensor(26.6287, dtype=torch.float64)
psi_y_vals vals:  tensor(0.0012, dtype=torch.float64, grad_fn=<MinBackward1>) tensor(53823.7608, dtype=torch.float64, grad_fn=<MaxBackward1>)
phi_y_vals vals:  tensor(2.7006e-22, dtype=torch.float64) tensor(1.8966, dtype=torch.float64)
Q vals:  tensor(-8.5608e-05, dtype=torch.float64, grad_fn=<MinBackward1>) tensor(1.8206e-05, dtype=torch.float64, grad_fn=<MaxBackward1>)
(belief) log_density is nan or inf.
f vals:  tensor(-939481.5179, dtype=torch.float64, grad_fn=<MinBackward1>) tensor(-0.0004, dtype=torch.float64, grad_fn=<MaxBackward1>)
g_y vals:  tensor(2.6590e-08, dtype=torch.float64) tensor(940.9332, dtype=torch.float64)
psi_y_vals vals:  tensor(0.0194, dtype=torch.float64, grad_fn=<MinBackward1>) tensor(58323.4708, dtype=torch.float64, grad_fn=<MaxBackward1>)
phi_y_vals vals:  tensor(3.8215e-22, dtype=torch.float64) tensor(4.7441, dtype=torch.float64)
Q vals:  tensor(-0.0003, dtype=torch.float64, grad_fn=<MinBackward1>) tensor(5.8705e-05, dtype=torch.float64, grad_fn=<MaxBackward1>)
(belief) log_density is nan or inf.
f vals:  tensor(-1608132.1056, dtype=torch.float64, grad_fn=<MinBackward1>) tensor(-4.1438e-05, dtype=torch.float64, grad_fn=<MaxBackward1>)
g_y vals:  tensor(2.6590e-08, dtype=torch.float64) tensor(940.9332, dtype=torch.float64)
psi_y_vals vals:  tensor(0.0012, dtype=torch.float64, grad_fn=<MinBackward1>) tensor(58323.6024, dtype=torch.float64, grad_fn=<MaxBackward1>)
phi_y_vals vals:  tensor(2.7006e-22, dtype=torch.float64) tensor(2.6648, dtype=torch.float64)
Q vals:  tensor(-0.0005, dtype=torch.float64, grad_fn=<MinBackward1>) tensor(0.0001, dtype=torch.float64, grad_fn=<MaxBackward1>)
(belief) log_density is nan or inf.
f vals:  tensor(-1672414.0807, dtype=torch.float64, grad_fn=<MinBackward1>) tensor(-0.0005, dtype=torch.float64, grad_fn=<MaxBackward1>)
g_y vals:  tensor(5.1137e-08, dtype=torch.float64) tensor(85.0738, dtype=torch.float64)
psi_y_vals vals:  tensor(0.0063, dtype=torch.float64, grad_fn=<MinBackward1>) tensor(53823.8332, dtype=torch.float64, grad_fn=<MaxBackward1>)
phi_y_vals vals:  tensor(3.8215e-22, dtype=torch.float64) tensor(4.7441, dtype=torch.float64)
Q vals:  tensor(-0.0006, dtype=torch.float64, grad_fn=<MinBackward1>) tensor(0.0001, dtype=torch.float64, grad_fn=<MaxBackward1>)
(belief) log_density is nan or inf.
f vals:  tensor(-1739783.4173, dtype=torch.float64, grad_fn=<MinBackward1>) tensor(-4.4830e-05, dtype=torch.float64, grad_fn=<MaxBackward1>)
g_y vals:  tensor(5.1137e-08, dtype=torch.float64) tensor(85.0738, dtype=torch.float64)
psi_y_vals vals:  tensor(0.0012, dtype=torch.float64, grad_fn=<MinBackward1>) tensor(58323.8909, dtype=torch.float64, grad_fn=<MaxBackward1>)
phi_y_vals vals:  tensor(3.8215e-22, dtype=torch.float64) tensor(4.7441, dtype=torch.float64)
Q vals:  tensor(-0.0005, dtype=torch.float64, grad_fn=<MinBackward1>) tensor(0.0001, dtype=torch.float64, grad_fn=<MaxBackward1>)
(belief) log_density is nan or inf.
f vals:  tensor(-3291322.8026, dtype=torch.float64, grad_fn=<MinBackward1>) tensor(-0.0010, dtype=torch.float64, grad_fn=<MaxBackward1>)
g_y vals:  tensor(2.6590e-08, dtype=torch.float64) tensor(940.9332, dtype=torch.float64)
psi_y_vals vals:  tensor(0.0063, dtype=torch.float64, grad_fn=<MinBackward1>) tensor(53823.8803, dtype=torch.float64, grad_fn=<MaxBackward1>)
phi_y_vals vals:  tensor(2.7006e-22, dtype=torch.float64) tensor(2.6648, dtype=torch.float64)
Q vals:  tensor(-0.0011, dtype=torch.float64, grad_fn=<MinBackward1>) tensor(0.0002, dtype=torch.float64, grad_fn=<MaxBackward1>)
(belief) log_density is nan or inf.
f vals:  tensor(-1832730.0359, dtype=torch.float64, grad_fn=<MinBackward1>) tensor(-4.7218e-05, dtype=torch.float64, grad_fn=<MaxBackward1>)
g_y vals:  tensor(2.6590e-08, dtype=torch.float64) tensor(940.9332, dtype=torch.float64)
psi_y_vals vals:  tensor(0.0012, dtype=torch.float64, grad_fn=<MinBackward1>) tensor(58324.2108, dtype=torch.float64, grad_fn=<MaxBackward1>)
phi_y_vals vals:  tensor(2.7006e-22, dtype=torch.float64) tensor(4.7441, dtype=torch.float64)
Q vals:  tensor(-0.0005, dtype=torch.float64, grad_fn=<MinBackward1>) tensor(0.0001, dtype=torch.float64, grad_fn=<MaxBackward1>)
(belief) log_density is nan or inf.
f vals:  tensor(-2135831.8111, dtype=torch.float64, grad_fn=<MinBackward1>) tensor(-0.0012, dtype=torch.float64, grad_fn=<MaxBackward1>)
g_y vals:  tensor(4.7704e-08, dtype=torch.float64) tensor(85.0738, dtype=torch.float64)
psi_y_vals vals:  tensor(0.0147, dtype=torch.float64, grad_fn=<MinBackward1>) tensor(49259.3230, dtype=torch.float64, grad_fn=<MaxBackward1>)
phi_y_vals vals:  tensor(3.5108e-21, dtype=torch.float64) tensor(1.2034, dtype=torch.float64)
Q vals:  tensor(-0.0009, dtype=torch.float64, grad_fn=<MinBackward1>) tensor(0.0002, dtype=torch.float64, grad_fn=<MaxBackward1>)
(belief) log_density is nan or inf.
f vals:  tensor(-3021449.3221, dtype=torch.float64, grad_fn=<MinBackward1>) tensor(-0.0013, dtype=torch.float64, grad_fn=<MaxBackward1>)
g_y vals:  tensor(2.6590e-08, dtype=torch.float64) tensor(940.9332, dtype=torch.float64)
psi_y_vals vals:  tensor(0.0108, dtype=torch.float64, grad_fn=<MinBackward1>) tensor(52506.2872, dtype=torch.float64, grad_fn=<MaxBackward1>)
phi_y_vals vals:  tensor(2.7006e-22, dtype=torch.float64) tensor(2.6648, dtype=torch.float64)
Q vals:  tensor(-0.0011, dtype=torch.float64, grad_fn=<MinBackward1>) tensor(0.0002, dtype=torch.float64, grad_fn=<MaxBackward1>)
(belief) log_density is nan or inf.
f vals:  tensor(-1431844.0243, dtype=torch.float64, grad_fn=<MinBackward1>) tensor(-3.6872e-05, dtype=torch.float64, grad_fn=<MaxBackward1>)
g_y vals:  tensor(4.7704e-08, dtype=torch.float64) tensor(26.6287, dtype=torch.float64)
psi_y_vals vals:  tensor(0.0012, dtype=torch.float64, grad_fn=<MinBackward1>) tensor(58324.7586, dtype=torch.float64, grad_fn=<MaxBackward1>)
phi_y_vals vals:  tensor(1.4868e-21, dtype=torch.float64) tensor(4.7441, dtype=torch.float64)
Q vals:  tensor(-0.0004, dtype=torch.float64, grad_fn=<MinBackward1>) tensor(8.9466e-05, dtype=torch.float64, grad_fn=<MaxBackward1>)
(belief) log_density is nan or inf.
f vals:  tensor(-514420.3159, dtype=torch.float64, grad_fn=<MinBackward1>) tensor(-1.3244e-05, dtype=torch.float64, grad_fn=<MaxBackward1>)
g_y vals:  tensor(4.5889e-08, dtype=torch.float64) tensor(940.9332, dtype=torch.float64)
psi_y_vals vals:  tensor(0.0012, dtype=torch.float64, grad_fn=<MinBackward1>) tensor(58324.9527, dtype=torch.float64, grad_fn=<MaxBackward1>)
phi_y_vals vals:  tensor(2.7006e-22, dtype=torch.float64) tensor(4.7441, dtype=torch.float64)
Q vals:  tensor(-0.0002, dtype=torch.float64, grad_fn=<MinBackward1>) tensor(3.2142e-05, dtype=torch.float64, grad_fn=<MaxBackward1>)
(belief) log_density is nan or inf.
f vals:  tensor(-4262376.2452, dtype=torch.float64, grad_fn=<MinBackward1>) tensor(-0.0013, dtype=torch.float64, grad_fn=<MaxBackward1>)
g_y vals:  tensor(2.6590e-08, dtype=torch.float64) tensor(19.6968, dtype=torch.float64)
psi_y_vals vals:  tensor(0.0063, dtype=torch.float64, grad_fn=<MinBackward1>) tensor(53823.9508, dtype=torch.float64, grad_fn=<MaxBackward1>)
phi_y_vals vals:  tensor(4.3226e-21, dtype=torch.float64) tensor(1.1618, dtype=torch.float64)
Q vals:  tensor(-0.0015, dtype=torch.float64, grad_fn=<MinBackward1>) tensor(0.0003, dtype=torch.float64, grad_fn=<MaxBackward1>)
(belief) log_density is nan or inf.
f vals:  tensor(-1870023.0668, dtype=torch.float64, grad_fn=<MinBackward1>) tensor(-4.8115e-05, dtype=torch.float64, grad_fn=<MaxBackward1>)
g_y vals:  tensor(2.6590e-08, dtype=torch.float64) tensor(940.9332, dtype=torch.float64)
psi_y_vals vals:  tensor(0.0012, dtype=torch.float64, grad_fn=<MinBackward1>) tensor(58325.5360, dtype=torch.float64, grad_fn=<MaxBackward1>)
phi_y_vals vals:  tensor(3.8215e-22, dtype=torch.float64) tensor(4.7441, dtype=torch.float64)
Q vals:  tensor(-0.0005, dtype=torch.float64, grad_fn=<MinBackward1>) tensor(0.0001, dtype=torch.float64, grad_fn=<MaxBackward1>)
(belief) log_density is nan or inf.
f vals:  tensor(-127893.0911, dtype=torch.float64, grad_fn=<MinBackward1>) tensor(-4.0603e-06, dtype=torch.float64, grad_fn=<MaxBackward1>)
g_y vals:  tensor(4.5889e-08, dtype=torch.float64) tensor(940.9332, dtype=torch.float64)
psi_y_vals vals:  tensor(0.0012, dtype=torch.float64, grad_fn=<MinBackward1>) tensor(52507.9529, dtype=torch.float64, grad_fn=<MaxBackward1>)
phi_y_vals vals:  tensor(3.8215e-22, dtype=torch.float64) tensor(4.7441, dtype=torch.float64)
Q vals:  tensor(-4.6371e-05, dtype=torch.float64, grad_fn=<MinBackward1>) tensor(9.8615e-06, dtype=torch.float64, grad_fn=<MaxBackward1>)
(belief) log_density is nan or inf.
f vals:  tensor(-1451619.4132, dtype=torch.float64, grad_fn=<MinBackward1>) tensor(-0.0004, dtype=torch.float64, grad_fn=<MaxBackward1>)
g_y vals:  tensor(2.6590e-08, dtype=torch.float64) tensor(19.6968, dtype=torch.float64)
psi_y_vals vals:  tensor(0.0063, dtype=torch.float64, grad_fn=<MinBackward1>) tensor(58325.9103, dtype=torch.float64, grad_fn=<MaxBackward1>)
phi_y_vals vals:  tensor(2.7006e-22, dtype=torch.float64) tensor(1.8966, dtype=torch.float64)
Q vals:  tensor(-0.0004, dtype=torch.float64, grad_fn=<MinBackward1>) tensor(9.0699e-05, dtype=torch.float64, grad_fn=<MaxBackward1>)
Epoch 160: Avg: nan, NLL: nan, LDB: 0.0000, Reg: 1.1117, PSD: True, nPSD streak: 0/10, time: 0.503
(belief) log_density is nan or inf.
f vals:  tensor(-1704465.4764, dtype=torch.float64, grad_fn=<MinBackward1>) tensor(-6.1450e-05, dtype=torch.float64, grad_fn=<MaxBackward1>)
g_y vals:  tensor(2.6590e-08, dtype=torch.float64) tensor(26.6287, dtype=torch.float64)
psi_y_vals vals:  tensor(0.0012, dtype=torch.float64, grad_fn=<MinBackward1>) tensor(49261.5385, dtype=torch.float64, grad_fn=<MaxBackward1>)
phi_y_vals vals:  tensor(2.7006e-22, dtype=torch.float64) tensor(1.1618, dtype=torch.float64)
Q vals:  tensor(-0.0007, dtype=torch.float64, grad_fn=<MinBackward1>) tensor(0.0001, dtype=torch.float64, grad_fn=<MaxBackward1>)
(belief) log_density is nan or inf.
f vals:  tensor(-489630.9341, dtype=torch.float64, grad_fn=<MinBackward1>) tensor(-0.0001, dtype=torch.float64, grad_fn=<MaxBackward1>)
g_y vals:  tensor(5.1431e-08, dtype=torch.float64) tensor(940.9332, dtype=torch.float64)
psi_y_vals vals:  tensor(0.0063, dtype=torch.float64, grad_fn=<MinBackward1>) tensor(58326.2900, dtype=torch.float64, grad_fn=<MaxBackward1>)
phi_y_vals vals:  tensor(3.8215e-22, dtype=torch.float64) tensor(4.7441, dtype=torch.float64)
Q vals:  tensor(-0.0001, dtype=torch.float64, grad_fn=<MinBackward1>) tensor(3.0592e-05, dtype=torch.float64, grad_fn=<MaxBackward1>)
(belief) log_density is nan or inf.
f vals:  tensor(-2830025.0650, dtype=torch.float64, grad_fn=<MinBackward1>) tensor(-0.0058, dtype=torch.float64, grad_fn=<MaxBackward1>)
g_y vals:  tensor(2.6590e-08, dtype=torch.float64) tensor(940.9332, dtype=torch.float64)
psi_y_vals vals:  tensor(0.0108, dtype=torch.float64, grad_fn=<MinBackward1>) tensor(58326.4830, dtype=torch.float64, grad_fn=<MaxBackward1>)
phi_y_vals vals:  tensor(2.7006e-22, dtype=torch.float64) tensor(2.6648, dtype=torch.float64)
Q vals:  tensor(-0.0008, dtype=torch.float64, grad_fn=<MinBackward1>) tensor(0.0002, dtype=torch.float64, grad_fn=<MaxBackward1>)
(belief) log_density is nan or inf.
f vals:  tensor(-3069408.6752, dtype=torch.float64, grad_fn=<MinBackward1>) tensor(-9.2527e-05, dtype=torch.float64, grad_fn=<MaxBackward1>)
g_y vals:  tensor(4.7704e-08, dtype=torch.float64) tensor(19.6968, dtype=torch.float64)
psi_y_vals vals:  tensor(0.0012, dtype=torch.float64, grad_fn=<MinBackward1>) tensor(53823.9953, dtype=torch.float64, grad_fn=<MaxBackward1>)
phi_y_vals vals:  tensor(4.3226e-21, dtype=torch.float64) tensor(4.7441, dtype=torch.float64)
Q vals:  tensor(-0.0011, dtype=torch.float64, grad_fn=<MinBackward1>) tensor(0.0002, dtype=torch.float64, grad_fn=<MaxBackward1>)
(belief) log_density is nan or inf.
f vals:  tensor(-3854538.5613, dtype=torch.float64, grad_fn=<MinBackward1>) tensor(-0.0010, dtype=torch.float64, grad_fn=<MaxBackward1>)
g_y vals:  tensor(2.6590e-08, dtype=torch.float64) tensor(940.9332, dtype=torch.float64)
psi_y_vals vals:  tensor(0.0063, dtype=torch.float64, grad_fn=<MinBackward1>) tensor(58326.8915, dtype=torch.float64, grad_fn=<MaxBackward1>)
phi_y_vals vals:  tensor(3.8215e-22, dtype=torch.float64) tensor(2.6648, dtype=torch.float64)
Q vals:  tensor(-0.0011, dtype=torch.float64, grad_fn=<MinBackward1>) tensor(0.0002, dtype=torch.float64, grad_fn=<MaxBackward1>)
(belief) log_density is nan or inf.
f vals:  tensor(-2620812.6357, dtype=torch.float64, grad_fn=<MinBackward1>) tensor(-9.4374e-05, dtype=torch.float64, grad_fn=<MaxBackward1>)
g_y vals:  tensor(5.1137e-08, dtype=torch.float64) tensor(19.6968, dtype=torch.float64)
psi_y_vals vals:  tensor(0.0012, dtype=torch.float64, grad_fn=<MinBackward1>) tensor(49262.8456, dtype=torch.float64, grad_fn=<MaxBackward1>)
phi_y_vals vals:  tensor(2.7006e-22, dtype=torch.float64) tensor(4.7441, dtype=torch.float64)
Q vals:  tensor(-0.0011, dtype=torch.float64, grad_fn=<MinBackward1>) tensor(0.0002, dtype=torch.float64, grad_fn=<MaxBackward1>)
(belief) log_density is nan or inf.
f vals:  tensor(-2786997.2339, dtype=torch.float64, grad_fn=<MinBackward1>) tensor(-0.0009, dtype=torch.float64, grad_fn=<MaxBackward1>)
g_y vals:  tensor(4.5889e-08, dtype=torch.float64) tensor(940.9332, dtype=torch.float64)
psi_y_vals vals:  tensor(0.0063, dtype=torch.float64, grad_fn=<MinBackward1>) tensor(53823.9892, dtype=torch.float64, grad_fn=<MaxBackward1>)
phi_y_vals vals:  tensor(2.7006e-22, dtype=torch.float64) tensor(4.7441, dtype=torch.float64)
Q vals:  tensor(-0.0010, dtype=torch.float64, grad_fn=<MinBackward1>) tensor(0.0002, dtype=torch.float64, grad_fn=<MaxBackward1>)
(belief) log_density is nan or inf.
f vals:  tensor(-2705347.8371, dtype=torch.float64, grad_fn=<MinBackward1>) tensor(-6.9442e-05, dtype=torch.float64, grad_fn=<MaxBackward1>)
g_y vals:  tensor(2.6590e-08, dtype=torch.float64) tensor(85.0738, dtype=torch.float64)
psi_y_vals vals:  tensor(0.0012, dtype=torch.float64, grad_fn=<MinBackward1>) tensor(58327.5637, dtype=torch.float64, grad_fn=<MaxBackward1>)
phi_y_vals vals:  tensor(3.8215e-22, dtype=torch.float64) tensor(1.8966, dtype=torch.float64)
Q vals:  tensor(-0.0008, dtype=torch.float64, grad_fn=<MinBackward1>) tensor(0.0002, dtype=torch.float64, grad_fn=<MaxBackward1>)
(belief) log_density is nan or inf.
f vals:  tensor(-230666.5042, dtype=torch.float64, grad_fn=<MinBackward1>) tensor(-8.2974e-06, dtype=torch.float64, grad_fn=<MaxBackward1>)
g_y vals:  tensor(4.5889e-08, dtype=torch.float64) tensor(26.6287, dtype=torch.float64)
psi_y_vals vals:  tensor(0.0012, dtype=torch.float64, grad_fn=<MinBackward1>) tensor(49263.7445, dtype=torch.float64, grad_fn=<MaxBackward1>)
phi_y_vals vals:  tensor(3.8215e-22, dtype=torch.float64) tensor(1.8966, dtype=torch.float64)
Q vals:  tensor(-9.5001e-05, dtype=torch.float64, grad_fn=<MinBackward1>) tensor(2.0204e-05, dtype=torch.float64, grad_fn=<MaxBackward1>)
(belief) log_density is nan or inf.
f vals:  tensor(-1576040.9685, dtype=torch.float64, grad_fn=<MinBackward1>) tensor(-0.0058, dtype=torch.float64, grad_fn=<MaxBackward1>)
g_y vals:  tensor(2.6590e-08, dtype=torch.float64) tensor(940.9332, dtype=torch.float64)
psi_y_vals vals:  tensor(0.0108, dtype=torch.float64, grad_fn=<MinBackward1>) tensor(58328.0269, dtype=torch.float64, grad_fn=<MaxBackward1>)
phi_y_vals vals:  tensor(2.7006e-22, dtype=torch.float64) tensor(4.7441, dtype=torch.float64)
Q vals:  tensor(-0.0005, dtype=torch.float64, grad_fn=<MinBackward1>) tensor(9.8469e-05, dtype=torch.float64, grad_fn=<MaxBackward1>)
(belief) log_density is nan or inf.
f vals:  tensor(-1923261.1926, dtype=torch.float64, grad_fn=<MinBackward1>) tensor(-4.9319e-05, dtype=torch.float64, grad_fn=<MaxBackward1>)
g_y vals:  tensor(2.6590e-08, dtype=torch.float64) tensor(14.2038, dtype=torch.float64)
psi_y_vals vals:  tensor(0.0012, dtype=torch.float64, grad_fn=<MinBackward1>) tensor(58328.2534, dtype=torch.float64, grad_fn=<MaxBackward1>)
phi_y_vals vals:  tensor(2.7006e-22, dtype=torch.float64) tensor(4.7441, dtype=torch.float64)
Q vals:  tensor(-0.0006, dtype=torch.float64, grad_fn=<MinBackward1>) tensor(0.0001, dtype=torch.float64, grad_fn=<MaxBackward1>)
(belief) log_density is nan or inf.
f vals:  tensor(-2390043.8647, dtype=torch.float64, grad_fn=<MinBackward1>) tensor(-0.0007, dtype=torch.float64, grad_fn=<MaxBackward1>)
g_y vals:  tensor(4.7704e-08, dtype=torch.float64) tensor(940.9332, dtype=torch.float64)
psi_y_vals vals:  tensor(0.0063, dtype=torch.float64, grad_fn=<MinBackward1>) tensor(53823.9560, dtype=torch.float64, grad_fn=<MaxBackward1>)
phi_y_vals vals:  tensor(3.8215e-22, dtype=torch.float64) tensor(2.6648, dtype=torch.float64)
Q vals:  tensor(-0.0008, dtype=torch.float64, grad_fn=<MinBackward1>) tensor(0.0002, dtype=torch.float64, grad_fn=<MaxBackward1>)
(belief) log_density is nan or inf.
f vals:  tensor(-3745348.1670, dtype=torch.float64, grad_fn=<MinBackward1>) tensor(-9.5982e-05, dtype=torch.float64, grad_fn=<MaxBackward1>)
g_y vals:  tensor(2.6590e-08, dtype=torch.float64) tensor(19.6968, dtype=torch.float64)
psi_y_vals vals:  tensor(0.0012, dtype=torch.float64, grad_fn=<MinBackward1>) tensor(58328.7079, dtype=torch.float64, grad_fn=<MaxBackward1>)
phi_y_vals vals:  tensor(2.7006e-22, dtype=torch.float64) tensor(4.7441, dtype=torch.float64)
Q vals:  tensor(-0.0011, dtype=torch.float64, grad_fn=<MinBackward1>) tensor(0.0002, dtype=torch.float64, grad_fn=<MaxBackward1>)
(belief) log_density is nan or inf.
f vals:  tensor(-2597886.3358, dtype=torch.float64, grad_fn=<MinBackward1>) tensor(-0.0011, dtype=torch.float64, grad_fn=<MaxBackward1>)
g_y vals:  tensor(4.5889e-08, dtype=torch.float64) tensor(940.9332, dtype=torch.float64)
psi_y_vals vals:  tensor(0.0108, dtype=torch.float64, grad_fn=<MinBackward1>) tensor(52512.7291, dtype=torch.float64, grad_fn=<MaxBackward1>)
phi_y_vals vals:  tensor(3.8215e-22, dtype=torch.float64) tensor(2.6648, dtype=torch.float64)
Q vals:  tensor(-0.0009, dtype=torch.float64, grad_fn=<MinBackward1>) tensor(0.0002, dtype=torch.float64, grad_fn=<MaxBackward1>)
(belief) log_density is nan or inf.
f vals:  tensor(-2052997.7132, dtype=torch.float64, grad_fn=<MinBackward1>) tensor(-5.2574e-05, dtype=torch.float64, grad_fn=<MaxBackward1>)
g_y vals:  tensor(4.7704e-08, dtype=torch.float64) tensor(85.0738, dtype=torch.float64)
psi_y_vals vals:  tensor(0.0012, dtype=torch.float64, grad_fn=<MinBackward1>) tensor(58329.1835, dtype=torch.float64, grad_fn=<MaxBackward1>)
phi_y_vals vals:  tensor(3.5108e-21, dtype=torch.float64) tensor(4.7441, dtype=torch.float64)
Q vals:  tensor(-0.0006, dtype=torch.float64, grad_fn=<MinBackward1>) tensor(0.0001, dtype=torch.float64, grad_fn=<MaxBackward1>)
(belief) log_density is nan or inf.
f vals:  tensor(-1479059.4304, dtype=torch.float64, grad_fn=<MinBackward1>) tensor(-0.0010, dtype=torch.float64, grad_fn=<MaxBackward1>)
g_y vals:  tensor(2.6590e-08, dtype=torch.float64) tensor(940.9332, dtype=torch.float64)
psi_y_vals vals:  tensor(0.0108, dtype=torch.float64, grad_fn=<MinBackward1>) tensor(53823.9247, dtype=torch.float64, grad_fn=<MaxBackward1>)
phi_y_vals vals:  tensor(2.7006e-22, dtype=torch.float64) tensor(2.6648, dtype=torch.float64)
Q vals:  tensor(-0.0005, dtype=torch.float64, grad_fn=<MinBackward1>) tensor(0.0001, dtype=torch.float64, grad_fn=<MaxBackward1>)
(belief) log_density is nan or inf.
f vals:  tensor(-1547423.8668, dtype=torch.float64, grad_fn=<MinBackward1>) tensor(-3.9599e-05, dtype=torch.float64, grad_fn=<MaxBackward1>)
g_y vals:  tensor(2.6590e-08, dtype=torch.float64) tensor(19.6968, dtype=torch.float64)
psi_y_vals vals:  tensor(0.0012, dtype=torch.float64, grad_fn=<MinBackward1>) tensor(58329.6713, dtype=torch.float64, grad_fn=<MaxBackward1>)
phi_y_vals vals:  tensor(2.7006e-22, dtype=torch.float64) tensor(1.8966, dtype=torch.float64)
Q vals:  tensor(-0.0005, dtype=torch.float64, grad_fn=<MinBackward1>) tensor(9.6678e-05, dtype=torch.float64, grad_fn=<MaxBackward1>)
(belief) log_density is nan or inf.
f vals:  tensor(-1196545.2449, dtype=torch.float64, grad_fn=<MinBackward1>) tensor(-0.0007, dtype=torch.float64, grad_fn=<MaxBackward1>)
g_y vals:  tensor(4.7704e-08, dtype=torch.float64) tensor(940.9332, dtype=torch.float64)
psi_y_vals vals:  tensor(0.0139, dtype=torch.float64, grad_fn=<MinBackward1>) tensor(53823.9131, dtype=torch.float64, grad_fn=<MaxBackward1>)
phi_y_vals vals:  tensor(1.4868e-21, dtype=torch.float64) tensor(4.7441, dtype=torch.float64)
Q vals:  tensor(-0.0004, dtype=torch.float64, grad_fn=<MinBackward1>) tensor(8.7695e-05, dtype=torch.float64, grad_fn=<MaxBackward1>)
(belief) log_density is nan or inf.
f vals:  tensor(-1043472.1786, dtype=torch.float64, grad_fn=<MinBackward1>) tensor(-0.0003, dtype=torch.float64, grad_fn=<MaxBackward1>)
g_y vals:  tensor(4.5889e-08, dtype=torch.float64) tensor(85.0738, dtype=torch.float64)
psi_y_vals vals:  tensor(0.0063, dtype=torch.float64, grad_fn=<MinBackward1>) tensor(52514.5464, dtype=torch.float64, grad_fn=<MaxBackward1>)
phi_y_vals vals:  tensor(2.7006e-22, dtype=torch.float64) tensor(1.8966, dtype=torch.float64)
Q vals:  tensor(-0.0004, dtype=torch.float64, grad_fn=<MinBackward1>) tensor(8.0445e-05, dtype=torch.float64, grad_fn=<MaxBackward1>)
(belief) log_density is nan or inf.
f vals:  tensor(-1195129.8815, dtype=torch.float64, grad_fn=<MinBackward1>) tensor(-3.0553e-05, dtype=torch.float64, grad_fn=<MaxBackward1>)
g_y vals:  tensor(2.6590e-08, dtype=torch.float64) tensor(940.9332, dtype=torch.float64)
psi_y_vals vals:  tensor(0.0012, dtype=torch.float64, grad_fn=<MinBackward1>) tensor(58330.3819, dtype=torch.float64, grad_fn=<MaxBackward1>)
phi_y_vals vals:  tensor(1.4868e-21, dtype=torch.float64) tensor(4.7441, dtype=torch.float64)
Q vals:  tensor(-0.0004, dtype=torch.float64, grad_fn=<MinBackward1>) tensor(7.4667e-05, dtype=torch.float64, grad_fn=<MaxBackward1>)
Epoch 170: Avg: nan, NLL: nan, LDB: 0.0000, Reg: 1.1117, PSD: True, nPSD streak: 0/10, time: 0.517
(belief) log_density is nan or inf.
f vals:  tensor(-1123466.2606, dtype=torch.float64, grad_fn=<MinBackward1>) tensor(-0.0003, dtype=torch.float64, grad_fn=<MaxBackward1>)
g_y vals:  tensor(2.6590e-08, dtype=torch.float64) tensor(940.9332, dtype=torch.float64)
psi_y_vals vals:  tensor(0.0063, dtype=torch.float64, grad_fn=<MinBackward1>) tensor(58330.6131, dtype=torch.float64, grad_fn=<MaxBackward1>)
phi_y_vals vals:  tensor(2.7006e-22, dtype=torch.float64) tensor(2.6648, dtype=torch.float64)
Q vals:  tensor(-0.0003, dtype=torch.float64, grad_fn=<MinBackward1>) tensor(7.0190e-05, dtype=torch.float64, grad_fn=<MaxBackward1>)
(belief) log_density is nan or inf.
f vals:  tensor(-920002.7737, dtype=torch.float64, grad_fn=<MinBackward1>) tensor(-2.7574e-05, dtype=torch.float64, grad_fn=<MaxBackward1>)
g_y vals:  tensor(4.7704e-08, dtype=torch.float64) tensor(14.2038, dtype=torch.float64)
psi_y_vals vals:  tensor(0.0012, dtype=torch.float64, grad_fn=<MinBackward1>) tensor(53823.8967, dtype=torch.float64, grad_fn=<MaxBackward1>)
phi_y_vals vals:  tensor(3.8215e-22, dtype=torch.float64) tensor(4.7441, dtype=torch.float64)
Q vals:  tensor(-0.0003, dtype=torch.float64, grad_fn=<MinBackward1>) tensor(6.7428e-05, dtype=torch.float64, grad_fn=<MaxBackward1>)
(belief) log_density is nan or inf.
f vals:  tensor(-898542.2780, dtype=torch.float64, grad_fn=<MinBackward1>) tensor(-2.6923e-05, dtype=torch.float64, grad_fn=<MaxBackward1>)
g_y vals:  tensor(4.5889e-08, dtype=torch.float64) tensor(85.0738, dtype=torch.float64)
psi_y_vals vals:  tensor(0.0012, dtype=torch.float64, grad_fn=<MinBackward1>) tensor(53823.8949, dtype=torch.float64, grad_fn=<MaxBackward1>)
phi_y_vals vals:  tensor(2.7006e-22, dtype=torch.float64) tensor(4.7441, dtype=torch.float64)
Q vals:  tensor(-0.0003, dtype=torch.float64, grad_fn=<MinBackward1>) tensor(6.5855e-05, dtype=torch.float64, grad_fn=<MaxBackward1>)
(belief) log_density is nan or inf.
f vals:  tensor(-1043048.1351, dtype=torch.float64, grad_fn=<MinBackward1>) tensor(-0.0003, dtype=torch.float64, grad_fn=<MaxBackward1>)
g_y vals:  tensor(2.6590e-08, dtype=torch.float64) tensor(940.9332, dtype=torch.float64)
psi_y_vals vals:  tensor(0.0063, dtype=torch.float64, grad_fn=<MinBackward1>) tensor(58331.2906, dtype=torch.float64, grad_fn=<MaxBackward1>)
phi_y_vals vals:  tensor(1.4868e-21, dtype=torch.float64) tensor(2.6648, dtype=torch.float64)
Q vals:  tensor(-0.0003, dtype=torch.float64, grad_fn=<MinBackward1>) tensor(6.5164e-05, dtype=torch.float64, grad_fn=<MaxBackward1>)
(belief) log_density is nan or inf.
f vals:  tensor(-895905.6550, dtype=torch.float64, grad_fn=<MinBackward1>) tensor(-2.6830e-05, dtype=torch.float64, grad_fn=<MaxBackward1>)
g_y vals:  tensor(4.7704e-08, dtype=torch.float64) tensor(26.6287, dtype=torch.float64)
psi_y_vals vals:  tensor(0.0012, dtype=torch.float64, grad_fn=<MinBackward1>) tensor(53823.8969, dtype=torch.float64, grad_fn=<MaxBackward1>)
phi_y_vals vals:  tensor(2.7006e-22, dtype=torch.float64) tensor(1.8966, dtype=torch.float64)
Q vals:  tensor(-0.0003, dtype=torch.float64, grad_fn=<MinBackward1>) tensor(6.5663e-05, dtype=torch.float64, grad_fn=<MaxBackward1>)
(belief) log_density is nan or inf.
f vals:  tensor(-1073656.3425, dtype=torch.float64, grad_fn=<MinBackward1>) tensor(-0.0004, dtype=torch.float64, grad_fn=<MaxBackward1>)
g_y vals:  tensor(2.6590e-08, dtype=torch.float64) tensor(940.9332, dtype=torch.float64)
psi_y_vals vals:  tensor(0.0191, dtype=torch.float64, grad_fn=<MinBackward1>) tensor(58331.7331, dtype=torch.float64, grad_fn=<MaxBackward1>)
phi_y_vals vals:  tensor(3.8215e-22, dtype=torch.float64) tensor(4.7441, dtype=torch.float64)
Q vals:  tensor(-0.0003, dtype=torch.float64, grad_fn=<MinBackward1>) tensor(6.7076e-05, dtype=torch.float64, grad_fn=<MaxBackward1>)
(belief) log_density is nan or inf.
f vals:  tensor(-943827.1290, dtype=torch.float64, grad_fn=<MinBackward1>) tensor(-2.8252e-05, dtype=torch.float64, grad_fn=<MaxBackward1>)
g_y vals:  tensor(5.3436e-08, dtype=torch.float64) tensor(85.0738, dtype=torch.float64)
psi_y_vals vals:  tensor(0.0012, dtype=torch.float64, grad_fn=<MinBackward1>) tensor(53823.8987, dtype=torch.float64, grad_fn=<MaxBackward1>)
phi_y_vals vals:  tensor(2.7006e-22, dtype=torch.float64) tensor(4.7441, dtype=torch.float64)
Q vals:  tensor(-0.0003, dtype=torch.float64, grad_fn=<MinBackward1>) tensor(6.9175e-05, dtype=torch.float64, grad_fn=<MaxBackward1>)
(belief) log_density is nan or inf.
f vals:  tensor(-1152353.2091, dtype=torch.float64, grad_fn=<MinBackward1>) tensor(-0.0029, dtype=torch.float64, grad_fn=<MaxBackward1>)
g_y vals:  tensor(2.6590e-08, dtype=torch.float64) tensor(940.9332, dtype=torch.float64)
psi_y_vals vals:  tensor(0.0107, dtype=torch.float64, grad_fn=<MinBackward1>) tensor(58332.1706, dtype=torch.float64, grad_fn=<MaxBackward1>)
phi_y_vals vals:  tensor(3.8215e-22, dtype=torch.float64) tensor(2.6648, dtype=torch.float64)
Q vals:  tensor(-0.0003, dtype=torch.float64, grad_fn=<MinBackward1>) tensor(7.1992e-05, dtype=torch.float64, grad_fn=<MaxBackward1>)
(belief) log_density is nan or inf.
f vals:  tensor(-1203554.9397, dtype=torch.float64, grad_fn=<MinBackward1>) tensor(-0.0005, dtype=torch.float64, grad_fn=<MaxBackward1>)
g_y vals:  tensor(2.6590e-08, dtype=torch.float64) tensor(85.0738, dtype=torch.float64)
psi_y_vals vals:  tensor(0.0147, dtype=torch.float64, grad_fn=<MinBackward1>) tensor(58332.3876, dtype=torch.float64, grad_fn=<MaxBackward1>)
phi_y_vals vals:  tensor(3.5108e-21, dtype=torch.float64) tensor(1.8966, dtype=torch.float64)
Q vals:  tensor(-0.0004, dtype=torch.float64, grad_fn=<MinBackward1>) tensor(7.5190e-05, dtype=torch.float64, grad_fn=<MaxBackward1>)
(belief) log_density is nan or inf.
f vals:  tensor(-1074868.4129, dtype=torch.float64, grad_fn=<MinBackward1>) tensor(-3.2152e-05, dtype=torch.float64, grad_fn=<MaxBackward1>)
g_y vals:  tensor(4.5889e-08, dtype=torch.float64) tensor(940.9332, dtype=torch.float64)
psi_y_vals vals:  tensor(0.0012, dtype=torch.float64, grad_fn=<MinBackward1>) tensor(53823.9110, dtype=torch.float64, grad_fn=<MaxBackward1>)
phi_y_vals vals:  tensor(2.7006e-22, dtype=torch.float64) tensor(4.7441, dtype=torch.float64)
Q vals:  tensor(-0.0004, dtype=torch.float64, grad_fn=<MinBackward1>) tensor(7.8780e-05, dtype=torch.float64, grad_fn=<MaxBackward1>)
(belief) log_density is nan or inf.
f vals:  tensor(-1075262.5320, dtype=torch.float64, grad_fn=<MinBackward1>) tensor(-3.3820e-05, dtype=torch.float64, grad_fn=<MaxBackward1>)
g_y vals:  tensor(2.6590e-08, dtype=torch.float64) tensor(940.9332, dtype=torch.float64)
psi_y_vals vals:  tensor(0.0012, dtype=torch.float64, grad_fn=<MinBackward1>) tensor(52518.5062, dtype=torch.float64, grad_fn=<MaxBackward1>)
phi_y_vals vals:  tensor(2.7006e-22, dtype=torch.float64) tensor(2.6648, dtype=torch.float64)
Q vals:  tensor(-0.0004, dtype=torch.float64, grad_fn=<MinBackward1>) tensor(8.2886e-05, dtype=torch.float64, grad_fn=<MaxBackward1>)
(belief) log_density is nan or inf.
f vals:  tensor(-1758599.1784, dtype=torch.float64, grad_fn=<MinBackward1>) tensor(-0.0007, dtype=torch.float64, grad_fn=<MaxBackward1>)
g_y vals:  tensor(7.7851e-08, dtype=torch.float64) tensor(14.2038, dtype=torch.float64)
psi_y_vals vals:  tensor(0.0107, dtype=torch.float64, grad_fn=<MinBackward1>) tensor(58333.0388, dtype=torch.float64, grad_fn=<MaxBackward1>)
phi_y_vals vals:  tensor(1.4868e-21, dtype=torch.float64) tensor(4.7441, dtype=torch.float64)
Q vals:  tensor(-0.0005, dtype=torch.float64, grad_fn=<MinBackward1>) tensor(0.0001, dtype=torch.float64, grad_fn=<MaxBackward1>)
(belief) log_density is nan or inf.
f vals:  tensor(-500660.5178, dtype=torch.float64, grad_fn=<MinBackward1>) tensor(-1.2756e-05, dtype=torch.float64, grad_fn=<MaxBackward1>)
g_y vals:  tensor(2.6590e-08, dtype=torch.float64) tensor(26.6287, dtype=torch.float64)
psi_y_vals vals:  tensor(0.0012, dtype=torch.float64, grad_fn=<MinBackward1>) tensor(58333.2566, dtype=torch.float64, grad_fn=<MaxBackward1>)
phi_y_vals vals:  tensor(2.7006e-22, dtype=torch.float64) tensor(4.7441, dtype=torch.float64)
Q vals:  tensor(-0.0001, dtype=torch.float64, grad_fn=<MinBackward1>) tensor(3.1277e-05, dtype=torch.float64, grad_fn=<MaxBackward1>)
(belief) log_density is nan or inf.
f vals:  tensor(-288359.1247, dtype=torch.float64, grad_fn=<MinBackward1>) tensor(-0.0002, dtype=torch.float64, grad_fn=<MaxBackward1>)
g_y vals:  tensor(5.1137e-08, dtype=torch.float64) tensor(940.9332, dtype=torch.float64)
psi_y_vals vals:  tensor(0.0147, dtype=torch.float64, grad_fn=<MinBackward1>) tensor(49271.1273, dtype=torch.float64, grad_fn=<MaxBackward1>)
phi_y_vals vals:  tensor(3.8215e-22, dtype=torch.float64) tensor(2.6648, dtype=torch.float64)
Q vals:  tensor(-0.0001, dtype=torch.float64, grad_fn=<MinBackward1>) tensor(2.5252e-05, dtype=torch.float64, grad_fn=<MaxBackward1>)
(belief) log_density is nan or inf.
f vals:  tensor(-1203410.1384, dtype=torch.float64, grad_fn=<MinBackward1>) tensor(-3.0644e-05, dtype=torch.float64, grad_fn=<MaxBackward1>)
g_y vals:  tensor(4.7704e-08, dtype=torch.float64) tensor(85.0738, dtype=torch.float64)
psi_y_vals vals:  tensor(0.0012, dtype=torch.float64, grad_fn=<MinBackward1>) tensor(58333.6810, dtype=torch.float64, grad_fn=<MaxBackward1>)
phi_y_vals vals:  tensor(2.7006e-22, dtype=torch.float64) tensor(1.8966, dtype=torch.float64)
Q vals:  tensor(-0.0004, dtype=torch.float64, grad_fn=<MinBackward1>) tensor(7.5179e-05, dtype=torch.float64, grad_fn=<MaxBackward1>)
(belief) log_density is nan or inf.
f vals:  tensor(-1340559.9180, dtype=torch.float64, grad_fn=<MinBackward1>) tensor(-0.0005, dtype=torch.float64, grad_fn=<MaxBackward1>)
g_y vals:  tensor(2.6590e-08, dtype=torch.float64) tensor(940.9332, dtype=torch.float64)
psi_y_vals vals:  tensor(0.0063, dtype=torch.float64, grad_fn=<MinBackward1>) tensor(49271.6618, dtype=torch.float64, grad_fn=<MaxBackward1>)
phi_y_vals vals:  tensor(3.8215e-22, dtype=torch.float64) tensor(4.7441, dtype=torch.float64)
Q vals:  tensor(-0.0006, dtype=torch.float64, grad_fn=<MinBackward1>) tensor(0.0001, dtype=torch.float64, grad_fn=<MaxBackward1>)
(belief) log_density is nan or inf.
f vals:  tensor(-2465477.0999, dtype=torch.float64, grad_fn=<MinBackward1>) tensor(-6.2751e-05, dtype=torch.float64, grad_fn=<MaxBackward1>)
g_y vals:  tensor(4.5889e-08, dtype=torch.float64) tensor(940.9332, dtype=torch.float64)
psi_y_vals vals:  tensor(0.0012, dtype=torch.float64, grad_fn=<MinBackward1>) tensor(58334.1146, dtype=torch.float64, grad_fn=<MaxBackward1>)
phi_y_vals vals:  tensor(2.7006e-22, dtype=torch.float64) tensor(2.6648, dtype=torch.float64)
Q vals:  tensor(-0.0007, dtype=torch.float64, grad_fn=<MinBackward1>) tensor(0.0002, dtype=torch.float64, grad_fn=<MaxBackward1>)
(belief) log_density is nan or inf.
f vals:  tensor(-2591995.6929, dtype=torch.float64, grad_fn=<MinBackward1>) tensor(-0.0011, dtype=torch.float64, grad_fn=<MaxBackward1>)
g_y vals:  tensor(2.6590e-08, dtype=torch.float64) tensor(85.0738, dtype=torch.float64)
psi_y_vals vals:  tensor(0.0140, dtype=torch.float64, grad_fn=<MinBackward1>) tensor(53823.9360, dtype=torch.float64, grad_fn=<MaxBackward1>)
phi_y_vals vals:  tensor(4.3226e-21, dtype=torch.float64) tensor(4.7441, dtype=torch.float64)
Q vals:  tensor(-0.0009, dtype=torch.float64, grad_fn=<MinBackward1>) tensor(0.0002, dtype=torch.float64, grad_fn=<MaxBackward1>)
(belief) log_density is nan or inf.
f vals:  tensor(-2585635.8127, dtype=torch.float64, grad_fn=<MinBackward1>) tensor(-0.0013, dtype=torch.float64, grad_fn=<MaxBackward1>)
g_y vals:  tensor(4.7704e-08, dtype=torch.float64) tensor(940.9332, dtype=torch.float64)
psi_y_vals vals:  tensor(0.0107, dtype=torch.float64, grad_fn=<MinBackward1>) tensor(49272.5206, dtype=torch.float64, grad_fn=<MaxBackward1>)
phi_y_vals vals:  tensor(1.4868e-21, dtype=torch.float64) tensor(2.6648, dtype=torch.float64)
Q vals:  tensor(-0.0011, dtype=torch.float64, grad_fn=<MinBackward1>) tensor(0.0002, dtype=torch.float64, grad_fn=<MaxBackward1>)
(belief) log_density is nan or inf.
f vals:  tensor(-4246558.8779, dtype=torch.float64, grad_fn=<MinBackward1>) tensor(-0.0001, dtype=torch.float64, grad_fn=<MaxBackward1>)
g_y vals:  tensor(2.6590e-08, dtype=torch.float64) tensor(85.0738, dtype=torch.float64)
psi_y_vals vals:  tensor(0.0012, dtype=torch.float64, grad_fn=<MinBackward1>) tensor(58334.7946, dtype=torch.float64, grad_fn=<MaxBackward1>)
phi_y_vals vals:  tensor(2.7006e-22, dtype=torch.float64) tensor(4.7441, dtype=torch.float64)
Q vals:  tensor(-0.0012, dtype=torch.float64, grad_fn=<MinBackward1>) tensor(0.0003, dtype=torch.float64, grad_fn=<MaxBackward1>)
Epoch 180: Avg: nan, NLL: nan, LDB: 0.0000, Reg: 1.1117, PSD: True, nPSD streak: 0/10, time: 0.467
(belief) log_density is nan or inf.
f vals:  tensor(-3991444.0454, dtype=torch.float64, grad_fn=<MinBackward1>) tensor(-0.0017, dtype=torch.float64, grad_fn=<MaxBackward1>)
g_y vals:  tensor(2.6590e-08, dtype=torch.float64) tensor(85.0738, dtype=torch.float64)
psi_y_vals vals:  tensor(0.0140, dtype=torch.float64, grad_fn=<MinBackward1>) tensor(52521.7540, dtype=torch.float64, grad_fn=<MaxBackward1>)
phi_y_vals vals:  tensor(2.7006e-22, dtype=torch.float64) tensor(4.7441, dtype=torch.float64)
Q vals:  tensor(-0.0014, dtype=torch.float64, grad_fn=<MinBackward1>) tensor(0.0003, dtype=torch.float64, grad_fn=<MaxBackward1>)
(belief) log_density is nan or inf.
f vals:  tensor(-5716114.2588, dtype=torch.float64, grad_fn=<MinBackward1>) tensor(-0.0001, dtype=torch.float64, grad_fn=<MaxBackward1>)
g_y vals:  tensor(4.5889e-08, dtype=torch.float64) tensor(940.9332, dtype=torch.float64)
psi_y_vals vals:  tensor(0.0012, dtype=torch.float64, grad_fn=<MinBackward1>) tensor(58335.2996, dtype=torch.float64, grad_fn=<MaxBackward1>)
phi_y_vals vals:  tensor(3.8215e-22, dtype=torch.float64) tensor(2.6648, dtype=torch.float64)
Q vals:  tensor(-0.0017, dtype=torch.float64, grad_fn=<MinBackward1>) tensor(0.0004, dtype=torch.float64, grad_fn=<MaxBackward1>)
(belief) log_density is nan or inf.
f vals:  tensor(-6716271.0671, dtype=torch.float64, grad_fn=<MinBackward1>) tensor(-0.0023, dtype=torch.float64, grad_fn=<MaxBackward1>)
g_y vals:  tensor(4.7704e-08, dtype=torch.float64) tensor(940.9332, dtype=torch.float64)
psi_y_vals vals:  tensor(0.0107, dtype=torch.float64, grad_fn=<MinBackward1>) tensor(58335.5668, dtype=torch.float64, grad_fn=<MaxBackward1>)
phi_y_vals vals:  tensor(2.7006e-22, dtype=torch.float64) tensor(2.6648, dtype=torch.float64)
Q vals:  tensor(-0.0020, dtype=torch.float64, grad_fn=<MinBackward1>) tensor(0.0004, dtype=torch.float64, grad_fn=<MaxBackward1>)
(belief) log_density is nan or inf.
f vals:  tensor(-6887575.9950, dtype=torch.float64, grad_fn=<MinBackward1>) tensor(-0.0002, dtype=torch.float64, grad_fn=<MaxBackward1>)
g_y vals:  tensor(2.6590e-08, dtype=torch.float64) tensor(85.0738, dtype=torch.float64)
psi_y_vals vals:  tensor(0.0012, dtype=torch.float64, grad_fn=<MinBackward1>) tensor(53823.8735, dtype=torch.float64, grad_fn=<MaxBackward1>)
phi_y_vals vals:  tensor(3.5108e-21, dtype=torch.float64) tensor(4.7441, dtype=torch.float64)
Q vals:  tensor(-0.0024, dtype=torch.float64, grad_fn=<MinBackward1>) tensor(0.0005, dtype=torch.float64, grad_fn=<MaxBackward1>)
(belief) log_density is nan or inf.
f vals:  tensor(-10213439.9826, dtype=torch.float64, grad_fn=<MinBackward1>) tensor(-0.0003, dtype=torch.float64, grad_fn=<MaxBackward1>)
g_y vals:  tensor(4.5889e-08, dtype=torch.float64) tensor(85.0738, dtype=torch.float64)
psi_y_vals vals:  tensor(0.0012, dtype=torch.float64, grad_fn=<MinBackward1>) tensor(58336.1524, dtype=torch.float64, grad_fn=<MaxBackward1>)
phi_y_vals vals:  tensor(2.7006e-22, dtype=torch.float64) tensor(1.8966, dtype=torch.float64)
Q vals:  tensor(-0.0030, dtype=torch.float64, grad_fn=<MinBackward1>) tensor(0.0006, dtype=torch.float64, grad_fn=<MaxBackward1>)
(belief) log_density is nan or inf.
f vals:  tensor(-12345084.0250, dtype=torch.float64, grad_fn=<MinBackward1>) tensor(-0.0050, dtype=torch.float64, grad_fn=<MaxBackward1>)
g_y vals:  tensor(2.6590e-08, dtype=torch.float64) tensor(940.9332, dtype=torch.float64)
psi_y_vals vals:  tensor(0.0107, dtype=torch.float64, grad_fn=<MinBackward1>) tensor(53823.8043, dtype=torch.float64, grad_fn=<MaxBackward1>)
phi_y_vals vals:  tensor(3.8215e-22, dtype=torch.float64) tensor(4.7441, dtype=torch.float64)
Q vals:  tensor(-0.0043, dtype=torch.float64, grad_fn=<MinBackward1>) tensor(0.0009, dtype=torch.float64, grad_fn=<MaxBackward1>)
(belief) log_density is nan or inf.
f vals:  tensor(-23001532.1989, dtype=torch.float64, grad_fn=<MinBackward1>) tensor(-0.0008, dtype=torch.float64, grad_fn=<MaxBackward1>)
g_y vals:  tensor(4.5889e-08, dtype=torch.float64) tensor(940.9332, dtype=torch.float64)
psi_y_vals vals:  tensor(0.0012, dtype=torch.float64, grad_fn=<MinBackward1>) tensor(49275.5372, dtype=torch.float64, grad_fn=<MaxBackward1>)
phi_y_vals vals:  tensor(2.7006e-22, dtype=torch.float64) tensor(2.6648, dtype=torch.float64)
Q vals:  tensor(-0.0095, dtype=torch.float64, grad_fn=<MinBackward1>) tensor(0.0020, dtype=torch.float64, grad_fn=<MaxBackward1>)
(belief) log_density is nan or inf.
f vals:  tensor(-18197261.8379, dtype=torch.float64, grad_fn=<MinBackward1>) tensor(-0.0059, dtype=torch.float64, grad_fn=<MaxBackward1>)
g_y vals:  tensor(2.6590e-08, dtype=torch.float64) tensor(85.0738, dtype=torch.float64)
psi_y_vals vals:  tensor(0.0063, dtype=torch.float64, grad_fn=<MinBackward1>) tensor(52527.2610, dtype=torch.float64, grad_fn=<MaxBackward1>)
phi_y_vals vals:  tensor(2.7006e-22, dtype=torch.float64) tensor(4.7441, dtype=torch.float64)
Q vals:  tensor(-0.0066, dtype=torch.float64, grad_fn=<MinBackward1>) tensor(0.0014, dtype=torch.float64, grad_fn=<MaxBackward1>)
(belief) log_density is nan or inf.
f vals:  tensor(-14475497.7517, dtype=torch.float64, grad_fn=<MinBackward1>) tensor(-0.0004, dtype=torch.float64, grad_fn=<MaxBackward1>)
g_y vals:  tensor(5.1431e-08, dtype=torch.float64) tensor(940.9332, dtype=torch.float64)
psi_y_vals vals:  tensor(0.0012, dtype=torch.float64, grad_fn=<MinBackward1>) tensor(58338.5957, dtype=torch.float64, grad_fn=<MaxBackward1>)
phi_y_vals vals:  tensor(1.4868e-21, dtype=torch.float64) tensor(2.6648, dtype=torch.float64)
Q vals:  tensor(-0.0043, dtype=torch.float64, grad_fn=<MinBackward1>) tensor(0.0009, dtype=torch.float64, grad_fn=<MaxBackward1>)
(belief) log_density is nan or inf.
f vals:  tensor(-11970799.3650, dtype=torch.float64, grad_fn=<MinBackward1>) tensor(-0.0003, dtype=torch.float64, grad_fn=<MaxBackward1>)
g_y vals:  tensor(2.6590e-08, dtype=torch.float64) tensor(26.6287, dtype=torch.float64)
psi_y_vals vals:  tensor(0.0012, dtype=torch.float64, grad_fn=<MinBackward1>) tensor(58338.7348, dtype=torch.float64, grad_fn=<MaxBackward1>)
phi_y_vals vals:  tensor(1.4868e-21, dtype=torch.float64) tensor(4.7441, dtype=torch.float64)
Q vals:  tensor(-0.0035, dtype=torch.float64, grad_fn=<MinBackward1>) tensor(0.0007, dtype=torch.float64, grad_fn=<MaxBackward1>)
(belief) log_density is nan or inf.
f vals:  tensor(-9088130.9350, dtype=torch.float64, grad_fn=<MinBackward1>) tensor(-0.0028, dtype=torch.float64, grad_fn=<MaxBackward1>)
g_y vals:  tensor(4.5889e-08, dtype=torch.float64) tensor(940.9332, dtype=torch.float64)
psi_y_vals vals:  tensor(0.0063, dtype=torch.float64, grad_fn=<MinBackward1>) tensor(53823.7595, dtype=torch.float64, grad_fn=<MaxBackward1>)
phi_y_vals vals:  tensor(2.7006e-22, dtype=torch.float64) tensor(2.6648, dtype=torch.float64)
Q vals:  tensor(-0.0031, dtype=torch.float64, grad_fn=<MinBackward1>) tensor(0.0007, dtype=torch.float64, grad_fn=<MaxBackward1>)
(belief) log_density is nan or inf.
f vals:  tensor(-9803615.2815, dtype=torch.float64, grad_fn=<MinBackward1>) tensor(-0.0034, dtype=torch.float64, grad_fn=<MaxBackward1>)
g_y vals:  tensor(2.6590e-08, dtype=torch.float64) tensor(85.0738, dtype=torch.float64)
psi_y_vals vals:  tensor(0.0107, dtype=torch.float64, grad_fn=<MinBackward1>) tensor(58339.1507, dtype=torch.float64, grad_fn=<MaxBackward1>)
phi_y_vals vals:  tensor(2.7006e-22, dtype=torch.float64) tensor(4.7441, dtype=torch.float64)
Q vals:  tensor(-0.0029, dtype=torch.float64, grad_fn=<MinBackward1>) tensor(0.0006, dtype=torch.float64, grad_fn=<MaxBackward1>)
(belief) log_density is nan or inf.
f vals:  tensor(-6828042.8280, dtype=torch.float64, grad_fn=<MinBackward1>) tensor(-0.0002, dtype=torch.float64, grad_fn=<MaxBackward1>)
g_y vals:  tensor(4.7704e-08, dtype=torch.float64) tensor(940.9332, dtype=torch.float64)
psi_y_vals vals:  tensor(0.0012, dtype=torch.float64, grad_fn=<MinBackward1>) tensor(49278.8901, dtype=torch.float64, grad_fn=<MaxBackward1>)
phi_y_vals vals:  tensor(3.8215e-22, dtype=torch.float64) tensor(2.6648, dtype=torch.float64)
Q vals:  tensor(-0.0028, dtype=torch.float64, grad_fn=<MinBackward1>) tensor(0.0006, dtype=torch.float64, grad_fn=<MaxBackward1>)
(belief) log_density is nan or inf.
f vals:  tensor(-7542541.4672, dtype=torch.float64, grad_fn=<MinBackward1>) tensor(-0.0002, dtype=torch.float64, grad_fn=<MaxBackward1>)
g_y vals:  tensor(2.6590e-08, dtype=torch.float64) tensor(940.9332, dtype=torch.float64)
psi_y_vals vals:  tensor(0.0012, dtype=torch.float64, grad_fn=<MinBackward1>) tensor(52528.9360, dtype=torch.float64, grad_fn=<MaxBackward1>)
phi_y_vals vals:  tensor(2.7006e-22, dtype=torch.float64) tensor(4.7441, dtype=torch.float64)
Q vals:  tensor(-0.0027, dtype=torch.float64, grad_fn=<MinBackward1>) tensor(0.0006, dtype=torch.float64, grad_fn=<MaxBackward1>)
(belief) log_density is nan or inf.
f vals:  tensor(-9247686.2432, dtype=torch.float64, grad_fn=<MinBackward1>) tensor(-0.0032, dtype=torch.float64, grad_fn=<MaxBackward1>)
g_y vals:  tensor(4.7704e-08, dtype=torch.float64) tensor(85.0738, dtype=torch.float64)
psi_y_vals vals:  tensor(0.0107, dtype=torch.float64, grad_fn=<MinBackward1>) tensor(58340.0199, dtype=torch.float64, grad_fn=<MaxBackward1>)
phi_y_vals vals:  tensor(3.5108e-21, dtype=torch.float64) tensor(1.2034, dtype=torch.float64)
Q vals:  tensor(-0.0027, dtype=torch.float64, grad_fn=<MinBackward1>) tensor(0.0006, dtype=torch.float64, grad_fn=<MaxBackward1>)
Epoch 190: Avg: nan, NLL: nan, LDB: 0.0000, Reg: 1.1117, PSD: True, nPSD streak: 0/10, time: 0.618
(belief) log_density is nan or inf.
f vals:  tensor(-9006616.7924, dtype=torch.float64, grad_fn=<MinBackward1>) tensor(-0.0043, dtype=torch.float64, grad_fn=<MaxBackward1>)
g_y vals:  tensor(2.6590e-08, dtype=torch.float64) tensor(940.9332, dtype=torch.float64)
psi_y_vals vals:  tensor(0.0107, dtype=torch.float64, grad_fn=<MinBackward1>) tensor(58340.3627, dtype=torch.float64, grad_fn=<MaxBackward1>)
phi_y_vals vals:  tensor(2.7006e-22, dtype=torch.float64) tensor(2.6648, dtype=torch.float64)
Q vals:  tensor(-0.0026, dtype=torch.float64, grad_fn=<MinBackward1>) tensor(0.0006, dtype=torch.float64, grad_fn=<MaxBackward1>)
(belief) log_density is nan or inf.
f vals:  tensor(-7610733.2270, dtype=torch.float64, grad_fn=<MinBackward1>) tensor(-0.0002, dtype=torch.float64, grad_fn=<MaxBackward1>)
g_y vals:  tensor(4.5889e-08, dtype=torch.float64) tensor(14.2038, dtype=torch.float64)
psi_y_vals vals:  tensor(0.0012, dtype=torch.float64, grad_fn=<MinBackward1>) tensor(53823.6043, dtype=torch.float64, grad_fn=<MaxBackward1>)
phi_y_vals vals:  tensor(1.4868e-21, dtype=torch.float64) tensor(4.7441, dtype=torch.float64)
Q vals:  tensor(-0.0026, dtype=torch.float64, grad_fn=<MinBackward1>) tensor(0.0006, dtype=torch.float64, grad_fn=<MaxBackward1>)
(belief) log_density is nan or inf.
f vals:  tensor(-7284349.9427, dtype=torch.float64, grad_fn=<MinBackward1>) tensor(-0.0031, dtype=torch.float64, grad_fn=<MaxBackward1>)
g_y vals:  tensor(4.7704e-08, dtype=torch.float64) tensor(940.9332, dtype=torch.float64)
psi_y_vals vals:  tensor(0.0139, dtype=torch.float64, grad_fn=<MinBackward1>) tensor(52531.2148, dtype=torch.float64, grad_fn=<MaxBackward1>)
phi_y_vals vals:  tensor(2.7006e-22, dtype=torch.float64) tensor(2.6648, dtype=torch.float64)
Q vals:  tensor(-0.0026, dtype=torch.float64, grad_fn=<MinBackward1>) tensor(0.0006, dtype=torch.float64, grad_fn=<MaxBackward1>)
(belief) log_density is nan or inf.
f vals:  tensor(-9091020.0076, dtype=torch.float64, grad_fn=<MinBackward1>) tensor(-0.0002, dtype=torch.float64, grad_fn=<MaxBackward1>)
g_y vals:  tensor(2.6590e-08, dtype=torch.float64) tensor(26.6287, dtype=torch.float64)
psi_y_vals vals:  tensor(0.0012, dtype=torch.float64, grad_fn=<MinBackward1>) tensor(58341.5004, dtype=torch.float64, grad_fn=<MaxBackward1>)
phi_y_vals vals:  tensor(3.8215e-22, dtype=torch.float64) tensor(4.7441, dtype=torch.float64)
Q vals:  tensor(-0.0027, dtype=torch.float64, grad_fn=<MinBackward1>) tensor(0.0006, dtype=torch.float64, grad_fn=<MaxBackward1>)
(belief) log_density is nan or inf.
f vals:  tensor(-9258930.3824, dtype=torch.float64, grad_fn=<MinBackward1>) tensor(-0.0002, dtype=torch.float64, grad_fn=<MaxBackward1>)
g_y vals:  tensor(2.6590e-08, dtype=torch.float64) tensor(940.9332, dtype=torch.float64)
psi_y_vals vals:  tensor(0.0012, dtype=torch.float64, grad_fn=<MinBackward1>) tensor(58341.9120, dtype=torch.float64, grad_fn=<MaxBackward1>)
phi_y_vals vals:  tensor(1.4868e-21, dtype=torch.float64) tensor(4.7441, dtype=torch.float64)
Q vals:  tensor(-0.0027, dtype=torch.float64, grad_fn=<MinBackward1>) tensor(0.0006, dtype=torch.float64, grad_fn=<MaxBackward1>)
(belief) log_density is nan or inf.
f vals:  tensor(-8244766.6714, dtype=torch.float64, grad_fn=<MinBackward1>) tensor(-0.0201, dtype=torch.float64, grad_fn=<MaxBackward1>)
g_y vals:  tensor(5.1137e-08, dtype=torch.float64) tensor(26.6287, dtype=torch.float64)
psi_y_vals vals:  tensor(0.0107, dtype=torch.float64, grad_fn=<MinBackward1>) tensor(53823.3658, dtype=torch.float64, grad_fn=<MaxBackward1>)
phi_y_vals vals:  tensor(2.7006e-22, dtype=torch.float64) tensor(1.8966, dtype=torch.float64)
Q vals:  tensor(-0.0028, dtype=torch.float64, grad_fn=<MinBackward1>) tensor(0.0006, dtype=torch.float64, grad_fn=<MaxBackward1>)
(belief) log_density is nan or inf.
f vals:  tensor(-8319142.2964, dtype=torch.float64, grad_fn=<MinBackward1>) tensor(-0.0047, dtype=torch.float64, grad_fn=<MaxBackward1>)
g_y vals:  tensor(5.1431e-08, dtype=torch.float64) tensor(940.9332, dtype=torch.float64)
psi_y_vals vals:  tensor(0.0107, dtype=torch.float64, grad_fn=<MinBackward1>) tensor(53823.2944, dtype=torch.float64, grad_fn=<MaxBackward1>)
phi_y_vals vals:  tensor(2.7006e-22, dtype=torch.float64) tensor(2.6648, dtype=torch.float64)
Q vals:  tensor(-0.0029, dtype=torch.float64, grad_fn=<MinBackward1>) tensor(0.0006, dtype=torch.float64, grad_fn=<MaxBackward1>)
(belief) log_density is nan or inf.
f vals:  tensor(-9755959.4355, dtype=torch.float64, grad_fn=<MinBackward1>) tensor(-0.0002, dtype=torch.float64, grad_fn=<MaxBackward1>)
g_y vals:  tensor(2.6590e-08, dtype=torch.float64) tensor(85.0738, dtype=torch.float64)
psi_y_vals vals:  tensor(0.0012, dtype=torch.float64, grad_fn=<MinBackward1>) tensor(58343.1999, dtype=torch.float64, grad_fn=<MaxBackward1>)
phi_y_vals vals:  tensor(3.5108e-21, dtype=torch.float64) tensor(4.7441, dtype=torch.float64)
Q vals:  tensor(-0.0029, dtype=torch.float64, grad_fn=<MinBackward1>) tensor(0.0006, dtype=torch.float64, grad_fn=<MaxBackward1>)
(belief) log_density is nan or inf.
f vals:  tensor(-8651049.9248, dtype=torch.float64, grad_fn=<MinBackward1>) tensor(-0.0027, dtype=torch.float64, grad_fn=<MaxBackward1>)
g_y vals:  tensor(2.6590e-08, dtype=torch.float64) tensor(85.0738, dtype=torch.float64)
psi_y_vals vals:  tensor(0.0063, dtype=torch.float64, grad_fn=<MinBackward1>) tensor(53824.3151, dtype=torch.float64, grad_fn=<MaxBackward1>)
phi_y_vals vals:  tensor(3.8215e-22, dtype=torch.float64) tensor(4.7441, dtype=torch.float64)
Q vals:  tensor(-0.0030, dtype=torch.float64, grad_fn=<MinBackward1>) tensor(0.0006, dtype=torch.float64, grad_fn=<MaxBackward1>)
(belief) log_density is nan or inf.
f vals:  tensor(-10536306.9233, dtype=torch.float64, grad_fn=<MinBackward1>) tensor(-0.0003, dtype=torch.float64, grad_fn=<MaxBackward1>)
g_y vals:  tensor(4.7704e-08, dtype=torch.float64) tensor(940.9332, dtype=torch.float64)
psi_y_vals vals:  tensor(0.0012, dtype=torch.float64, grad_fn=<MinBackward1>) tensor(58347.3017, dtype=torch.float64, grad_fn=<MaxBackward1>)
phi_y_vals vals:  tensor(2.7006e-22, dtype=torch.float64) tensor(2.6648, dtype=torch.float64)
Q vals:  tensor(-0.0031, dtype=torch.float64, grad_fn=<MinBackward1>) tensor(0.0007, dtype=torch.float64, grad_fn=<MaxBackward1>)
(belief) log_density is nan or inf.
f vals:  tensor(-10969178.5517, dtype=torch.float64, grad_fn=<MinBackward1>) tensor(-0.0029, dtype=torch.float64, grad_fn=<MaxBackward1>)
g_y vals:  tensor(4.7704e-08, dtype=torch.float64) tensor(85.0738, dtype=torch.float64)
psi_y_vals vals:  tensor(0.0063, dtype=torch.float64, grad_fn=<MinBackward1>) tensor(58349.1407, dtype=torch.float64, grad_fn=<MaxBackward1>)
phi_y_vals vals:  tensor(3.8215e-22, dtype=torch.float64) tensor(1.2034, dtype=torch.float64)
Q vals:  tensor(-0.0032, dtype=torch.float64, grad_fn=<MinBackward1>) tensor(0.0007, dtype=torch.float64, grad_fn=<MaxBackward1>)
(belief) log_density is nan or inf.
f vals:  tensor(-7726935.6441, dtype=torch.float64, grad_fn=<MinBackward1>) tensor(-0.0003, dtype=torch.float64, grad_fn=<MaxBackward1>)
g_y vals:  tensor(2.6590e-08, dtype=torch.float64) tensor(940.9332, dtype=torch.float64)
psi_y_vals vals:  tensor(0.0012, dtype=torch.float64, grad_fn=<MinBackward1>) tensor(47779.0382, dtype=torch.float64, grad_fn=<MaxBackward1>)
phi_y_vals vals:  tensor(2.7006e-22, dtype=torch.float64) tensor(4.7441, dtype=torch.float64)
Q vals:  tensor(-0.0034, dtype=torch.float64, grad_fn=<MinBackward1>) tensor(0.0007, dtype=torch.float64, grad_fn=<MaxBackward1>)
(belief) log_density is nan or inf.
f vals:  tensor(-10411642.3461, dtype=torch.float64, grad_fn=<MinBackward1>) tensor(-0.0003, dtype=torch.float64, grad_fn=<MaxBackward1>)
g_y vals:  tensor(2.6590e-08, dtype=torch.float64) tensor(940.9332, dtype=torch.float64)
psi_y_vals vals:  tensor(0.0012, dtype=torch.float64, grad_fn=<MinBackward1>) tensor(53827.6883, dtype=torch.float64, grad_fn=<MaxBackward1>)
phi_y_vals vals:  tensor(2.7006e-22, dtype=torch.float64) tensor(2.6648, dtype=torch.float64)
Q vals:  tensor(-0.0036, dtype=torch.float64, grad_fn=<MinBackward1>) tensor(0.0008, dtype=torch.float64, grad_fn=<MaxBackward1>)
(belief) log_density is nan or inf.
f vals:  tensor(-13105489.5166, dtype=torch.float64, grad_fn=<MinBackward1>) tensor(-0.0035, dtype=torch.float64, grad_fn=<MaxBackward1>)
g_y vals:  tensor(4.5889e-08, dtype=torch.float64) tensor(85.0738, dtype=torch.float64)
psi_y_vals vals:  tensor(0.0063, dtype=torch.float64, grad_fn=<MinBackward1>) tensor(58353.9908, dtype=torch.float64, grad_fn=<MaxBackward1>)
phi_y_vals vals:  tensor(3.5108e-21, dtype=torch.float64) tensor(4.7441, dtype=torch.float64)
Q vals:  tensor(-0.0038, dtype=torch.float64, grad_fn=<MinBackward1>) tensor(0.0008, dtype=torch.float64, grad_fn=<MaxBackward1>)
(belief) log_density is nan or inf.
f vals:  tensor(-12157172.2076, dtype=torch.float64, grad_fn=<MinBackward1>) tensor(-0.0004, dtype=torch.float64, grad_fn=<MaxBackward1>)
g_y vals:  tensor(2.6590e-08, dtype=torch.float64) tensor(940.9332, dtype=torch.float64)
psi_y_vals vals:  tensor(0.0012, dtype=torch.float64, grad_fn=<MinBackward1>) tensor(53828.8265, dtype=torch.float64, grad_fn=<MaxBackward1>)
phi_y_vals vals:  tensor(3.5108e-21, dtype=torch.float64) tensor(4.7441, dtype=torch.float64)
Q vals:  tensor(-0.0042, dtype=torch.float64, grad_fn=<MinBackward1>) tensor(0.0009, dtype=torch.float64, grad_fn=<MaxBackward1>)
(belief) log_density is nan or inf.
f vals:  tensor(-15917709.0840, dtype=torch.float64, grad_fn=<MinBackward1>) tensor(-0.0042, dtype=torch.float64, grad_fn=<MaxBackward1>)
g_y vals:  tensor(5.1137e-08, dtype=torch.float64) tensor(85.0738, dtype=torch.float64)
psi_y_vals vals:  tensor(0.0063, dtype=torch.float64, grad_fn=<MinBackward1>) tensor(58356.8138, dtype=torch.float64, grad_fn=<MaxBackward1>)
phi_y_vals vals:  tensor(2.7006e-22, dtype=torch.float64) tensor(1.8966, dtype=torch.float64)
Q vals:  tensor(-0.0047, dtype=torch.float64, grad_fn=<MinBackward1>) tensor(0.0010, dtype=torch.float64, grad_fn=<MaxBackward1>)
(belief) log_density is nan or inf.
f vals:  tensor(-16050466.0161, dtype=torch.float64, grad_fn=<MinBackward1>) tensor(-0.0050, dtype=torch.float64, grad_fn=<MaxBackward1>)
g_y vals:  tensor(2.6590e-08, dtype=torch.float64) tensor(19.6968, dtype=torch.float64)
psi_y_vals vals:  tensor(0.0063, dtype=torch.float64, grad_fn=<MinBackward1>) tensor(53829.6670, dtype=torch.float64, grad_fn=<MaxBackward1>)
phi_y_vals vals:  tensor(1.4868e-21, dtype=torch.float64) tensor(4.7441, dtype=torch.float64)
Q vals:  tensor(-0.0055, dtype=torch.float64, grad_fn=<MinBackward1>) tensor(0.0012, dtype=torch.float64, grad_fn=<MaxBackward1>)
(belief) log_density is nan or inf.
f vals:  tensor(-21404923.3741, dtype=torch.float64, grad_fn=<MinBackward1>) tensor(-0.0005, dtype=torch.float64, grad_fn=<MaxBackward1>)
g_y vals:  tensor(4.5889e-08, dtype=torch.float64) tensor(940.9332, dtype=torch.float64)
psi_y_vals vals:  tensor(0.0012, dtype=torch.float64, grad_fn=<MinBackward1>) tensor(58359.4367, dtype=torch.float64, grad_fn=<MaxBackward1>)
phi_y_vals vals:  tensor(2.7006e-22, dtype=torch.float64) tensor(2.6648, dtype=torch.float64)
Q vals:  tensor(-0.0063, dtype=torch.float64, grad_fn=<MinBackward1>) tensor(0.0013, dtype=torch.float64, grad_fn=<MaxBackward1>)
(belief) log_density is nan or inf.
f vals:  tensor(-27574231.4363, dtype=torch.float64, grad_fn=<MinBackward1>) tensor(-0.0007, dtype=torch.float64, grad_fn=<MaxBackward1>)
g_y vals:  tensor(2.6590e-08, dtype=torch.float64) tensor(940.9332, dtype=torch.float64)
psi_y_vals vals:  tensor(0.0012, dtype=torch.float64, grad_fn=<MinBackward1>) tensor(58360.7051, dtype=torch.float64, grad_fn=<MaxBackward1>)
phi_y_vals vals:  tensor(2.7006e-22, dtype=torch.float64) tensor(2.6648, dtype=torch.float64)
Q vals:  tensor(-0.0081, dtype=torch.float64, grad_fn=<MinBackward1>) tensor(0.0017, dtype=torch.float64, grad_fn=<MaxBackward1>)
(belief) log_density is nan or inf.
f vals:  tensor(-38344549.1641, dtype=torch.float64, grad_fn=<MinBackward1>) tensor(-0.0185, dtype=torch.float64, grad_fn=<MaxBackward1>)
g_y vals:  tensor(4.7704e-08, dtype=torch.float64) tensor(85.0738, dtype=torch.float64)
psi_y_vals vals:  tensor(0.0107, dtype=torch.float64, grad_fn=<MinBackward1>) tensor(53830.4463, dtype=torch.float64, grad_fn=<MaxBackward1>)
phi_y_vals vals:  tensor(3.5108e-21, dtype=torch.float64) tensor(4.7441, dtype=torch.float64)
Q vals:  tensor(-0.0132, dtype=torch.float64, grad_fn=<MinBackward1>) tensor(0.0028, dtype=torch.float64, grad_fn=<MaxBackward1>)
Epoch 200: Avg: nan, NLL: nan, LDB: 0.0000, Reg: 1.1116, PSD: True, nPSD streak: 0/10, time: 0.578
(belief) log_density is nan or inf.
f vals:  tensor(-4371123.1086, dtype=torch.float64, grad_fn=<MinBackward1>) tensor(-0.0025, dtype=torch.float64, grad_fn=<MaxBackward1>)
g_y vals:  tensor(2.6590e-08, dtype=torch.float64) tensor(940.9332, dtype=torch.float64)
psi_y_vals vals:  tensor(0.0139, dtype=torch.float64, grad_fn=<MinBackward1>) tensor(53838.5034, dtype=torch.float64, grad_fn=<MaxBackward1>)
phi_y_vals vals:  tensor(2.7006e-22, dtype=torch.float64) tensor(4.7441, dtype=torch.float64)
Q vals:  tensor(-0.0015, dtype=torch.float64, grad_fn=<MinBackward1>) tensor(0.0003, dtype=torch.float64, grad_fn=<MaxBackward1>)
(belief) log_density is nan or inf.
f vals:  tensor(-1345996.8284, dtype=torch.float64, grad_fn=<MinBackward1>) tensor(-0.0003, dtype=torch.float64, grad_fn=<MaxBackward1>)
g_y vals:  tensor(2.6590e-08, dtype=torch.float64) tensor(85.0738, dtype=torch.float64)
psi_y_vals vals:  tensor(0.0063, dtype=torch.float64, grad_fn=<MinBackward1>) tensor(58310.2122, dtype=torch.float64, grad_fn=<MaxBackward1>)
phi_y_vals vals:  tensor(3.8215e-22, dtype=torch.float64) tensor(4.7441, dtype=torch.float64)
Q vals:  tensor(-0.0004, dtype=torch.float64, grad_fn=<MinBackward1>) tensor(8.4158e-05, dtype=torch.float64, grad_fn=<MaxBackward1>)
(belief) log_density is nan or inf.
f vals:  tensor(-535531.5416, dtype=torch.float64, grad_fn=<MinBackward1>) tensor(-1.6567e-05, dtype=torch.float64, grad_fn=<MaxBackward1>)
g_y vals:  tensor(5.1137e-08, dtype=torch.float64) tensor(85.0738, dtype=torch.float64)
psi_y_vals vals:  tensor(0.0012, dtype=torch.float64, grad_fn=<MinBackward1>) tensor(52424.5482, dtype=torch.float64, grad_fn=<MaxBackward1>)
phi_y_vals vals:  tensor(3.8215e-22, dtype=torch.float64) tensor(4.7441, dtype=torch.float64)
Q vals:  tensor(-0.0002, dtype=torch.float64, grad_fn=<MinBackward1>) tensor(4.1424e-05, dtype=torch.float64, grad_fn=<MaxBackward1>)
(belief) log_density is nan or inf.
f vals:  tensor(-66222.2445, dtype=torch.float64, grad_fn=<MinBackward1>) tensor(-2.6763e-05, dtype=torch.float64, grad_fn=<MaxBackward1>)
g_y vals:  tensor(2.6590e-08, dtype=torch.float64) tensor(940.9332, dtype=torch.float64)
psi_y_vals vals:  tensor(0.0107, dtype=torch.float64, grad_fn=<MinBackward1>) tensor(58282.8107, dtype=torch.float64, grad_fn=<MaxBackward1>)
phi_y_vals vals:  tensor(2.7006e-22, dtype=torch.float64) tensor(2.6648, dtype=torch.float64)
Q vals:  tensor(-1.9485e-05, dtype=torch.float64, grad_fn=<MinBackward1>) tensor(4.1430e-06, dtype=torch.float64, grad_fn=<MaxBackward1>)
(belief) log_density is nan or inf.
f vals:  tensor(-370113.3032, dtype=torch.float64, grad_fn=<MinBackward1>) tensor(-0.0001, dtype=torch.float64, grad_fn=<MaxBackward1>)
g_y vals:  tensor(2.6590e-08, dtype=torch.float64) tensor(26.6287, dtype=torch.float64)
psi_y_vals vals:  tensor(0.0107, dtype=torch.float64, grad_fn=<MinBackward1>) tensor(53867.1497, dtype=torch.float64, grad_fn=<MaxBackward1>)
phi_y_vals vals:  tensor(2.7006e-22, dtype=torch.float64) tensor(4.7441, dtype=torch.float64)
Q vals:  tensor(-0.0001, dtype=torch.float64, grad_fn=<MinBackward1>) tensor(2.7072e-05, dtype=torch.float64, grad_fn=<MaxBackward1>)
(belief) log_density is nan or inf.
f vals:  tensor(-592469.5820, dtype=torch.float64, grad_fn=<MinBackward1>) tensor(-1.5147e-05, dtype=torch.float64, grad_fn=<MaxBackward1>)
g_y vals:  tensor(4.5889e-08, dtype=torch.float64) tensor(940.9332, dtype=torch.float64)
psi_y_vals vals:  tensor(0.0012, dtype=torch.float64, grad_fn=<MinBackward1>) tensor(58260.4908, dtype=torch.float64, grad_fn=<MaxBackward1>)
phi_y_vals vals:  tensor(1.4868e-21, dtype=torch.float64) tensor(2.6648, dtype=torch.float64)
Q vals:  tensor(-0.0002, dtype=torch.float64, grad_fn=<MinBackward1>) tensor(3.7084e-05, dtype=torch.float64, grad_fn=<MaxBackward1>)
(belief) log_density is nan or inf.
f vals:  tensor(-21975.1344, dtype=torch.float64, grad_fn=<MinBackward1>) tensor(-6.6005e-07, dtype=torch.float64, grad_fn=<MaxBackward1>)
g_y vals:  tensor(2.6590e-08, dtype=torch.float64) tensor(19.6968, dtype=torch.float64)
psi_y_vals vals:  tensor(0.0012, dtype=torch.float64, grad_fn=<MinBackward1>) tensor(53874.8478, dtype=torch.float64, grad_fn=<MaxBackward1>)
phi_y_vals vals:  tensor(2.7006e-22, dtype=torch.float64) tensor(4.7441, dtype=torch.float64)
Q vals:  tensor(-7.5585e-06, dtype=torch.float64, grad_fn=<MinBackward1>) tensor(1.6065e-06, dtype=torch.float64, grad_fn=<MaxBackward1>)
(belief) log_density is nan or inf.
f vals:  tensor(-414847.1826, dtype=torch.float64, grad_fn=<MinBackward1>) tensor(-0.0002, dtype=torch.float64, grad_fn=<MaxBackward1>)
g_y vals:  tensor(4.5889e-08, dtype=torch.float64) tensor(940.9332, dtype=torch.float64)
psi_y_vals vals:  tensor(0.0107, dtype=torch.float64, grad_fn=<MinBackward1>) tensor(58242.3434, dtype=torch.float64, grad_fn=<MaxBackward1>)
phi_y_vals vals:  tensor(1.4868e-21, dtype=torch.float64) tensor(2.6648, dtype=torch.float64)
Q vals:  tensor(-0.0001, dtype=torch.float64, grad_fn=<MinBackward1>) tensor(2.5977e-05, dtype=torch.float64, grad_fn=<MaxBackward1>)
(belief) log_density is nan or inf.
f vals:  tensor(-238252.8142, dtype=torch.float64, grad_fn=<MinBackward1>) tensor(-6.1939e-06, dtype=torch.float64, grad_fn=<MaxBackward1>)
g_y vals:  tensor(4.5889e-08, dtype=torch.float64) tensor(26.6287, dtype=torch.float64)
psi_y_vals vals:  tensor(0.0012, dtype=torch.float64, grad_fn=<MinBackward1>) tensor(58234.5969, dtype=torch.float64, grad_fn=<MaxBackward1>)
phi_y_vals vals:  tensor(3.8215e-22, dtype=torch.float64) tensor(4.7441, dtype=torch.float64)
Q vals:  tensor(-7.0219e-05, dtype=torch.float64, grad_fn=<MinBackward1>) tensor(1.4921e-05, dtype=torch.float64, grad_fn=<MaxBackward1>)
(belief) log_density is nan or inf.
f vals:  tensor(-111190.8815, dtype=torch.float64, grad_fn=<MinBackward1>) tensor(-3.4488e-05, dtype=torch.float64, grad_fn=<MaxBackward1>)
g_y vals:  tensor(2.6590e-08, dtype=torch.float64) tensor(940.9332, dtype=torch.float64)
psi_y_vals vals:  tensor(0.0062, dtype=torch.float64, grad_fn=<MinBackward1>) tensor(52292.9273, dtype=torch.float64, grad_fn=<MaxBackward1>)
phi_y_vals vals:  tensor(2.7006e-22, dtype=torch.float64) tensor(2.6648, dtype=torch.float64)
Q vals:  tensor(-4.0648e-05, dtype=torch.float64, grad_fn=<MinBackward1>) tensor(8.6368e-06, dtype=torch.float64, grad_fn=<MaxBackward1>)
(belief) log_density is nan or inf.
f vals:  tensor(-55213.3857, dtype=torch.float64, grad_fn=<MinBackward1>) tensor(-1.6881e-06, dtype=torch.float64, grad_fn=<MaxBackward1>)
g_y vals:  tensor(5.1137e-08, dtype=torch.float64) tensor(19.6968, dtype=torch.float64)
psi_y_vals vals:  tensor(0.0012, dtype=torch.float64, grad_fn=<MinBackward1>) tensor(53886.0509, dtype=torch.float64, grad_fn=<MaxBackward1>)
phi_y_vals vals:  tensor(2.7006e-22, dtype=torch.float64) tensor(4.7441, dtype=torch.float64)
Q vals:  tensor(-1.8983e-05, dtype=torch.float64, grad_fn=<MinBackward1>) tensor(4.0332e-06, dtype=torch.float64, grad_fn=<MaxBackward1>)
(belief) log_density is nan or inf.
f vals:  tensor(-654766.4656, dtype=torch.float64, grad_fn=<MinBackward1>) tensor(-0.0002, dtype=torch.float64, grad_fn=<MaxBackward1>)
g_y vals:  tensor(2.6590e-08, dtype=torch.float64) tensor(940.9332, dtype=torch.float64)
psi_y_vals vals:  tensor(0.0062, dtype=torch.float64, grad_fn=<MinBackward1>) tensor(58215.6978, dtype=torch.float64, grad_fn=<MaxBackward1>)
phi_y_vals vals:  tensor(1.4868e-21, dtype=torch.float64) tensor(2.6648, dtype=torch.float64)
Q vals:  tensor(-0.0002, dtype=torch.float64, grad_fn=<MinBackward1>) tensor(4.1024e-05, dtype=torch.float64, grad_fn=<MaxBackward1>)
(belief) log_density is nan or inf.
f vals:  tensor(-819265.7104, dtype=torch.float64, grad_fn=<MinBackward1>) tensor(-2.1646e-05, dtype=torch.float64, grad_fn=<MaxBackward1>)
g_y vals:  tensor(2.6590e-08, dtype=torch.float64) tensor(85.0738, dtype=torch.float64)
psi_y_vals vals:  tensor(0.0012, dtype=torch.float64, grad_fn=<MinBackward1>) tensor(58210.6216, dtype=torch.float64, grad_fn=<MaxBackward1>)
phi_y_vals vals:  tensor(3.8215e-22, dtype=torch.float64) tensor(4.7441, dtype=torch.float64)
Q vals:  tensor(-0.0002, dtype=torch.float64, grad_fn=<MinBackward1>) tensor(5.1336e-05, dtype=torch.float64, grad_fn=<MaxBackward1>)
(belief) log_density is nan or inf.
f vals:  tensor(-507189.3877, dtype=torch.float64, grad_fn=<MinBackward1>) tensor(-0.0001, dtype=torch.float64, grad_fn=<MaxBackward1>)
g_y vals:  tensor(2.6590e-08, dtype=torch.float64) tensor(940.9332, dtype=torch.float64)
psi_y_vals vals:  tensor(0.0062, dtype=torch.float64, grad_fn=<MinBackward1>) tensor(53893.3656, dtype=torch.float64, grad_fn=<MaxBackward1>)
phi_y_vals vals:  tensor(2.7006e-22, dtype=torch.float64) tensor(4.7441, dtype=torch.float64)
Q vals:  tensor(-0.0002, dtype=torch.float64, grad_fn=<MinBackward1>) tensor(3.7030e-05, dtype=torch.float64, grad_fn=<MaxBackward1>)
(belief) log_density is nan or inf.
f vals:  tensor(-746486.9038, dtype=torch.float64, grad_fn=<MinBackward1>) tensor(-1.9909e-05, dtype=torch.float64, grad_fn=<MaxBackward1>)
g_y vals:  tensor(4.7704e-08, dtype=torch.float64) tensor(3.0570, dtype=torch.float64)
psi_y_vals vals:  tensor(0.0012, dtype=torch.float64, grad_fn=<MinBackward1>) tensor(58198.2922, dtype=torch.float64, grad_fn=<MaxBackward1>)
phi_y_vals vals:  tensor(1.4868e-21, dtype=torch.float64) tensor(1.1618, dtype=torch.float64)
Q vals:  tensor(-0.0002, dtype=torch.float64, grad_fn=<MinBackward1>) tensor(4.6788e-05, dtype=torch.float64, grad_fn=<MaxBackward1>)
(belief) log_density is nan or inf.
f vals:  tensor(-14437.3074, dtype=torch.float64, grad_fn=<MinBackward1>) tensor(-5.3206e-06, dtype=torch.float64, grad_fn=<MaxBackward1>)
g_y vals:  tensor(4.5889e-08, dtype=torch.float64) tensor(14.2038, dtype=torch.float64)
psi_y_vals vals:  tensor(0.0138, dtype=torch.float64, grad_fn=<MinBackward1>) tensor(53896.0093, dtype=torch.float64, grad_fn=<MaxBackward1>)
phi_y_vals vals:  tensor(2.7006e-22, dtype=torch.float64) tensor(4.7441, dtype=torch.float64)
Q vals:  tensor(-4.9620e-06, dtype=torch.float64, grad_fn=<MinBackward1>) tensor(1.0539e-06, dtype=torch.float64, grad_fn=<MaxBackward1>)
(belief) log_density is nan or inf.
f vals:  tensor(-322581.4290, dtype=torch.float64, grad_fn=<MinBackward1>) tensor(-8.6426e-06, dtype=torch.float64, grad_fn=<MaxBackward1>)
g_y vals:  tensor(2.6590e-08, dtype=torch.float64) tensor(940.9332, dtype=torch.float64)
psi_y_vals vals:  tensor(0.0012, dtype=torch.float64, grad_fn=<MinBackward1>) tensor(58192.0535, dtype=torch.float64, grad_fn=<MaxBackward1>)
phi_y_vals vals:  tensor(3.8215e-22, dtype=torch.float64) tensor(2.6648, dtype=torch.float64)
Q vals:  tensor(-9.5213e-05, dtype=torch.float64, grad_fn=<MinBackward1>) tensor(2.0222e-05, dtype=torch.float64, grad_fn=<MaxBackward1>)
Epoch 210: Avg: nan, NLL: nan, LDB: 0.0000, Reg: 1.1119, PSD: True, nPSD streak: 0/10, time: 0.527
(belief) log_density is nan or inf.
f vals:  tensor(-332969.7688, dtype=torch.float64, grad_fn=<MinBackward1>) tensor(-8.9392e-06, dtype=torch.float64, grad_fn=<MaxBackward1>)
g_y vals:  tensor(2.6590e-08, dtype=torch.float64) tensor(85.0738, dtype=torch.float64)
psi_y_vals vals:  tensor(0.0012, dtype=torch.float64, grad_fn=<MinBackward1>) tensor(58189.4103, dtype=torch.float64, grad_fn=<MaxBackward1>)
phi_y_vals vals:  tensor(2.7006e-22, dtype=torch.float64) tensor(4.7441, dtype=torch.float64)
Q vals:  tensor(-9.8288e-05, dtype=torch.float64, grad_fn=<MinBackward1>) tensor(2.0874e-05, dtype=torch.float64, grad_fn=<MaxBackward1>)
(belief) log_density is nan or inf.
f vals:  tensor(-285508.8643, dtype=torch.float64, grad_fn=<MinBackward1>) tensor(-8.7304e-05, dtype=torch.float64, grad_fn=<MaxBackward1>)
g_y vals:  tensor(5.1137e-08, dtype=torch.float64) tensor(940.9332, dtype=torch.float64)
psi_y_vals vals:  tensor(0.0062, dtype=torch.float64, grad_fn=<MinBackward1>) tensor(52214.5732, dtype=torch.float64, grad_fn=<MaxBackward1>)
phi_y_vals vals:  tensor(3.8215e-22, dtype=torch.float64) tensor(2.6648, dtype=torch.float64)
Q vals:  tensor(-0.0001, dtype=torch.float64, grad_fn=<MinBackward1>) tensor(2.2232e-05, dtype=torch.float64, grad_fn=<MaxBackward1>)
(belief) log_density is nan or inf.
f vals:  tensor(-795476.0189, dtype=torch.float64, grad_fn=<MinBackward1>) tensor(-2.1432e-05, dtype=torch.float64, grad_fn=<MaxBackward1>)
g_y vals:  tensor(2.6590e-08, dtype=torch.float64) tensor(85.0738, dtype=torch.float64)
psi_y_vals vals:  tensor(0.0012, dtype=torch.float64, grad_fn=<MinBackward1>) tensor(58184.9314, dtype=torch.float64, grad_fn=<MaxBackward1>)
phi_y_vals vals:  tensor(2.7006e-22, dtype=torch.float64) tensor(4.7441, dtype=torch.float64)
Q vals:  tensor(-0.0002, dtype=torch.float64, grad_fn=<MinBackward1>) tensor(4.9873e-05, dtype=torch.float64, grad_fn=<MaxBackward1>)
(belief) log_density is nan or inf.
f vals:  tensor(-1137958.7136, dtype=torch.float64, grad_fn=<MinBackward1>) tensor(-0.0005, dtype=torch.float64, grad_fn=<MaxBackward1>)
g_y vals:  tensor(5.3436e-08, dtype=torch.float64) tensor(940.9332, dtype=torch.float64)
psi_y_vals vals:  tensor(0.0138, dtype=torch.float64, grad_fn=<MinBackward1>) tensor(53900.6562, dtype=torch.float64, grad_fn=<MaxBackward1>)
phi_y_vals vals:  tensor(3.8215e-22, dtype=torch.float64) tensor(2.6648, dtype=torch.float64)
Q vals:  tensor(-0.0004, dtype=torch.float64, grad_fn=<MinBackward1>) tensor(8.3040e-05, dtype=torch.float64, grad_fn=<MaxBackward1>)
(belief) log_density is nan or inf.
f vals:  tensor(-4325453.2392, dtype=torch.float64, grad_fn=<MinBackward1>) tensor(-0.0014, dtype=torch.float64, grad_fn=<MaxBackward1>)
g_y vals:  tensor(4.7704e-08, dtype=torch.float64) tensor(940.9332, dtype=torch.float64)
psi_y_vals vals:  tensor(0.0139, dtype=torch.float64, grad_fn=<MinBackward1>) tensor(58181.3738, dtype=torch.float64, grad_fn=<MaxBackward1>)
phi_y_vals vals:  tensor(2.7006e-22, dtype=torch.float64) tensor(2.6648, dtype=torch.float64)
Q vals:  tensor(-0.0013, dtype=torch.float64, grad_fn=<MinBackward1>) tensor(0.0003, dtype=torch.float64, grad_fn=<MaxBackward1>)
(belief) log_density is nan or inf.
f vals:  tensor(-1715748.1996, dtype=torch.float64, grad_fn=<MinBackward1>) tensor(-5.7678e-05, dtype=torch.float64, grad_fn=<MaxBackward1>)
g_y vals:  tensor(2.6590e-08, dtype=torch.float64) tensor(85.0738, dtype=torch.float64)
psi_y_vals vals:  tensor(0.0012, dtype=torch.float64, grad_fn=<MinBackward1>) tensor(52200.5983, dtype=torch.float64, grad_fn=<MaxBackward1>)
phi_y_vals vals:  tensor(6.4912e-21, dtype=torch.float64) tensor(4.7441, dtype=torch.float64)
Q vals:  tensor(-0.0006, dtype=torch.float64, grad_fn=<MinBackward1>) tensor(0.0001, dtype=torch.float64, grad_fn=<MaxBackward1>)
(belief) log_density is nan or inf.
f vals:  tensor(-1290679.0666, dtype=torch.float64, grad_fn=<MinBackward1>) tensor(-4.3446e-05, dtype=torch.float64, grad_fn=<MaxBackward1>)
g_y vals:  tensor(4.5889e-08, dtype=torch.float64) tensor(940.9332, dtype=torch.float64)
psi_y_vals vals:  tensor(0.0012, dtype=torch.float64, grad_fn=<MinBackward1>) tensor(52198.0237, dtype=torch.float64, grad_fn=<MaxBackward1>)
phi_y_vals vals:  tensor(3.8215e-22, dtype=torch.float64) tensor(2.6648, dtype=torch.float64)
Q vals:  tensor(-0.0005, dtype=torch.float64, grad_fn=<MinBackward1>) tensor(0.0001, dtype=torch.float64, grad_fn=<MaxBackward1>)
(belief) log_density is nan or inf.
f vals:  tensor(-1983387.6284, dtype=torch.float64, grad_fn=<MinBackward1>) tensor(-0.0006, dtype=torch.float64, grad_fn=<MaxBackward1>)
g_y vals:  tensor(2.6590e-08, dtype=torch.float64) tensor(19.6968, dtype=torch.float64)
psi_y_vals vals:  tensor(0.0106, dtype=torch.float64, grad_fn=<MinBackward1>) tensor(58177.4407, dtype=torch.float64, grad_fn=<MaxBackward1>)
phi_y_vals vals:  tensor(2.7006e-22, dtype=torch.float64) tensor(4.7441, dtype=torch.float64)
Q vals:  tensor(-0.0006, dtype=torch.float64, grad_fn=<MinBackward1>) tensor(0.0001, dtype=torch.float64, grad_fn=<MaxBackward1>)
(belief) log_density is nan or inf.
f vals:  tensor(-791622.7104, dtype=torch.float64, grad_fn=<MinBackward1>) tensor(-0.0004, dtype=torch.float64, grad_fn=<MaxBackward1>)
g_y vals:  tensor(4.5889e-08, dtype=torch.float64) tensor(940.9332, dtype=torch.float64)
psi_y_vals vals:  tensor(0.0138, dtype=torch.float64, grad_fn=<MinBackward1>) tensor(48615.3940, dtype=torch.float64, grad_fn=<MaxBackward1>)
phi_y_vals vals:  tensor(2.7006e-22, dtype=torch.float64) tensor(2.6648, dtype=torch.float64)
Q vals:  tensor(-0.0003, dtype=torch.float64, grad_fn=<MinBackward1>) tensor(7.1097e-05, dtype=torch.float64, grad_fn=<MaxBackward1>)
(belief) log_density is nan or inf.
f vals:  tensor(-5681325.1833, dtype=torch.float64, grad_fn=<MinBackward1>) tensor(-0.0002, dtype=torch.float64, grad_fn=<MaxBackward1>)
g_y vals:  tensor(2.6590e-08, dtype=torch.float64) tensor(85.0738, dtype=torch.float64)
psi_y_vals vals:  tensor(0.0012, dtype=torch.float64, grad_fn=<MinBackward1>) tensor(58175.5564, dtype=torch.float64, grad_fn=<MaxBackward1>)
phi_y_vals vals:  tensor(3.8215e-22, dtype=torch.float64) tensor(4.7441, dtype=torch.float64)
Q vals:  tensor(-0.0017, dtype=torch.float64, grad_fn=<MinBackward1>) tensor(0.0004, dtype=torch.float64, grad_fn=<MaxBackward1>)
(belief) log_density is nan or inf.
f vals:  tensor(-5155817.6870, dtype=torch.float64, grad_fn=<MinBackward1>) tensor(-0.0016, dtype=torch.float64, grad_fn=<MaxBackward1>)
g_y vals:  tensor(2.6590e-08, dtype=torch.float64) tensor(14.2038, dtype=torch.float64)
psi_y_vals vals:  tensor(0.0106, dtype=torch.float64, grad_fn=<MinBackward1>) tensor(58174.7977, dtype=torch.float64, grad_fn=<MaxBackward1>)
phi_y_vals vals:  tensor(3.5108e-21, dtype=torch.float64) tensor(4.7441, dtype=torch.float64)
Q vals:  tensor(-0.0015, dtype=torch.float64, grad_fn=<MinBackward1>) tensor(0.0003, dtype=torch.float64, grad_fn=<MaxBackward1>)
(belief) log_density is nan or inf.
f vals:  tensor(-1207270.1103, dtype=torch.float64, grad_fn=<MinBackward1>) tensor(-3.8177e-05, dtype=torch.float64, grad_fn=<MaxBackward1>)
g_y vals:  tensor(4.5889e-08, dtype=torch.float64) tensor(940.9332, dtype=torch.float64)
psi_y_vals vals:  tensor(0.0012, dtype=torch.float64, grad_fn=<MinBackward1>) tensor(53904.5312, dtype=torch.float64, grad_fn=<MaxBackward1>)
phi_y_vals vals:  tensor(2.7006e-22, dtype=torch.float64) tensor(2.6648, dtype=torch.float64)
Q vals:  tensor(-0.0004, dtype=torch.float64, grad_fn=<MinBackward1>) tensor(8.8074e-05, dtype=torch.float64, grad_fn=<MaxBackward1>)
(belief) log_density is nan or inf.
f vals:  tensor(-1546101.6618, dtype=torch.float64, grad_fn=<MinBackward1>) tensor(-0.0008, dtype=torch.float64, grad_fn=<MaxBackward1>)
g_y vals:  tensor(4.5889e-08, dtype=torch.float64) tensor(940.9332, dtype=torch.float64)
psi_y_vals vals:  tensor(0.0106, dtype=torch.float64, grad_fn=<MinBackward1>) tensor(53904.8217, dtype=torch.float64, grad_fn=<MaxBackward1>)
phi_y_vals vals:  tensor(2.7006e-22, dtype=torch.float64) tensor(2.6648, dtype=torch.float64)
Q vals:  tensor(-0.0005, dtype=torch.float64, grad_fn=<MinBackward1>) tensor(0.0001, dtype=torch.float64, grad_fn=<MaxBackward1>)
(belief) log_density is nan or inf.
f vals:  tensor(-1689345.9934, dtype=torch.float64, grad_fn=<MinBackward1>) tensor(-4.5933e-05, dtype=torch.float64, grad_fn=<MaxBackward1>)
g_y vals:  tensor(2.6590e-08, dtype=torch.float64) tensor(26.6287, dtype=torch.float64)
psi_y_vals vals:  tensor(0.0012, dtype=torch.float64, grad_fn=<MinBackward1>) tensor(58173.1219, dtype=torch.float64, grad_fn=<MaxBackward1>)
phi_y_vals vals:  tensor(3.5108e-21, dtype=torch.float64) tensor(4.7441, dtype=torch.float64)
Q vals:  tensor(-0.0005, dtype=torch.float64, grad_fn=<MinBackward1>) tensor(0.0001, dtype=torch.float64, grad_fn=<MaxBackward1>)
(belief) log_density is nan or inf.
f vals:  tensor(-4881204.8032, dtype=torch.float64, grad_fn=<MinBackward1>) tensor(-0.0015, dtype=torch.float64, grad_fn=<MaxBackward1>)
g_y vals:  tensor(2.6590e-08, dtype=torch.float64) tensor(940.9332, dtype=torch.float64)
psi_y_vals vals:  tensor(0.0139, dtype=torch.float64, grad_fn=<MinBackward1>) tensor(58172.7175, dtype=torch.float64, grad_fn=<MaxBackward1>)
phi_y_vals vals:  tensor(3.8215e-22, dtype=torch.float64) tensor(4.7441, dtype=torch.float64)
Q vals:  tensor(-0.0014, dtype=torch.float64, grad_fn=<MinBackward1>) tensor(0.0003, dtype=torch.float64, grad_fn=<MaxBackward1>)
(belief) log_density is nan or inf.
f vals:  tensor(-1872910.1084, dtype=torch.float64, grad_fn=<MinBackward1>) tensor(-5.9246e-05, dtype=torch.float64, grad_fn=<MaxBackward1>)
g_y vals:  tensor(5.1137e-08, dtype=torch.float64) tensor(26.6287, dtype=torch.float64)
psi_y_vals vals:  tensor(0.0012, dtype=torch.float64, grad_fn=<MinBackward1>) tensor(53905.5278, dtype=torch.float64, grad_fn=<MaxBackward1>)
phi_y_vals vals:  tensor(2.7006e-22, dtype=torch.float64) tensor(1.8966, dtype=torch.float64)
Q vals:  tensor(-0.0006, dtype=torch.float64, grad_fn=<MinBackward1>) tensor(0.0001, dtype=torch.float64, grad_fn=<MaxBackward1>)
(belief) log_density is nan or inf.
f vals:  tensor(-1057027.3946, dtype=torch.float64, grad_fn=<MinBackward1>) tensor(-0.0005, dtype=torch.float64, grad_fn=<MaxBackward1>)
g_y vals:  tensor(4.5889e-08, dtype=torch.float64) tensor(940.9332, dtype=torch.float64)
psi_y_vals vals:  tensor(0.0105, dtype=torch.float64, grad_fn=<MinBackward1>) tensor(49047.5899, dtype=torch.float64, grad_fn=<MaxBackward1>)
phi_y_vals vals:  tensor(3.8215e-22, dtype=torch.float64) tensor(4.7441, dtype=torch.float64)
Q vals:  tensor(-0.0004, dtype=torch.float64, grad_fn=<MinBackward1>) tensor(9.3250e-05, dtype=torch.float64, grad_fn=<MaxBackward1>)
(belief) log_density is nan or inf.
f vals:  tensor(-1803608.9318, dtype=torch.float64, grad_fn=<MinBackward1>) tensor(-4.9048e-05, dtype=torch.float64, grad_fn=<MaxBackward1>)
g_y vals:  tensor(2.6590e-08, dtype=torch.float64) tensor(85.0738, dtype=torch.float64)
psi_y_vals vals:  tensor(0.0012, dtype=torch.float64, grad_fn=<MinBackward1>) tensor(58171.9096, dtype=torch.float64, grad_fn=<MaxBackward1>)
phi_y_vals vals:  tensor(2.7006e-22, dtype=torch.float64) tensor(1.8966, dtype=torch.float64)
Q vals:  tensor(-0.0005, dtype=torch.float64, grad_fn=<MinBackward1>) tensor(0.0001, dtype=torch.float64, grad_fn=<MaxBackward1>)
(belief) log_density is nan or inf.
f vals:  tensor(-1249284.3200, dtype=torch.float64, grad_fn=<MinBackward1>) tensor(-0.0004, dtype=torch.float64, grad_fn=<MaxBackward1>)
g_y vals:  tensor(2.6590e-08, dtype=torch.float64) tensor(940.9332, dtype=torch.float64)
psi_y_vals vals:  tensor(0.0062, dtype=torch.float64, grad_fn=<MinBackward1>) tensor(52183.7611, dtype=torch.float64, grad_fn=<MaxBackward1>)
phi_y_vals vals:  tensor(2.7006e-22, dtype=torch.float64) tensor(4.7441, dtype=torch.float64)
Q vals:  tensor(-0.0005, dtype=torch.float64, grad_fn=<MinBackward1>) tensor(9.7373e-05, dtype=torch.float64, grad_fn=<MaxBackward1>)
(belief) log_density is nan or inf.
f vals:  tensor(-1769240.4464, dtype=torch.float64, grad_fn=<MinBackward1>) tensor(-4.8111e-05, dtype=torch.float64, grad_fn=<MaxBackward1>)
g_y vals:  tensor(4.5889e-08, dtype=torch.float64) tensor(85.0738, dtype=torch.float64)
psi_y_vals vals:  tensor(0.0012, dtype=torch.float64, grad_fn=<MinBackward1>) tensor(58171.6075, dtype=torch.float64, grad_fn=<MaxBackward1>)
phi_y_vals vals:  tensor(6.4912e-21, dtype=torch.float64) tensor(1.8966, dtype=torch.float64)
Q vals:  tensor(-0.0005, dtype=torch.float64, grad_fn=<MinBackward1>) tensor(0.0001, dtype=torch.float64, grad_fn=<MaxBackward1>)
Epoch 220: Avg: nan, NLL: nan, LDB: 0.0000, Reg: 1.1119, PSD: True, nPSD streak: 0/10, time: 0.530
(belief) log_density is nan or inf.
f vals:  tensor(-1781681.2295, dtype=torch.float64, grad_fn=<MinBackward1>) tensor(-0.0006, dtype=torch.float64, grad_fn=<MaxBackward1>)
g_y vals:  tensor(4.7704e-08, dtype=torch.float64) tensor(940.9332, dtype=torch.float64)
psi_y_vals vals:  tensor(0.0138, dtype=torch.float64, grad_fn=<MinBackward1>) tensor(58171.4271, dtype=torch.float64, grad_fn=<MaxBackward1>)
phi_y_vals vals:  tensor(1.4868e-21, dtype=torch.float64) tensor(4.7441, dtype=torch.float64)
Q vals:  tensor(-0.0005, dtype=torch.float64, grad_fn=<MinBackward1>) tensor(0.0001, dtype=torch.float64, grad_fn=<MaxBackward1>)
(belief) log_density is nan or inf.
f vals:  tensor(-1467940.8472, dtype=torch.float64, grad_fn=<MinBackward1>) tensor(-0.0006, dtype=torch.float64, grad_fn=<MaxBackward1>)
g_y vals:  tensor(4.5889e-08, dtype=torch.float64) tensor(940.9332, dtype=torch.float64)
psi_y_vals vals:  tensor(0.0105, dtype=torch.float64, grad_fn=<MinBackward1>) tensor(49046.6539, dtype=torch.float64, grad_fn=<MaxBackward1>)
phi_y_vals vals:  tensor(2.7006e-22, dtype=torch.float64) tensor(4.7441, dtype=torch.float64)
Q vals:  tensor(-0.0006, dtype=torch.float64, grad_fn=<MinBackward1>) tensor(0.0001, dtype=torch.float64, grad_fn=<MaxBackward1>)
(belief) log_density is nan or inf.
f vals:  tensor(-2438037.1344, dtype=torch.float64, grad_fn=<MinBackward1>) tensor(-6.6258e-05, dtype=torch.float64, grad_fn=<MaxBackward1>)
g_y vals:  tensor(2.6590e-08, dtype=torch.float64) tensor(19.6968, dtype=torch.float64)
psi_y_vals vals:  tensor(0.0012, dtype=torch.float64, grad_fn=<MinBackward1>) tensor(58171.3534, dtype=torch.float64, grad_fn=<MaxBackward1>)
phi_y_vals vals:  tensor(1.4868e-21, dtype=torch.float64) tensor(1.8966, dtype=torch.float64)
Q vals:  tensor(-0.0007, dtype=torch.float64, grad_fn=<MinBackward1>) tensor(0.0002, dtype=torch.float64, grad_fn=<MaxBackward1>)
(belief) log_density is nan or inf.
f vals:  tensor(-1524041.5143, dtype=torch.float64, grad_fn=<MinBackward1>) tensor(-0.0005, dtype=torch.float64, grad_fn=<MaxBackward1>)
g_y vals:  tensor(4.5889e-08, dtype=torch.float64) tensor(940.9332, dtype=torch.float64)
psi_y_vals vals:  tensor(0.0138, dtype=torch.float64, grad_fn=<MinBackward1>) tensor(58171.3627, dtype=torch.float64, grad_fn=<MaxBackward1>)
phi_y_vals vals:  tensor(5.2553e-20, dtype=torch.float64) tensor(4.7441, dtype=torch.float64)
Q vals:  tensor(-0.0005, dtype=torch.float64, grad_fn=<MinBackward1>) tensor(9.5574e-05, dtype=torch.float64, grad_fn=<MaxBackward1>)
(belief) log_density is nan or inf.
f vals:  tensor(-1749390.6867, dtype=torch.float64, grad_fn=<MinBackward1>) tensor(-5.5283e-05, dtype=torch.float64, grad_fn=<MaxBackward1>)
g_y vals:  tensor(2.6590e-08, dtype=torch.float64) tensor(85.0738, dtype=torch.float64)
psi_y_vals vals:  tensor(0.0012, dtype=torch.float64, grad_fn=<MinBackward1>) tensor(53906.8634, dtype=torch.float64, grad_fn=<MaxBackward1>)
phi_y_vals vals:  tensor(2.7006e-22, dtype=torch.float64) tensor(1.8966, dtype=torch.float64)
Q vals:  tensor(-0.0006, dtype=torch.float64, grad_fn=<MinBackward1>) tensor(0.0001, dtype=torch.float64, grad_fn=<MaxBackward1>)
(belief) log_density is nan or inf.
f vals:  tensor(-2266475.0291, dtype=torch.float64, grad_fn=<MinBackward1>) tensor(-0.0006, dtype=torch.float64, grad_fn=<MaxBackward1>)
g_y vals:  tensor(2.6590e-08, dtype=torch.float64) tensor(85.0738, dtype=torch.float64)
psi_y_vals vals:  tensor(0.0062, dtype=torch.float64, grad_fn=<MinBackward1>) tensor(58171.4590, dtype=torch.float64, grad_fn=<MaxBackward1>)
phi_y_vals vals:  tensor(3.8215e-22, dtype=torch.float64) tensor(4.7441, dtype=torch.float64)
Q vals:  tensor(-0.0007, dtype=torch.float64, grad_fn=<MinBackward1>) tensor(0.0001, dtype=torch.float64, grad_fn=<MaxBackward1>)
(belief) log_density is nan or inf.
f vals:  tensor(-1892347.4128, dtype=torch.float64, grad_fn=<MinBackward1>) tensor(-6.3887e-05, dtype=torch.float64, grad_fn=<MaxBackward1>)
g_y vals:  tensor(4.5889e-08, dtype=torch.float64) tensor(940.9332, dtype=torch.float64)
psi_y_vals vals:  tensor(0.0012, dtype=torch.float64, grad_fn=<MinBackward1>) tensor(52182.4078, dtype=torch.float64, grad_fn=<MaxBackward1>)
phi_y_vals vals:  tensor(2.7006e-22, dtype=torch.float64) tensor(2.6648, dtype=torch.float64)
Q vals:  tensor(-0.0007, dtype=torch.float64, grad_fn=<MinBackward1>) tensor(0.0001, dtype=torch.float64, grad_fn=<MaxBackward1>)
(belief) log_density is nan or inf.
f vals:  tensor(-1961015.0046, dtype=torch.float64, grad_fn=<MinBackward1>) tensor(-6.6198e-05, dtype=torch.float64, grad_fn=<MaxBackward1>)
g_y vals:  tensor(5.1137e-08, dtype=torch.float64) tensor(85.0738, dtype=torch.float64)
psi_y_vals vals:  tensor(0.0012, dtype=torch.float64, grad_fn=<MinBackward1>) tensor(52182.4889, dtype=torch.float64, grad_fn=<MaxBackward1>)
phi_y_vals vals:  tensor(2.7006e-22, dtype=torch.float64) tensor(1.8966, dtype=torch.float64)
Q vals:  tensor(-0.0007, dtype=torch.float64, grad_fn=<MinBackward1>) tensor(0.0002, dtype=torch.float64, grad_fn=<MaxBackward1>)
(belief) log_density is nan or inf.
f vals:  tensor(-2383235.4393, dtype=torch.float64, grad_fn=<MinBackward1>) tensor(-0.0007, dtype=torch.float64, grad_fn=<MaxBackward1>)
g_y vals:  tensor(2.6590e-08, dtype=torch.float64) tensor(940.9332, dtype=torch.float64)
psi_y_vals vals:  tensor(0.0105, dtype=torch.float64, grad_fn=<MinBackward1>) tensor(58171.7495, dtype=torch.float64, grad_fn=<MaxBackward1>)
phi_y_vals vals:  tensor(4.3226e-21, dtype=torch.float64) tensor(4.7441, dtype=torch.float64)
Q vals:  tensor(-0.0007, dtype=torch.float64, grad_fn=<MinBackward1>) tensor(0.0001, dtype=torch.float64, grad_fn=<MaxBackward1>)
(belief) log_density is nan or inf.
f vals:  tensor(-1616274.8996, dtype=torch.float64, grad_fn=<MinBackward1>) tensor(-0.0006, dtype=torch.float64, grad_fn=<MaxBackward1>)
g_y vals:  tensor(2.6590e-08, dtype=torch.float64) tensor(85.0738, dtype=torch.float64)
psi_y_vals vals:  tensor(0.0062, dtype=torch.float64, grad_fn=<MinBackward1>) tensor(47790.4977, dtype=torch.float64, grad_fn=<MaxBackward1>)
phi_y_vals vals:  tensor(3.8215e-22, dtype=torch.float64) tensor(4.7441, dtype=torch.float64)
Q vals:  tensor(-0.0007, dtype=torch.float64, grad_fn=<MinBackward1>) tensor(0.0002, dtype=torch.float64, grad_fn=<MaxBackward1>)
(belief) log_density is nan or inf.
f vals:  tensor(-2361448.4706, dtype=torch.float64, grad_fn=<MinBackward1>) tensor(-6.4122e-05, dtype=torch.float64, grad_fn=<MaxBackward1>)
g_y vals:  tensor(4.5889e-08, dtype=torch.float64) tensor(940.9332, dtype=torch.float64)
psi_y_vals vals:  tensor(0.0012, dtype=torch.float64, grad_fn=<MinBackward1>) tensor(58172.0356, dtype=torch.float64, grad_fn=<MaxBackward1>)
phi_y_vals vals:  tensor(2.7006e-22, dtype=torch.float64) tensor(2.6648, dtype=torch.float64)
Q vals:  tensor(-0.0007, dtype=torch.float64, grad_fn=<MinBackward1>) tensor(0.0001, dtype=torch.float64, grad_fn=<MaxBackward1>)
(belief) log_density is nan or inf.
f vals:  tensor(-2950500.4891, dtype=torch.float64, grad_fn=<MinBackward1>) tensor(-8.0113e-05, dtype=torch.float64, grad_fn=<MaxBackward1>)
g_y vals:  tensor(5.1431e-08, dtype=torch.float64) tensor(85.0738, dtype=torch.float64)
psi_y_vals vals:  tensor(0.0012, dtype=torch.float64, grad_fn=<MinBackward1>) tensor(58172.2024, dtype=torch.float64, grad_fn=<MaxBackward1>)
phi_y_vals vals:  tensor(3.5108e-21, dtype=torch.float64) tensor(4.7441, dtype=torch.float64)
Q vals:  tensor(-0.0009, dtype=torch.float64, grad_fn=<MinBackward1>) tensor(0.0002, dtype=torch.float64, grad_fn=<MaxBackward1>)
(belief) log_density is nan or inf.
f vals:  tensor(-1998873.0705, dtype=torch.float64, grad_fn=<MinBackward1>) tensor(-0.0011, dtype=torch.float64, grad_fn=<MaxBackward1>)
g_y vals:  tensor(2.6590e-08, dtype=torch.float64) tensor(940.9332, dtype=torch.float64)
psi_y_vals vals:  tensor(0.0138, dtype=torch.float64, grad_fn=<MinBackward1>) tensor(52183.3781, dtype=torch.float64, grad_fn=<MaxBackward1>)
phi_y_vals vals:  tensor(2.7006e-22, dtype=torch.float64) tensor(2.6648, dtype=torch.float64)
Q vals:  tensor(-0.0007, dtype=torch.float64, grad_fn=<MinBackward1>) tensor(0.0002, dtype=torch.float64, grad_fn=<MaxBackward1>)
(belief) log_density is nan or inf.
f vals:  tensor(-2012617.8276, dtype=torch.float64, grad_fn=<MinBackward1>) tensor(-6.7927e-05, dtype=torch.float64, grad_fn=<MaxBackward1>)
g_y vals:  tensor(2.6590e-08, dtype=torch.float64) tensor(940.9332, dtype=torch.float64)
psi_y_vals vals:  tensor(0.0012, dtype=torch.float64, grad_fn=<MinBackward1>) tensor(52183.6326, dtype=torch.float64, grad_fn=<MaxBackward1>)
phi_y_vals vals:  tensor(2.7006e-22, dtype=torch.float64) tensor(4.7441, dtype=torch.float64)
Q vals:  tensor(-0.0007, dtype=torch.float64, grad_fn=<MinBackward1>) tensor(0.0002, dtype=torch.float64, grad_fn=<MaxBackward1>)
(belief) log_density is nan or inf.
f vals:  tensor(-2483958.7630, dtype=torch.float64, grad_fn=<MinBackward1>) tensor(-0.0008, dtype=torch.float64, grad_fn=<MaxBackward1>)
g_y vals:  tensor(4.7704e-08, dtype=torch.float64) tensor(85.0738, dtype=torch.float64)
psi_y_vals vals:  tensor(0.0105, dtype=torch.float64, grad_fn=<MinBackward1>) tensor(58172.7728, dtype=torch.float64, grad_fn=<MaxBackward1>)
phi_y_vals vals:  tensor(1.4868e-21, dtype=torch.float64) tensor(1.8966, dtype=torch.float64)
Q vals:  tensor(-0.0007, dtype=torch.float64, grad_fn=<MinBackward1>) tensor(0.0002, dtype=torch.float64, grad_fn=<MaxBackward1>)
(belief) log_density is nan or inf.
f vals:  tensor(-2156917.3588, dtype=torch.float64, grad_fn=<MinBackward1>) tensor(-0.0010, dtype=torch.float64, grad_fn=<MaxBackward1>)
g_y vals:  tensor(4.5889e-08, dtype=torch.float64) tensor(14.2038, dtype=torch.float64)
psi_y_vals vals:  tensor(0.0105, dtype=torch.float64, grad_fn=<MinBackward1>) tensor(53907.3881, dtype=torch.float64, grad_fn=<MaxBackward1>)
phi_y_vals vals:  tensor(2.7006e-22, dtype=torch.float64) tensor(4.7441, dtype=torch.float64)
Q vals:  tensor(-0.0007, dtype=torch.float64, grad_fn=<MinBackward1>) tensor(0.0002, dtype=torch.float64, grad_fn=<MaxBackward1>)
(belief) log_density is nan or inf.
f vals:  tensor(-2200280.6120, dtype=torch.float64, grad_fn=<MinBackward1>) tensor(-5.9754e-05, dtype=torch.float64, grad_fn=<MaxBackward1>)
g_y vals:  tensor(2.6590e-08, dtype=torch.float64) tensor(940.9332, dtype=torch.float64)
psi_y_vals vals:  tensor(0.0012, dtype=torch.float64, grad_fn=<MinBackward1>) tensor(58173.2056, dtype=torch.float64, grad_fn=<MaxBackward1>)
phi_y_vals vals:  tensor(3.8215e-22, dtype=torch.float64) tensor(2.6648, dtype=torch.float64)
Q vals:  tensor(-0.0006, dtype=torch.float64, grad_fn=<MinBackward1>) tensor(0.0001, dtype=torch.float64, grad_fn=<MaxBackward1>)
(belief) log_density is nan or inf.
f vals:  tensor(-2220180.4711, dtype=torch.float64, grad_fn=<MinBackward1>) tensor(-7.0136e-05, dtype=torch.float64, grad_fn=<MaxBackward1>)
g_y vals:  tensor(2.6590e-08, dtype=torch.float64) tensor(940.9332, dtype=torch.float64)
psi_y_vals vals:  tensor(0.0012, dtype=torch.float64, grad_fn=<MinBackward1>) tensor(53907.4373, dtype=torch.float64, grad_fn=<MaxBackward1>)
phi_y_vals vals:  tensor(2.7006e-22, dtype=torch.float64) tensor(2.6648, dtype=torch.float64)
Q vals:  tensor(-0.0008, dtype=torch.float64, grad_fn=<MinBackward1>) tensor(0.0002, dtype=torch.float64, grad_fn=<MaxBackward1>)
(belief) log_density is nan or inf.
f vals:  tensor(-2637871.9694, dtype=torch.float64, grad_fn=<MinBackward1>) tensor(-0.0008, dtype=torch.float64, grad_fn=<MaxBackward1>)
g_y vals:  tensor(4.5889e-08, dtype=torch.float64) tensor(14.2038, dtype=torch.float64)
psi_y_vals vals:  tensor(0.0138, dtype=torch.float64, grad_fn=<MinBackward1>) tensor(58173.6757, dtype=torch.float64, grad_fn=<MaxBackward1>)
phi_y_vals vals:  tensor(3.8215e-22, dtype=torch.float64) tensor(4.7441, dtype=torch.float64)
Q vals:  tensor(-0.0008, dtype=torch.float64, grad_fn=<MinBackward1>) tensor(0.0002, dtype=torch.float64, grad_fn=<MaxBackward1>)
Epoch 230: Avg: nan, NLL: nan, LDB: 0.0000, Reg: 1.1120, PSD: True, nPSD streak: 0/10, time: 0.561
(belief) log_density is nan or inf.
f vals:  tensor(-3003140.6246, dtype=torch.float64, grad_fn=<MinBackward1>) tensor(-8.1570e-05, dtype=torch.float64, grad_fn=<MaxBackward1>)
g_y vals:  tensor(4.7704e-08, dtype=torch.float64) tensor(940.9332, dtype=torch.float64)
psi_y_vals vals:  tensor(0.0012, dtype=torch.float64, grad_fn=<MinBackward1>) tensor(58173.9185, dtype=torch.float64, grad_fn=<MaxBackward1>)
phi_y_vals vals:  tensor(1.4868e-21, dtype=torch.float64) tensor(4.7441, dtype=torch.float64)
Q vals:  tensor(-0.0009, dtype=torch.float64, grad_fn=<MinBackward1>) tensor(0.0002, dtype=torch.float64, grad_fn=<MaxBackward1>)
(belief) log_density is nan or inf.
f vals:  tensor(-2216789.8508, dtype=torch.float64, grad_fn=<MinBackward1>) tensor(-0.0010, dtype=torch.float64, grad_fn=<MaxBackward1>)
g_y vals:  tensor(2.6590e-08, dtype=torch.float64) tensor(26.6287, dtype=torch.float64)
psi_y_vals vals:  tensor(0.0145, dtype=torch.float64, grad_fn=<MinBackward1>) tensor(53907.4869, dtype=torch.float64, grad_fn=<MaxBackward1>)
phi_y_vals vals:  tensor(2.7006e-22, dtype=torch.float64) tensor(0.7939, dtype=torch.float64)
Q vals:  tensor(-0.0008, dtype=torch.float64, grad_fn=<MinBackward1>) tensor(0.0002, dtype=torch.float64, grad_fn=<MaxBackward1>)
(belief) log_density is nan or inf.
f vals:  tensor(-2451758.8989, dtype=torch.float64, grad_fn=<MinBackward1>) tensor(-0.0010, dtype=torch.float64, grad_fn=<MaxBackward1>)
g_y vals:  tensor(2.6590e-08, dtype=torch.float64) tensor(940.9332, dtype=torch.float64)
psi_y_vals vals:  tensor(0.0104, dtype=torch.float64, grad_fn=<MinBackward1>) tensor(58174.4225, dtype=torch.float64, grad_fn=<MaxBackward1>)
phi_y_vals vals:  tensor(2.7006e-22, dtype=torch.float64) tensor(2.6648, dtype=torch.float64)
Q vals:  tensor(-0.0007, dtype=torch.float64, grad_fn=<MinBackward1>) tensor(0.0002, dtype=torch.float64, grad_fn=<MaxBackward1>)
(belief) log_density is nan or inf.
f vals:  tensor(-2239566.9896, dtype=torch.float64, grad_fn=<MinBackward1>) tensor(-7.0768e-05, dtype=torch.float64, grad_fn=<MaxBackward1>)
g_y vals:  tensor(4.5889e-08, dtype=torch.float64) tensor(26.6287, dtype=torch.float64)
psi_y_vals vals:  tensor(0.0012, dtype=torch.float64, grad_fn=<MinBackward1>) tensor(53907.5182, dtype=torch.float64, grad_fn=<MaxBackward1>)
phi_y_vals vals:  tensor(4.3226e-21, dtype=torch.float64) tensor(4.7441, dtype=torch.float64)
Q vals:  tensor(-0.0008, dtype=torch.float64, grad_fn=<MinBackward1>) tensor(0.0002, dtype=torch.float64, grad_fn=<MaxBackward1>)
(belief) log_density is nan or inf.
f vals:  tensor(-2567523.8363, dtype=torch.float64, grad_fn=<MinBackward1>) tensor(-0.0006, dtype=torch.float64, grad_fn=<MaxBackward1>)
g_y vals:  tensor(2.6590e-08, dtype=torch.float64) tensor(940.9332, dtype=torch.float64)
psi_y_vals vals:  tensor(0.0062, dtype=torch.float64, grad_fn=<MinBackward1>) tensor(58174.9499, dtype=torch.float64, grad_fn=<MaxBackward1>)
phi_y_vals vals:  tensor(1.4868e-21, dtype=torch.float64) tensor(2.6648, dtype=torch.float64)
Q vals:  tensor(-0.0008, dtype=torch.float64, grad_fn=<MinBackward1>) tensor(0.0002, dtype=torch.float64, grad_fn=<MaxBackward1>)
(belief) log_density is nan or inf.
f vals:  tensor(-2087218.1526, dtype=torch.float64, grad_fn=<MinBackward1>) tensor(-7.0470e-05, dtype=torch.float64, grad_fn=<MaxBackward1>)
g_y vals:  tensor(5.1431e-08, dtype=torch.float64) tensor(26.6287, dtype=torch.float64)
psi_y_vals vals:  tensor(0.0012, dtype=torch.float64, grad_fn=<MinBackward1>) tensor(52187.4332, dtype=torch.float64, grad_fn=<MaxBackward1>)
phi_y_vals vals:  tensor(2.7006e-22, dtype=torch.float64) tensor(4.7441, dtype=torch.float64)
Q vals:  tensor(-0.0008, dtype=torch.float64, grad_fn=<MinBackward1>) tensor(0.0002, dtype=torch.float64, grad_fn=<MaxBackward1>)
(belief) log_density is nan or inf.
f vals:  tensor(-2258087.1370, dtype=torch.float64, grad_fn=<MinBackward1>) tensor(-0.0011, dtype=torch.float64, grad_fn=<MaxBackward1>)
g_y vals:  tensor(2.6590e-08, dtype=torch.float64) tensor(26.6287, dtype=torch.float64)
psi_y_vals vals:  tensor(0.0138, dtype=torch.float64, grad_fn=<MinBackward1>) tensor(53907.5623, dtype=torch.float64, grad_fn=<MaxBackward1>)
phi_y_vals vals:  tensor(2.7006e-22, dtype=torch.float64) tensor(4.7441, dtype=torch.float64)
Q vals:  tensor(-0.0008, dtype=torch.float64, grad_fn=<MinBackward1>) tensor(0.0002, dtype=torch.float64, grad_fn=<MaxBackward1>)
(belief) log_density is nan or inf.
f vals:  tensor(-2645008.5114, dtype=torch.float64, grad_fn=<MinBackward1>) tensor(-7.1856e-05, dtype=torch.float64, grad_fn=<MaxBackward1>)
g_y vals:  tensor(4.5889e-08, dtype=torch.float64) tensor(940.9332, dtype=torch.float64)
psi_y_vals vals:  tensor(0.0012, dtype=torch.float64, grad_fn=<MinBackward1>) tensor(58175.7771, dtype=torch.float64, grad_fn=<MaxBackward1>)
phi_y_vals vals:  tensor(3.8215e-22, dtype=torch.float64) tensor(2.6648, dtype=torch.float64)
Q vals:  tensor(-0.0008, dtype=torch.float64, grad_fn=<MinBackward1>) tensor(0.0002, dtype=torch.float64, grad_fn=<MaxBackward1>)
(belief) log_density is nan or inf.
f vals:  tensor(-2658884.4456, dtype=torch.float64, grad_fn=<MinBackward1>) tensor(-7.2234e-05, dtype=torch.float64, grad_fn=<MaxBackward1>)
g_y vals:  tensor(4.7704e-08, dtype=torch.float64) tensor(85.0738, dtype=torch.float64)
psi_y_vals vals:  tensor(0.0012, dtype=torch.float64, grad_fn=<MinBackward1>) tensor(58176.0615, dtype=torch.float64, grad_fn=<MaxBackward1>)
phi_y_vals vals:  tensor(2.7006e-22, dtype=torch.float64) tensor(4.7441, dtype=torch.float64)
Q vals:  tensor(-0.0008, dtype=torch.float64, grad_fn=<MinBackward1>) tensor(0.0002, dtype=torch.float64, grad_fn=<MaxBackward1>)
(belief) log_density is nan or inf.
f vals:  tensor(-2146807.3211, dtype=torch.float64, grad_fn=<MinBackward1>) tensor(-0.0007, dtype=torch.float64, grad_fn=<MaxBackward1>)
g_y vals:  tensor(2.6590e-08, dtype=torch.float64) tensor(940.9332, dtype=torch.float64)
psi_y_vals vals:  tensor(0.0062, dtype=torch.float64, grad_fn=<MinBackward1>) tensor(52189.1077, dtype=torch.float64, grad_fn=<MaxBackward1>)
phi_y_vals vals:  tensor(1.4868e-21, dtype=torch.float64) tensor(2.6648, dtype=torch.float64)
Q vals:  tensor(-0.0008, dtype=torch.float64, grad_fn=<MinBackward1>) tensor(0.0002, dtype=torch.float64, grad_fn=<MaxBackward1>)
(belief) log_density is nan or inf.
f vals:  tensor(-2321652.0658, dtype=torch.float64, grad_fn=<MinBackward1>) tensor(-7.3373e-05, dtype=torch.float64, grad_fn=<MaxBackward1>)
g_y vals:  tensor(4.5889e-08, dtype=torch.float64) tensor(85.0738, dtype=torch.float64)
psi_y_vals vals:  tensor(0.0012, dtype=torch.float64, grad_fn=<MinBackward1>) tensor(53907.6030, dtype=torch.float64, grad_fn=<MaxBackward1>)
phi_y_vals vals:  tensor(2.7006e-22, dtype=torch.float64) tensor(4.7441, dtype=torch.float64)
Q vals:  tensor(-0.0008, dtype=torch.float64, grad_fn=<MinBackward1>) tensor(0.0002, dtype=torch.float64, grad_fn=<MaxBackward1>)
(belief) log_density is nan or inf.
f vals:  tensor(-2806352.9844, dtype=torch.float64, grad_fn=<MinBackward1>) tensor(-0.0009, dtype=torch.float64, grad_fn=<MaxBackward1>)
g_y vals:  tensor(2.6590e-08, dtype=torch.float64) tensor(940.9332, dtype=torch.float64)
psi_y_vals vals:  tensor(0.0138, dtype=torch.float64, grad_fn=<MinBackward1>) tensor(58176.9251, dtype=torch.float64, grad_fn=<MaxBackward1>)
phi_y_vals vals:  tensor(3.8215e-22, dtype=torch.float64) tensor(2.6648, dtype=torch.float64)
Q vals:  tensor(-0.0008, dtype=torch.float64, grad_fn=<MinBackward1>) tensor(0.0002, dtype=torch.float64, grad_fn=<MaxBackward1>)
(belief) log_density is nan or inf.
f vals:  tensor(-2687470.8605, dtype=torch.float64, grad_fn=<MinBackward1>) tensor(-7.2993e-05, dtype=torch.float64, grad_fn=<MaxBackward1>)
g_y vals:  tensor(4.5889e-08, dtype=torch.float64) tensor(85.0738, dtype=torch.float64)
psi_y_vals vals:  tensor(0.0012, dtype=torch.float64, grad_fn=<MinBackward1>) tensor(58177.2201, dtype=torch.float64, grad_fn=<MaxBackward1>)
phi_y_vals vals:  tensor(2.7006e-22, dtype=torch.float64) tensor(1.2034, dtype=torch.float64)
Q vals:  tensor(-0.0008, dtype=torch.float64, grad_fn=<MinBackward1>) tensor(0.0002, dtype=torch.float64, grad_fn=<MaxBackward1>)
(belief) log_density is nan or inf.
f vals:  tensor(-1931994.0058, dtype=torch.float64, grad_fn=<MinBackward1>) tensor(-0.0009, dtype=torch.float64, grad_fn=<MaxBackward1>)
g_y vals:  tensor(2.6590e-08, dtype=torch.float64) tensor(940.9332, dtype=torch.float64)
psi_y_vals vals:  tensor(0.0139, dtype=torch.float64, grad_fn=<MinBackward1>) tensor(49054.9567, dtype=torch.float64, grad_fn=<MaxBackward1>)
phi_y_vals vals:  tensor(3.8215e-22, dtype=torch.float64) tensor(4.7441, dtype=torch.float64)
Q vals:  tensor(-0.0008, dtype=torch.float64, grad_fn=<MinBackward1>) tensor(0.0002, dtype=torch.float64, grad_fn=<MaxBackward1>)
(belief) log_density is nan or inf.
f vals:  tensor(-2689897.6283, dtype=torch.float64, grad_fn=<MinBackward1>) tensor(-0.0051, dtype=torch.float64, grad_fn=<MaxBackward1>)
g_y vals:  tensor(2.6590e-08, dtype=torch.float64) tensor(940.9332, dtype=torch.float64)
psi_y_vals vals:  tensor(0.0104, dtype=torch.float64, grad_fn=<MinBackward1>) tensor(58177.8100, dtype=torch.float64, grad_fn=<MaxBackward1>)
phi_y_vals vals:  tensor(2.7006e-22, dtype=torch.float64) tensor(4.7441, dtype=torch.float64)
Q vals:  tensor(-0.0008, dtype=torch.float64, grad_fn=<MinBackward1>) tensor(0.0002, dtype=torch.float64, grad_fn=<MaxBackward1>)
(belief) log_density is nan or inf.
f vals:  tensor(-2323776.6899, dtype=torch.float64, grad_fn=<MinBackward1>) tensor(-7.3385e-05, dtype=torch.float64, grad_fn=<MaxBackward1>)
g_y vals:  tensor(4.7704e-08, dtype=torch.float64) tensor(19.6968, dtype=torch.float64)
psi_y_vals vals:  tensor(0.0012, dtype=torch.float64, grad_fn=<MinBackward1>) tensor(53907.6427, dtype=torch.float64, grad_fn=<MaxBackward1>)
phi_y_vals vals:  tensor(3.8215e-22, dtype=torch.float64) tensor(1.8966, dtype=torch.float64)
Q vals:  tensor(-0.0008, dtype=torch.float64, grad_fn=<MinBackward1>) tensor(0.0002, dtype=torch.float64, grad_fn=<MaxBackward1>)
(belief) log_density is nan or inf.
f vals:  tensor(-2284535.5124, dtype=torch.float64, grad_fn=<MinBackward1>) tensor(-0.0006, dtype=torch.float64, grad_fn=<MaxBackward1>)
g_y vals:  tensor(4.7704e-08, dtype=torch.float64) tensor(940.9332, dtype=torch.float64)
psi_y_vals vals:  tensor(0.0062, dtype=torch.float64, grad_fn=<MinBackward1>) tensor(53907.6495, dtype=torch.float64, grad_fn=<MaxBackward1>)
phi_y_vals vals:  tensor(3.8215e-22, dtype=torch.float64) tensor(4.7441, dtype=torch.float64)
Q vals:  tensor(-0.0008, dtype=torch.float64, grad_fn=<MinBackward1>) tensor(0.0002, dtype=torch.float64, grad_fn=<MaxBackward1>)
(belief) log_density is nan or inf.
f vals:  tensor(-2688475.3013, dtype=torch.float64, grad_fn=<MinBackward1>) tensor(-7.2958e-05, dtype=torch.float64, grad_fn=<MaxBackward1>)
g_y vals:  tensor(2.6590e-08, dtype=torch.float64) tensor(26.6287, dtype=torch.float64)
psi_y_vals vals:  tensor(0.0012, dtype=torch.float64, grad_fn=<MinBackward1>) tensor(58178.7249, dtype=torch.float64, grad_fn=<MaxBackward1>)
phi_y_vals vals:  tensor(2.7006e-22, dtype=torch.float64) tensor(1.8966, dtype=torch.float64)
Q vals:  tensor(-0.0008, dtype=torch.float64, grad_fn=<MinBackward1>) tensor(0.0002, dtype=torch.float64, grad_fn=<MaxBackward1>)
(belief) log_density is nan or inf.
f vals:  tensor(-2641996.8576, dtype=torch.float64, grad_fn=<MinBackward1>) tensor(-7.1687e-05, dtype=torch.float64, grad_fn=<MaxBackward1>)
g_y vals:  tensor(2.6590e-08, dtype=torch.float64) tensor(26.6287, dtype=torch.float64)
psi_y_vals vals:  tensor(0.0012, dtype=torch.float64, grad_fn=<MinBackward1>) tensor(58179.0285, dtype=torch.float64, grad_fn=<MaxBackward1>)
phi_y_vals vals:  tensor(2.7006e-22, dtype=torch.float64) tensor(4.7441, dtype=torch.float64)
Q vals:  tensor(-0.0008, dtype=torch.float64, grad_fn=<MinBackward1>) tensor(0.0002, dtype=torch.float64, grad_fn=<MaxBackward1>)
(belief) log_density is nan or inf.
f vals:  tensor(-3084411.1332, dtype=torch.float64, grad_fn=<MinBackward1>) tensor(-0.0011, dtype=torch.float64, grad_fn=<MaxBackward1>)
g_y vals:  tensor(4.5889e-08, dtype=torch.float64) tensor(940.9332, dtype=torch.float64)
psi_y_vals vals:  tensor(0.0104, dtype=torch.float64, grad_fn=<MinBackward1>) tensor(53907.6861, dtype=torch.float64, grad_fn=<MaxBackward1>)
phi_y_vals vals:  tensor(3.8215e-22, dtype=torch.float64) tensor(2.6648, dtype=torch.float64)
Q vals:  tensor(-0.0011, dtype=torch.float64, grad_fn=<MinBackward1>) tensor(0.0002, dtype=torch.float64, grad_fn=<MaxBackward1>)
Epoch 240: Avg: nan, NLL: nan, LDB: 0.0000, Reg: 1.1120, PSD: True, nPSD streak: 0/10, time: 0.574
(belief) log_density is nan or inf.
f vals:  tensor(-2715338.7433, dtype=torch.float64, grad_fn=<MinBackward1>) tensor(-7.3686e-05, dtype=torch.float64, grad_fn=<MaxBackward1>)
g_y vals:  tensor(2.6590e-08, dtype=torch.float64) tensor(19.6968, dtype=torch.float64)
psi_y_vals vals:  tensor(0.0012, dtype=torch.float64, grad_fn=<MinBackward1>) tensor(58179.6494, dtype=torch.float64, grad_fn=<MaxBackward1>)
phi_y_vals vals:  tensor(2.7006e-22, dtype=torch.float64) tensor(4.7441, dtype=torch.float64)
Q vals:  tensor(-0.0008, dtype=torch.float64, grad_fn=<MinBackward1>) tensor(0.0002, dtype=torch.float64, grad_fn=<MaxBackward1>)
(belief) log_density is nan or inf.
f vals:  tensor(-1921823.8555, dtype=torch.float64, grad_fn=<MinBackward1>) tensor(-0.0008, dtype=torch.float64, grad_fn=<MaxBackward1>)
g_y vals:  tensor(4.5889e-08, dtype=torch.float64) tensor(940.9332, dtype=torch.float64)
psi_y_vals vals:  tensor(0.0104, dtype=torch.float64, grad_fn=<MinBackward1>) tensor(49058.2330, dtype=torch.float64, grad_fn=<MaxBackward1>)
phi_y_vals vals:  tensor(3.8215e-22, dtype=torch.float64) tensor(2.6648, dtype=torch.float64)
Q vals:  tensor(-0.0008, dtype=torch.float64, grad_fn=<MinBackward1>) tensor(0.0002, dtype=torch.float64, grad_fn=<MaxBackward1>)
(belief) log_density is nan or inf.
f vals:  tensor(-2363401.7285, dtype=torch.float64, grad_fn=<MinBackward1>) tensor(-7.4649e-05, dtype=torch.float64, grad_fn=<MaxBackward1>)
g_y vals:  tensor(2.6590e-08, dtype=torch.float64) tensor(940.9332, dtype=torch.float64)
psi_y_vals vals:  tensor(0.0012, dtype=torch.float64, grad_fn=<MinBackward1>) tensor(53907.6663, dtype=torch.float64, grad_fn=<MaxBackward1>)
phi_y_vals vals:  tensor(1.4868e-21, dtype=torch.float64) tensor(4.7441, dtype=torch.float64)
Q vals:  tensor(-0.0008, dtype=torch.float64, grad_fn=<MinBackward1>) tensor(0.0002, dtype=torch.float64, grad_fn=<MaxBackward1>)
(belief) log_density is nan or inf.
f vals:  tensor(-2752138.7478, dtype=torch.float64, grad_fn=<MinBackward1>) tensor(-0.0011, dtype=torch.float64, grad_fn=<MaxBackward1>)
g_y vals:  tensor(4.7704e-08, dtype=torch.float64) tensor(85.0738, dtype=torch.float64)
psi_y_vals vals:  tensor(0.0187, dtype=torch.float64, grad_fn=<MinBackward1>) tensor(58180.5394, dtype=torch.float64, grad_fn=<MaxBackward1>)
phi_y_vals vals:  tensor(2.7006e-22, dtype=torch.float64) tensor(1.2034, dtype=torch.float64)
Q vals:  tensor(-0.0008, dtype=torch.float64, grad_fn=<MinBackward1>) tensor(0.0002, dtype=torch.float64, grad_fn=<MaxBackward1>)
(belief) log_density is nan or inf.
f vals:  tensor(-2240767.6895, dtype=torch.float64, grad_fn=<MinBackward1>) tensor(-0.0007, dtype=torch.float64, grad_fn=<MaxBackward1>)
g_y vals:  tensor(2.6590e-08, dtype=torch.float64) tensor(26.6287, dtype=torch.float64)
psi_y_vals vals:  tensor(0.0062, dtype=torch.float64, grad_fn=<MinBackward1>) tensor(52195.9620, dtype=torch.float64, grad_fn=<MaxBackward1>)
phi_y_vals vals:  tensor(3.5108e-21, dtype=torch.float64) tensor(4.7441, dtype=torch.float64)
Q vals:  tensor(-0.0008, dtype=torch.float64, grad_fn=<MinBackward1>) tensor(0.0002, dtype=torch.float64, grad_fn=<MaxBackward1>)
(belief) log_density is nan or inf.
f vals:  tensor(-3779413.1175, dtype=torch.float64, grad_fn=<MinBackward1>) tensor(-0.0001, dtype=torch.float64, grad_fn=<MaxBackward1>)
g_y vals:  tensor(5.1137e-08, dtype=torch.float64) tensor(940.9332, dtype=torch.float64)
psi_y_vals vals:  tensor(0.0012, dtype=torch.float64, grad_fn=<MinBackward1>) tensor(58181.1407, dtype=torch.float64, grad_fn=<MaxBackward1>)
phi_y_vals vals:  tensor(2.7006e-22, dtype=torch.float64) tensor(2.6648, dtype=torch.float64)
Q vals:  tensor(-0.0011, dtype=torch.float64, grad_fn=<MinBackward1>) tensor(0.0002, dtype=torch.float64, grad_fn=<MaxBackward1>)
(belief) log_density is nan or inf.
f vals:  tensor(-2800662.0345, dtype=torch.float64, grad_fn=<MinBackward1>) tensor(-0.0009, dtype=torch.float64, grad_fn=<MaxBackward1>)
g_y vals:  tensor(2.6590e-08, dtype=torch.float64) tensor(940.9332, dtype=torch.float64)
psi_y_vals vals:  tensor(0.0104, dtype=torch.float64, grad_fn=<MinBackward1>) tensor(58181.4505, dtype=torch.float64, grad_fn=<MaxBackward1>)
phi_y_vals vals:  tensor(1.4868e-21, dtype=torch.float64) tensor(2.6648, dtype=torch.float64)
Q vals:  tensor(-0.0008, dtype=torch.float64, grad_fn=<MinBackward1>) tensor(0.0002, dtype=torch.float64, grad_fn=<MaxBackward1>)
(belief) log_density is nan or inf.
f vals:  tensor(-2255212.5062, dtype=torch.float64, grad_fn=<MinBackward1>) tensor(-7.6152e-05, dtype=torch.float64, grad_fn=<MaxBackward1>)
g_y vals:  tensor(4.5889e-08, dtype=torch.float64) tensor(19.6968, dtype=torch.float64)
psi_y_vals vals:  tensor(0.0012, dtype=torch.float64, grad_fn=<MinBackward1>) tensor(52197.4262, dtype=torch.float64, grad_fn=<MaxBackward1>)
phi_y_vals vals:  tensor(2.7006e-22, dtype=torch.float64) tensor(4.7441, dtype=torch.float64)
Q vals:  tensor(-0.0008, dtype=torch.float64, grad_fn=<MinBackward1>) tensor(0.0002, dtype=torch.float64, grad_fn=<MaxBackward1>)
(belief) log_density is nan or inf.
f vals:  tensor(-2799784.7463, dtype=torch.float64, grad_fn=<MinBackward1>) tensor(-7.6094e-05, dtype=torch.float64, grad_fn=<MaxBackward1>)
g_y vals:  tensor(4.5889e-08, dtype=torch.float64) tensor(14.2038, dtype=torch.float64)
psi_y_vals vals:  tensor(0.0012, dtype=torch.float64, grad_fn=<MinBackward1>) tensor(58182.0662, dtype=torch.float64, grad_fn=<MaxBackward1>)
phi_y_vals vals:  tensor(2.7006e-22, dtype=torch.float64) tensor(4.7441, dtype=torch.float64)
Q vals:  tensor(-0.0008, dtype=torch.float64, grad_fn=<MinBackward1>) tensor(0.0002, dtype=torch.float64, grad_fn=<MaxBackward1>)
(belief) log_density is nan or inf.
f vals:  tensor(-1954935.6391, dtype=torch.float64, grad_fn=<MinBackward1>) tensor(-0.0007, dtype=torch.float64, grad_fn=<MaxBackward1>)
g_y vals:  tensor(2.6590e-08, dtype=torch.float64) tensor(940.9332, dtype=torch.float64)
psi_y_vals vals:  tensor(0.0062, dtype=torch.float64, grad_fn=<MinBackward1>) tensor(49061.6169, dtype=torch.float64, grad_fn=<MaxBackward1>)
phi_y_vals vals:  tensor(3.8215e-22, dtype=torch.float64) tensor(2.6648, dtype=torch.float64)
Q vals:  tensor(-0.0008, dtype=torch.float64, grad_fn=<MinBackward1>) tensor(0.0002, dtype=torch.float64, grad_fn=<MaxBackward1>)
(belief) log_density is nan or inf.
f vals:  tensor(-2496759.8032, dtype=torch.float64, grad_fn=<MinBackward1>) tensor(-7.8985e-05, dtype=torch.float64, grad_fn=<MaxBackward1>)
g_y vals:  tensor(2.6590e-08, dtype=torch.float64) tensor(940.9332, dtype=torch.float64)
psi_y_vals vals:  tensor(0.0012, dtype=torch.float64, grad_fn=<MinBackward1>) tensor(53907.6101, dtype=torch.float64, grad_fn=<MaxBackward1>)
phi_y_vals vals:  tensor(2.7006e-22, dtype=torch.float64) tensor(4.7441, dtype=torch.float64)
Q vals:  tensor(-0.0009, dtype=torch.float64, grad_fn=<MinBackward1>) tensor(0.0002, dtype=torch.float64, grad_fn=<MaxBackward1>)
(belief) log_density is nan or inf.
f vals:  tensor(-2809151.6532, dtype=torch.float64, grad_fn=<MinBackward1>) tensor(-0.0011, dtype=torch.float64, grad_fn=<MaxBackward1>)
g_y vals:  tensor(5.1137e-08, dtype=torch.float64) tensor(85.0738, dtype=torch.float64)
psi_y_vals vals:  tensor(0.0104, dtype=torch.float64, grad_fn=<MinBackward1>) tensor(58183.0181, dtype=torch.float64, grad_fn=<MaxBackward1>)
phi_y_vals vals:  tensor(3.8215e-22, dtype=torch.float64) tensor(1.2034, dtype=torch.float64)
Q vals:  tensor(-0.0008, dtype=torch.float64, grad_fn=<MinBackward1>) tensor(0.0002, dtype=torch.float64, grad_fn=<MaxBackward1>)
(belief) log_density is nan or inf.
f vals:  tensor(-2267293.9270, dtype=torch.float64, grad_fn=<MinBackward1>) tensor(-0.0007, dtype=torch.float64, grad_fn=<MaxBackward1>)
g_y vals:  tensor(4.5889e-08, dtype=torch.float64) tensor(940.9332, dtype=torch.float64)
psi_y_vals vals:  tensor(0.0062, dtype=torch.float64, grad_fn=<MinBackward1>) tensor(52199.8688, dtype=torch.float64, grad_fn=<MaxBackward1>)
phi_y_vals vals:  tensor(2.7006e-22, dtype=torch.float64) tensor(4.7441, dtype=torch.float64)
Q vals:  tensor(-0.0008, dtype=torch.float64, grad_fn=<MinBackward1>) tensor(0.0002, dtype=torch.float64, grad_fn=<MaxBackward1>)
(belief) log_density is nan or inf.
f vals:  tensor(-2805692.7793, dtype=torch.float64, grad_fn=<MinBackward1>) tensor(-7.6303e-05, dtype=torch.float64, grad_fn=<MaxBackward1>)
g_y vals:  tensor(2.6590e-08, dtype=torch.float64) tensor(85.0738, dtype=torch.float64)
psi_y_vals vals:  tensor(0.0012, dtype=torch.float64, grad_fn=<MinBackward1>) tensor(58183.6462, dtype=torch.float64, grad_fn=<MaxBackward1>)
phi_y_vals vals:  tensor(3.8215e-22, dtype=torch.float64) tensor(1.2034, dtype=torch.float64)
Q vals:  tensor(-0.0008, dtype=torch.float64, grad_fn=<MinBackward1>) tensor(0.0002, dtype=torch.float64, grad_fn=<MaxBackward1>)
(belief) log_density is nan or inf.
f vals:  tensor(-2761039.4997, dtype=torch.float64, grad_fn=<MinBackward1>) tensor(-7.5095e-05, dtype=torch.float64, grad_fn=<MaxBackward1>)
g_y vals:  tensor(4.5889e-08, dtype=torch.float64) tensor(940.9332, dtype=torch.float64)
psi_y_vals vals:  tensor(0.0012, dtype=torch.float64, grad_fn=<MinBackward1>) tensor(58183.9655, dtype=torch.float64, grad_fn=<MaxBackward1>)
phi_y_vals vals:  tensor(3.8215e-22, dtype=torch.float64) tensor(2.6648, dtype=torch.float64)
Q vals:  tensor(-0.0008, dtype=torch.float64, grad_fn=<MinBackward1>) tensor(0.0002, dtype=torch.float64, grad_fn=<MaxBackward1>)
(belief) log_density is nan or inf.
f vals:  tensor(-1869165.1787, dtype=torch.float64, grad_fn=<MinBackward1>) tensor(-0.0008, dtype=torch.float64, grad_fn=<MaxBackward1>)
g_y vals:  tensor(2.6590e-08, dtype=torch.float64) tensor(14.2038, dtype=torch.float64)
psi_y_vals vals:  tensor(0.0104, dtype=torch.float64, grad_fn=<MinBackward1>) tensor(49064.2338, dtype=torch.float64, grad_fn=<MaxBackward1>)
phi_y_vals vals:  tensor(2.7006e-22, dtype=torch.float64) tensor(4.7441, dtype=torch.float64)
Q vals:  tensor(-0.0008, dtype=torch.float64, grad_fn=<MinBackward1>) tensor(0.0002, dtype=torch.float64, grad_fn=<MaxBackward1>)
(belief) log_density is nan or inf.
f vals:  tensor(-1772881.1577, dtype=torch.float64, grad_fn=<MinBackward1>) tensor(-0.0006, dtype=torch.float64, grad_fn=<MaxBackward1>)
g_y vals:  tensor(2.6590e-08, dtype=torch.float64) tensor(940.9332, dtype=torch.float64)
psi_y_vals vals:  tensor(0.0062, dtype=torch.float64, grad_fn=<MinBackward1>) tensor(49064.6699, dtype=torch.float64, grad_fn=<MaxBackward1>)
phi_y_vals vals:  tensor(2.7006e-22, dtype=torch.float64) tensor(2.6648, dtype=torch.float64)
Q vals:  tensor(-0.0007, dtype=torch.float64, grad_fn=<MinBackward1>) tensor(0.0002, dtype=torch.float64, grad_fn=<MaxBackward1>)
(belief) log_density is nan or inf.
f vals:  tensor(-2788079.2243, dtype=torch.float64, grad_fn=<MinBackward1>) tensor(-7.5848e-05, dtype=torch.float64, grad_fn=<MaxBackward1>)
g_y vals:  tensor(4.7704e-08, dtype=torch.float64) tensor(85.0738, dtype=torch.float64)
psi_y_vals vals:  tensor(0.0012, dtype=torch.float64, grad_fn=<MinBackward1>) tensor(58184.9295, dtype=torch.float64, grad_fn=<MaxBackward1>)
phi_y_vals vals:  tensor(3.8215e-22, dtype=torch.float64) tensor(4.7441, dtype=torch.float64)
Q vals:  tensor(-0.0008, dtype=torch.float64, grad_fn=<MinBackward1>) tensor(0.0002, dtype=torch.float64, grad_fn=<MaxBackward1>)
(belief) log_density is nan or inf.
f vals:  tensor(-2844724.2809, dtype=torch.float64, grad_fn=<MinBackward1>) tensor(-7.7395e-05, dtype=torch.float64, grad_fn=<MaxBackward1>)
g_y vals:  tensor(4.5889e-08, dtype=torch.float64) tensor(26.6287, dtype=torch.float64)
psi_y_vals vals:  tensor(0.0012, dtype=torch.float64, grad_fn=<MinBackward1>) tensor(58185.2489, dtype=torch.float64, grad_fn=<MaxBackward1>)
phi_y_vals vals:  tensor(4.3226e-21, dtype=torch.float64) tensor(1.1618, dtype=torch.float64)
Q vals:  tensor(-0.0008, dtype=torch.float64, grad_fn=<MinBackward1>) tensor(0.0002, dtype=torch.float64, grad_fn=<MaxBackward1>)
(belief) log_density is nan or inf.
f vals:  tensor(-2058780.9465, dtype=torch.float64, grad_fn=<MinBackward1>) tensor(-0.0007, dtype=torch.float64, grad_fn=<MaxBackward1>)
g_y vals:  tensor(2.6590e-08, dtype=torch.float64) tensor(940.9332, dtype=torch.float64)
psi_y_vals vals:  tensor(0.0062, dtype=torch.float64, grad_fn=<MinBackward1>) tensor(48630.2372, dtype=torch.float64, grad_fn=<MaxBackward1>)
phi_y_vals vals:  tensor(2.7006e-22, dtype=torch.float64) tensor(4.7441, dtype=torch.float64)
Q vals:  tensor(-0.0009, dtype=torch.float64, grad_fn=<MinBackward1>) tensor(0.0002, dtype=torch.float64, grad_fn=<MaxBackward1>)
Epoch 250: Avg: nan, NLL: nan, LDB: 0.0000, Reg: 1.1120, PSD: True, nPSD streak: 0/10, time: 0.514
(belief) log_density is nan or inf.
f vals:  tensor(-2285206.8416, dtype=torch.float64, grad_fn=<MinBackward1>) tensor(-0.0009, dtype=torch.float64, grad_fn=<MaxBackward1>)
g_y vals:  tensor(5.1137e-08, dtype=torch.float64) tensor(26.6287, dtype=torch.float64)
psi_y_vals vals:  tensor(0.0104, dtype=torch.float64, grad_fn=<MinBackward1>) tensor(52203.8318, dtype=torch.float64, grad_fn=<MaxBackward1>)
phi_y_vals vals:  tensor(2.7006e-22, dtype=torch.float64) tensor(4.7441, dtype=torch.float64)
Q vals:  tensor(-0.0008, dtype=torch.float64, grad_fn=<MinBackward1>) tensor(0.0002, dtype=torch.float64, grad_fn=<MaxBackward1>)
(belief) log_density is nan or inf.
f vals:  tensor(-2669969.7250, dtype=torch.float64, grad_fn=<MinBackward1>) tensor(-7.2652e-05, dtype=torch.float64, grad_fn=<MaxBackward1>)
g_y vals:  tensor(2.6590e-08, dtype=torch.float64) tensor(940.9332, dtype=torch.float64)
psi_y_vals vals:  tensor(0.0012, dtype=torch.float64, grad_fn=<MinBackward1>) tensor(58186.2125, dtype=torch.float64, grad_fn=<MaxBackward1>)
phi_y_vals vals:  tensor(2.2508e-19, dtype=torch.float64) tensor(2.6648, dtype=torch.float64)
Q vals:  tensor(-0.0008, dtype=torch.float64, grad_fn=<MinBackward1>) tensor(0.0002, dtype=torch.float64, grad_fn=<MaxBackward1>)
(belief) log_density is nan or inf.
f vals:  tensor(-2727004.5046, dtype=torch.float64, grad_fn=<MinBackward1>) tensor(-0.0007, dtype=torch.float64, grad_fn=<MaxBackward1>)
g_y vals:  tensor(4.5889e-08, dtype=torch.float64) tensor(85.0738, dtype=torch.float64)
psi_y_vals vals:  tensor(0.0062, dtype=torch.float64, grad_fn=<MinBackward1>) tensor(58186.5354, dtype=torch.float64, grad_fn=<MaxBackward1>)
phi_y_vals vals:  tensor(3.8215e-22, dtype=torch.float64) tensor(1.8966, dtype=torch.float64)
Q vals:  tensor(-0.0008, dtype=torch.float64, grad_fn=<MinBackward1>) tensor(0.0002, dtype=torch.float64, grad_fn=<MaxBackward1>)
(belief) log_density is nan or inf.
f vals:  tensor(-2304589.8269, dtype=torch.float64, grad_fn=<MinBackward1>) tensor(-7.7924e-05, dtype=torch.float64, grad_fn=<MaxBackward1>)
g_y vals:  tensor(2.6590e-08, dtype=torch.float64) tensor(940.9332, dtype=torch.float64)
psi_y_vals vals:  tensor(0.0012, dtype=torch.float64, grad_fn=<MinBackward1>) tensor(52205.3307, dtype=torch.float64, grad_fn=<MaxBackward1>)
phi_y_vals vals:  tensor(2.7006e-22, dtype=torch.float64) tensor(4.7441, dtype=torch.float64)
Q vals:  tensor(-0.0008, dtype=torch.float64, grad_fn=<MinBackward1>) tensor(0.0002, dtype=torch.float64, grad_fn=<MaxBackward1>)
(belief) log_density is nan or inf.
f vals:  tensor(-2075213.2798, dtype=torch.float64, grad_fn=<MinBackward1>) tensor(-0.0009, dtype=torch.float64, grad_fn=<MaxBackward1>)
g_y vals:  tensor(2.6590e-08, dtype=torch.float64) tensor(940.9332, dtype=torch.float64)
psi_y_vals vals:  tensor(0.0104, dtype=torch.float64, grad_fn=<MinBackward1>) tensor(49068.1840, dtype=torch.float64, grad_fn=<MaxBackward1>)
phi_y_vals vals:  tensor(1.4868e-21, dtype=torch.float64) tensor(2.6648, dtype=torch.float64)
Q vals:  tensor(-0.0009, dtype=torch.float64, grad_fn=<MinBackward1>) tensor(0.0002, dtype=torch.float64, grad_fn=<MaxBackward1>)
(belief) log_density is nan or inf.
f vals:  tensor(-2952702.4702, dtype=torch.float64, grad_fn=<MinBackward1>) tensor(-8.0360e-05, dtype=torch.float64, grad_fn=<MaxBackward1>)
g_y vals:  tensor(4.5889e-08, dtype=torch.float64) tensor(85.0738, dtype=torch.float64)
psi_y_vals vals:  tensor(0.0012, dtype=torch.float64, grad_fn=<MinBackward1>) tensor(58187.5132, dtype=torch.float64, grad_fn=<MaxBackward1>)
phi_y_vals vals:  tensor(2.7006e-22, dtype=torch.float64) tensor(4.7441, dtype=torch.float64)
Q vals:  tensor(-0.0009, dtype=torch.float64, grad_fn=<MinBackward1>) tensor(0.0002, dtype=torch.float64, grad_fn=<MaxBackward1>)
(belief) log_density is nan or inf.
f vals:  tensor(-2941424.8544, dtype=torch.float64, grad_fn=<MinBackward1>) tensor(-8.0056e-05, dtype=torch.float64, grad_fn=<MaxBackward1>)
g_y vals:  tensor(2.6590e-08, dtype=torch.float64) tensor(85.0738, dtype=torch.float64)
psi_y_vals vals:  tensor(0.0012, dtype=torch.float64, grad_fn=<MinBackward1>) tensor(58187.8389, dtype=torch.float64, grad_fn=<MaxBackward1>)
phi_y_vals vals:  tensor(2.7006e-22, dtype=torch.float64) tensor(1.8966, dtype=torch.float64)
Q vals:  tensor(-0.0009, dtype=torch.float64, grad_fn=<MinBackward1>) tensor(0.0002, dtype=torch.float64, grad_fn=<MaxBackward1>)
(belief) log_density is nan or inf.
f vals:  tensor(-2371851.0069, dtype=torch.float64, grad_fn=<MinBackward1>) tensor(-0.0009, dtype=torch.float64, grad_fn=<MaxBackward1>)
g_y vals:  tensor(4.5889e-08, dtype=torch.float64) tensor(940.9332, dtype=torch.float64)
psi_y_vals vals:  tensor(0.0139, dtype=torch.float64, grad_fn=<MinBackward1>) tensor(52207.3688, dtype=torch.float64, grad_fn=<MaxBackward1>)
phi_y_vals vals:  tensor(1.4868e-21, dtype=torch.float64) tensor(4.7441, dtype=torch.float64)
Q vals:  tensor(-0.0009, dtype=torch.float64, grad_fn=<MinBackward1>) tensor(0.0002, dtype=torch.float64, grad_fn=<MaxBackward1>)
(belief) log_density is nan or inf.
f vals:  tensor(-2377500.4699, dtype=torch.float64, grad_fn=<MinBackward1>) tensor(-0.0017, dtype=torch.float64, grad_fn=<MaxBackward1>)
g_y vals:  tensor(2.6590e-08, dtype=torch.float64) tensor(19.6968, dtype=torch.float64)
psi_y_vals vals:  tensor(0.0104, dtype=torch.float64, grad_fn=<MinBackward1>) tensor(52207.8805, dtype=torch.float64, grad_fn=<MaxBackward1>)
phi_y_vals vals:  tensor(3.8215e-22, dtype=torch.float64) tensor(0.7508, dtype=torch.float64)
Q vals:  tensor(-0.0009, dtype=torch.float64, grad_fn=<MinBackward1>) tensor(0.0002, dtype=torch.float64, grad_fn=<MaxBackward1>)
(belief) log_density is nan or inf.
f vals:  tensor(-2961053.4845, dtype=torch.float64, grad_fn=<MinBackward1>) tensor(-8.0598e-05, dtype=torch.float64, grad_fn=<MaxBackward1>)
g_y vals:  tensor(4.5889e-08, dtype=torch.float64) tensor(940.9332, dtype=torch.float64)
psi_y_vals vals:  tensor(0.0012, dtype=torch.float64, grad_fn=<MinBackward1>) tensor(58188.8237, dtype=torch.float64, grad_fn=<MaxBackward1>)
phi_y_vals vals:  tensor(2.7006e-22, dtype=torch.float64) tensor(4.7441, dtype=torch.float64)
Q vals:  tensor(-0.0009, dtype=torch.float64, grad_fn=<MinBackward1>) tensor(0.0002, dtype=torch.float64, grad_fn=<MaxBackward1>)
(belief) log_density is nan or inf.
f vals:  tensor(-2550368.4123, dtype=torch.float64, grad_fn=<MinBackward1>) tensor(-0.0009, dtype=torch.float64, grad_fn=<MaxBackward1>)
g_y vals:  tensor(4.7704e-08, dtype=torch.float64) tensor(940.9332, dtype=torch.float64)
psi_y_vals vals:  tensor(0.0104, dtype=torch.float64, grad_fn=<MinBackward1>) tensor(53907.5639, dtype=torch.float64, grad_fn=<MaxBackward1>)
phi_y_vals vals:  tensor(2.7006e-22, dtype=torch.float64) tensor(2.6648, dtype=torch.float64)
Q vals:  tensor(-0.0009, dtype=torch.float64, grad_fn=<MinBackward1>) tensor(0.0002, dtype=torch.float64, grad_fn=<MaxBackward1>)
(belief) log_density is nan or inf.
f vals:  tensor(-2975291.2343, dtype=torch.float64, grad_fn=<MinBackward1>) tensor(-8.0990e-05, dtype=torch.float64, grad_fn=<MaxBackward1>)
g_y vals:  tensor(2.6590e-08, dtype=torch.float64) tensor(85.0738, dtype=torch.float64)
psi_y_vals vals:  tensor(0.0012, dtype=torch.float64, grad_fn=<MinBackward1>) tensor(58189.4837, dtype=torch.float64, grad_fn=<MaxBackward1>)
phi_y_vals vals:  tensor(1.4868e-21, dtype=torch.float64) tensor(4.7441, dtype=torch.float64)
Q vals:  tensor(-0.0009, dtype=torch.float64, grad_fn=<MinBackward1>) tensor(0.0002, dtype=torch.float64, grad_fn=<MaxBackward1>)
(belief) log_density is nan or inf.
f vals:  tensor(-2983817.0680, dtype=torch.float64, grad_fn=<MinBackward1>) tensor(-8.1224e-05, dtype=torch.float64, grad_fn=<MaxBackward1>)
g_y vals:  tensor(4.7704e-08, dtype=torch.float64) tensor(19.6968, dtype=torch.float64)
psi_y_vals vals:  tensor(0.0012, dtype=torch.float64, grad_fn=<MinBackward1>) tensor(58189.8160, dtype=torch.float64, grad_fn=<MaxBackward1>)
phi_y_vals vals:  tensor(3.8215e-22, dtype=torch.float64) tensor(1.8966, dtype=torch.float64)
Q vals:  tensor(-0.0009, dtype=torch.float64, grad_fn=<MinBackward1>) tensor(0.0002, dtype=torch.float64, grad_fn=<MaxBackward1>)
(belief) log_density is nan or inf.
f vals:  tensor(-2046366.2468, dtype=torch.float64, grad_fn=<MinBackward1>) tensor(-0.0007, dtype=torch.float64, grad_fn=<MaxBackward1>)
g_y vals:  tensor(2.6590e-08, dtype=torch.float64) tensor(940.9332, dtype=torch.float64)
psi_y_vals vals:  tensor(0.0062, dtype=torch.float64, grad_fn=<MinBackward1>) tensor(48145.9118, dtype=torch.float64, grad_fn=<MaxBackward1>)
phi_y_vals vals:  tensor(2.7006e-22, dtype=torch.float64) tensor(4.7441, dtype=torch.float64)
Q vals:  tensor(-0.0009, dtype=torch.float64, grad_fn=<MinBackward1>) tensor(0.0002, dtype=torch.float64, grad_fn=<MaxBackward1>)
(belief) log_density is nan or inf.
f vals:  tensor(-2573782.5320, dtype=torch.float64, grad_fn=<MinBackward1>) tensor(-0.0007, dtype=torch.float64, grad_fn=<MaxBackward1>)
g_y vals:  tensor(2.6590e-08, dtype=torch.float64) tensor(940.9332, dtype=torch.float64)
psi_y_vals vals:  tensor(0.0062, dtype=torch.float64, grad_fn=<MinBackward1>) tensor(53907.5451, dtype=torch.float64, grad_fn=<MaxBackward1>)
phi_y_vals vals:  tensor(3.7032e-20, dtype=torch.float64) tensor(2.6648, dtype=torch.float64)
Q vals:  tensor(-0.0009, dtype=torch.float64, grad_fn=<MinBackward1>) tensor(0.0002, dtype=torch.float64, grad_fn=<MaxBackward1>)
(belief) log_density is nan or inf.
f vals:  tensor(-3002124.6736, dtype=torch.float64, grad_fn=<MinBackward1>) tensor(-8.1728e-05, dtype=torch.float64, grad_fn=<MaxBackward1>)
g_y vals:  tensor(5.2267e-08, dtype=torch.float64) tensor(85.0738, dtype=torch.float64)
psi_y_vals vals:  tensor(0.0012, dtype=torch.float64, grad_fn=<MinBackward1>) tensor(58190.8174, dtype=torch.float64, grad_fn=<MaxBackward1>)
phi_y_vals vals:  tensor(2.7006e-22, dtype=torch.float64) tensor(4.7441, dtype=torch.float64)
Q vals:  tensor(-0.0009, dtype=torch.float64, grad_fn=<MinBackward1>) tensor(0.0002, dtype=torch.float64, grad_fn=<MaxBackward1>)
(belief) log_density is nan or inf.
f vals:  tensor(-3008800.0401, dtype=torch.float64, grad_fn=<MinBackward1>) tensor(-0.0007, dtype=torch.float64, grad_fn=<MaxBackward1>)
g_y vals:  tensor(2.6590e-08, dtype=torch.float64) tensor(940.9332, dtype=torch.float64)
psi_y_vals vals:  tensor(0.0062, dtype=torch.float64, grad_fn=<MinBackward1>) tensor(58191.1535, dtype=torch.float64, grad_fn=<MaxBackward1>)
phi_y_vals vals:  tensor(3.8215e-22, dtype=torch.float64) tensor(2.6648, dtype=torch.float64)
Q vals:  tensor(-0.0009, dtype=torch.float64, grad_fn=<MinBackward1>) tensor(0.0002, dtype=torch.float64, grad_fn=<MaxBackward1>)
(belief) log_density is nan or inf.
f vals:  tensor(-2144527.1251, dtype=torch.float64, grad_fn=<MinBackward1>) tensor(-8.2097e-05, dtype=torch.float64, grad_fn=<MaxBackward1>)
g_y vals:  tensor(4.7704e-08, dtype=torch.float64) tensor(85.0738, dtype=torch.float64)
psi_y_vals vals:  tensor(0.0012, dtype=torch.float64, grad_fn=<MinBackward1>) tensor(49074.0792, dtype=torch.float64, grad_fn=<MaxBackward1>)
phi_y_vals vals:  tensor(2.7006e-22, dtype=torch.float64) tensor(4.7441, dtype=torch.float64)
Q vals:  tensor(-0.0009, dtype=torch.float64, grad_fn=<MinBackward1>) tensor(0.0002, dtype=torch.float64, grad_fn=<MaxBackward1>)
(belief) log_density is nan or inf.
f vals:  tensor(-3022355.7721, dtype=torch.float64, grad_fn=<MinBackward1>) tensor(-8.2283e-05, dtype=torch.float64, grad_fn=<MaxBackward1>)
g_y vals:  tensor(2.6590e-08, dtype=torch.float64) tensor(940.9332, dtype=torch.float64)
psi_y_vals vals:  tensor(0.0012, dtype=torch.float64, grad_fn=<MinBackward1>) tensor(58191.8276, dtype=torch.float64, grad_fn=<MaxBackward1>)
phi_y_vals vals:  tensor(4.3226e-21, dtype=torch.float64) tensor(4.7441, dtype=torch.float64)
Q vals:  tensor(-0.0009, dtype=torch.float64, grad_fn=<MinBackward1>) tensor(0.0002, dtype=torch.float64, grad_fn=<MaxBackward1>)
(belief) log_density is nan or inf.
f vals:  tensor(-2602582.6243, dtype=torch.float64, grad_fn=<MinBackward1>) tensor(-0.0007, dtype=torch.float64, grad_fn=<MaxBackward1>)
g_y vals:  tensor(4.5889e-08, dtype=torch.float64) tensor(85.0738, dtype=torch.float64)
psi_y_vals vals:  tensor(0.0062, dtype=torch.float64, grad_fn=<MinBackward1>) tensor(53907.5228, dtype=torch.float64, grad_fn=<MaxBackward1>)
phi_y_vals vals:  tensor(2.7006e-22, dtype=torch.float64) tensor(1.2034, dtype=torch.float64)
Q vals:  tensor(-0.0009, dtype=torch.float64, grad_fn=<MinBackward1>) tensor(0.0002, dtype=torch.float64, grad_fn=<MaxBackward1>)
Epoch 260: Avg: nan, NLL: nan, LDB: 0.0000, Reg: 1.1120, PSD: True, nPSD streak: 0/10, time: 0.444
(belief) log_density is nan or inf.
f vals:  tensor(-3036221.4220, dtype=torch.float64, grad_fn=<MinBackward1>) tensor(-8.2664e-05, dtype=torch.float64, grad_fn=<MaxBackward1>)
g_y vals:  tensor(2.6590e-08, dtype=torch.float64) tensor(940.9332, dtype=torch.float64)
psi_y_vals vals:  tensor(0.0012, dtype=torch.float64, grad_fn=<MinBackward1>) tensor(58192.5093, dtype=torch.float64, grad_fn=<MaxBackward1>)
phi_y_vals vals:  tensor(2.7006e-22, dtype=torch.float64) tensor(2.6648, dtype=torch.float64)
Q vals:  tensor(-0.0009, dtype=torch.float64, grad_fn=<MinBackward1>) tensor(0.0002, dtype=torch.float64, grad_fn=<MaxBackward1>)
(belief) log_density is nan or inf.
f vals:  tensor(-2614584.4668, dtype=torch.float64, grad_fn=<MinBackward1>) tensor(-0.0008, dtype=torch.float64, grad_fn=<MaxBackward1>)
g_y vals:  tensor(4.7704e-08, dtype=torch.float64) tensor(19.6968, dtype=torch.float64)
psi_y_vals vals:  tensor(0.0062, dtype=torch.float64, grad_fn=<MinBackward1>) tensor(53907.5068, dtype=torch.float64, grad_fn=<MaxBackward1>)
phi_y_vals vals:  tensor(3.5108e-21, dtype=torch.float64) tensor(4.7441, dtype=torch.float64)
Q vals:  tensor(-0.0009, dtype=torch.float64, grad_fn=<MinBackward1>) tensor(0.0002, dtype=torch.float64, grad_fn=<MaxBackward1>)
(belief) log_density is nan or inf.
f vals:  tensor(-3050451.5887, dtype=torch.float64, grad_fn=<MinBackward1>) tensor(-8.3054e-05, dtype=torch.float64, grad_fn=<MaxBackward1>)
g_y vals:  tensor(2.6590e-08, dtype=torch.float64) tensor(940.9332, dtype=torch.float64)
psi_y_vals vals:  tensor(0.0012, dtype=torch.float64, grad_fn=<MinBackward1>) tensor(58193.1921, dtype=torch.float64, grad_fn=<MaxBackward1>)
phi_y_vals vals:  tensor(1.4868e-21, dtype=torch.float64) tensor(4.7441, dtype=torch.float64)
Q vals:  tensor(-0.0009, dtype=torch.float64, grad_fn=<MinBackward1>) tensor(0.0002, dtype=torch.float64, grad_fn=<MaxBackward1>)
(belief) log_density is nan or inf.
f vals:  tensor(-2174610.0407, dtype=torch.float64, grad_fn=<MinBackward1>) tensor(-0.0008, dtype=torch.float64, grad_fn=<MaxBackward1>)
g_y vals:  tensor(5.2267e-08, dtype=torch.float64) tensor(26.6287, dtype=torch.float64)
psi_y_vals vals:  tensor(0.0062, dtype=torch.float64, grad_fn=<MinBackward1>) tensor(49076.8608, dtype=torch.float64, grad_fn=<MaxBackward1>)
phi_y_vals vals:  tensor(2.7006e-22, dtype=torch.float64) tensor(1.8966, dtype=torch.float64)
Q vals:  tensor(-0.0009, dtype=torch.float64, grad_fn=<MinBackward1>) tensor(0.0002, dtype=torch.float64, grad_fn=<MaxBackward1>)
(belief) log_density is nan or inf.
f vals:  tensor(-3065071.7195, dtype=torch.float64, grad_fn=<MinBackward1>) tensor(-0.0012, dtype=torch.float64, grad_fn=<MaxBackward1>)
g_y vals:  tensor(2.6590e-08, dtype=torch.float64) tensor(940.9332, dtype=torch.float64)
psi_y_vals vals:  tensor(0.0104, dtype=torch.float64, grad_fn=<MinBackward1>) tensor(58193.8769, dtype=torch.float64, grad_fn=<MaxBackward1>)
phi_y_vals vals:  tensor(1.4868e-21, dtype=torch.float64) tensor(2.6648, dtype=torch.float64)
Q vals:  tensor(-0.0009, dtype=torch.float64, grad_fn=<MinBackward1>) tensor(0.0002, dtype=torch.float64, grad_fn=<MaxBackward1>)
(belief) log_density is nan or inf.
f vals:  tensor(-2473338.3354, dtype=torch.float64, grad_fn=<MinBackward1>) tensor(-8.3658e-05, dtype=torch.float64, grad_fn=<MaxBackward1>)
g_y vals:  tensor(4.7704e-08, dtype=torch.float64) tensor(26.6287, dtype=torch.float64)
psi_y_vals vals:  tensor(0.0012, dtype=torch.float64, grad_fn=<MinBackward1>) tensor(52216.8016, dtype=torch.float64, grad_fn=<MaxBackward1>)
phi_y_vals vals:  tensor(2.7006e-22, dtype=torch.float64) tensor(4.7441, dtype=torch.float64)
Q vals:  tensor(-0.0009, dtype=torch.float64, grad_fn=<MinBackward1>) tensor(0.0002, dtype=torch.float64, grad_fn=<MaxBackward1>)
(belief) log_density is nan or inf.
f vals:  tensor(-2190565.8995, dtype=torch.float64, grad_fn=<MinBackward1>) tensor(-8.3865e-05, dtype=torch.float64, grad_fn=<MaxBackward1>)
g_y vals:  tensor(2.6590e-08, dtype=torch.float64) tensor(940.9332, dtype=torch.float64)
psi_y_vals vals:  tensor(0.0012, dtype=torch.float64, grad_fn=<MinBackward1>) tensor(49078.2747, dtype=torch.float64, grad_fn=<MaxBackward1>)
phi_y_vals vals:  tensor(6.4912e-21, dtype=torch.float64) tensor(4.7441, dtype=torch.float64)
Q vals:  tensor(-0.0009, dtype=torch.float64, grad_fn=<MinBackward1>) tensor(0.0002, dtype=torch.float64, grad_fn=<MaxBackward1>)
(belief) log_density is nan or inf.
f vals:  tensor(-3087725.0965, dtype=torch.float64, grad_fn=<MinBackward1>) tensor(-0.0012, dtype=torch.float64, grad_fn=<MaxBackward1>)
g_y vals:  tensor(4.5889e-08, dtype=torch.float64) tensor(19.6968, dtype=torch.float64)
psi_y_vals vals:  tensor(0.0104, dtype=torch.float64, grad_fn=<MinBackward1>) tensor(58194.9117, dtype=torch.float64, grad_fn=<MaxBackward1>)
phi_y_vals vals:  tensor(2.7006e-22, dtype=torch.float64) tensor(1.8966, dtype=torch.float64)
Q vals:  tensor(-0.0009, dtype=torch.float64, grad_fn=<MinBackward1>) tensor(0.0002, dtype=torch.float64, grad_fn=<MaxBackward1>)
(belief) log_density is nan or inf.
f vals:  tensor(-2659188.2207, dtype=torch.float64, grad_fn=<MinBackward1>) tensor(-0.0008, dtype=torch.float64, grad_fn=<MaxBackward1>)
g_y vals:  tensor(4.7704e-08, dtype=torch.float64) tensor(26.6287, dtype=torch.float64)
psi_y_vals vals:  tensor(0.0062, dtype=torch.float64, grad_fn=<MinBackward1>) tensor(53907.4994, dtype=torch.float64, grad_fn=<MaxBackward1>)
phi_y_vals vals:  tensor(2.7006e-22, dtype=torch.float64) tensor(4.7441, dtype=torch.float64)
Q vals:  tensor(-0.0009, dtype=torch.float64, grad_fn=<MinBackward1>) tensor(0.0002, dtype=torch.float64, grad_fn=<MaxBackward1>)
(belief) log_density is nan or inf.
f vals:  tensor(-3103293.3084, dtype=torch.float64, grad_fn=<MinBackward1>) tensor(-8.4500e-05, dtype=torch.float64, grad_fn=<MaxBackward1>)
g_y vals:  tensor(2.6590e-08, dtype=torch.float64) tensor(940.9332, dtype=torch.float64)
psi_y_vals vals:  tensor(0.0012, dtype=torch.float64, grad_fn=<MinBackward1>) tensor(58195.6044, dtype=torch.float64, grad_fn=<MaxBackward1>)
phi_y_vals vals:  tensor(3.8215e-22, dtype=torch.float64) tensor(2.6648, dtype=torch.float64)
Q vals:  tensor(-0.0009, dtype=torch.float64, grad_fn=<MinBackward1>) tensor(0.0002, dtype=torch.float64, grad_fn=<MaxBackward1>)
(belief) log_density is nan or inf.
f vals:  tensor(-3111217.8913, dtype=torch.float64, grad_fn=<MinBackward1>) tensor(-0.0008, dtype=torch.float64, grad_fn=<MaxBackward1>)
g_y vals:  tensor(4.7704e-08, dtype=torch.float64) tensor(940.9332, dtype=torch.float64)
psi_y_vals vals:  tensor(0.0062, dtype=torch.float64, grad_fn=<MinBackward1>) tensor(58195.9498, dtype=torch.float64, grad_fn=<MaxBackward1>)
phi_y_vals vals:  tensor(2.7006e-22, dtype=torch.float64) tensor(4.7441, dtype=torch.float64)
Q vals:  tensor(-0.0009, dtype=torch.float64, grad_fn=<MinBackward1>) tensor(0.0002, dtype=torch.float64, grad_fn=<MaxBackward1>)
(belief) log_density is nan or inf.
f vals:  tensor(-2218500.7813, dtype=torch.float64, grad_fn=<MinBackward1>) tensor(-8.4936e-05, dtype=torch.float64, grad_fn=<MaxBackward1>)
g_y vals:  tensor(2.6590e-08, dtype=torch.float64) tensor(85.0738, dtype=torch.float64)
psi_y_vals vals:  tensor(0.0012, dtype=torch.float64, grad_fn=<MinBackward1>) tensor(49080.6548, dtype=torch.float64, grad_fn=<MaxBackward1>)
phi_y_vals vals:  tensor(1.4868e-21, dtype=torch.float64) tensor(1.8966, dtype=torch.float64)
Q vals:  tensor(-0.0009, dtype=torch.float64, grad_fn=<MinBackward1>) tensor(0.0002, dtype=torch.float64, grad_fn=<MaxBackward1>)
(belief) log_density is nan or inf.
f vals:  tensor(-3127369.5917, dtype=torch.float64, grad_fn=<MinBackward1>) tensor(-8.5158e-05, dtype=torch.float64, grad_fn=<MaxBackward1>)
g_y vals:  tensor(4.5889e-08, dtype=torch.float64) tensor(940.9332, dtype=torch.float64)
psi_y_vals vals:  tensor(0.0012, dtype=torch.float64, grad_fn=<MinBackward1>) tensor(58196.6490, dtype=torch.float64, grad_fn=<MaxBackward1>)
phi_y_vals vals:  tensor(3.5108e-21, dtype=torch.float64) tensor(2.6648, dtype=torch.float64)
Q vals:  tensor(-0.0009, dtype=torch.float64, grad_fn=<MinBackward1>) tensor(0.0002, dtype=torch.float64, grad_fn=<MaxBackward1>)
(belief) log_density is nan or inf.
f vals:  tensor(-2524298.4968, dtype=torch.float64, grad_fn=<MinBackward1>) tensor(-0.0010, dtype=torch.float64, grad_fn=<MaxBackward1>)
g_y vals:  tensor(2.6590e-08, dtype=torch.float64) tensor(85.0738, dtype=torch.float64)
psi_y_vals vals:  tensor(0.0139, dtype=torch.float64, grad_fn=<MinBackward1>) tensor(52221.1359, dtype=torch.float64, grad_fn=<MaxBackward1>)
phi_y_vals vals:  tensor(2.7006e-22, dtype=torch.float64) tensor(4.7441, dtype=torch.float64)
Q vals:  tensor(-0.0009, dtype=torch.float64, grad_fn=<MinBackward1>) tensor(0.0002, dtype=torch.float64, grad_fn=<MaxBackward1>)
(belief) log_density is nan or inf.
f vals:  tensor(-3143982.6514, dtype=torch.float64, grad_fn=<MinBackward1>) tensor(-8.5613e-05, dtype=torch.float64, grad_fn=<MaxBackward1>)
g_y vals:  tensor(2.6590e-08, dtype=torch.float64) tensor(85.0738, dtype=torch.float64)
psi_y_vals vals:  tensor(0.0012, dtype=torch.float64, grad_fn=<MinBackward1>) tensor(58197.3454, dtype=torch.float64, grad_fn=<MaxBackward1>)
phi_y_vals vals:  tensor(3.8215e-22, dtype=torch.float64) tensor(4.7441, dtype=torch.float64)
Q vals:  tensor(-0.0009, dtype=torch.float64, grad_fn=<MinBackward1>) tensor(0.0002, dtype=torch.float64, grad_fn=<MaxBackward1>)
(belief) log_density is nan or inf.
f vals:  tensor(-2537938.1331, dtype=torch.float64, grad_fn=<MinBackward1>) tensor(-0.0060, dtype=torch.float64, grad_fn=<MaxBackward1>)
g_y vals:  tensor(4.5889e-08, dtype=torch.float64) tensor(940.9332, dtype=torch.float64)
psi_y_vals vals:  tensor(0.0138, dtype=torch.float64, grad_fn=<MinBackward1>) tensor(52222.2366, dtype=torch.float64, grad_fn=<MaxBackward1>)
phi_y_vals vals:  tensor(2.7006e-22, dtype=torch.float64) tensor(2.6648, dtype=torch.float64)
Q vals:  tensor(-0.0009, dtype=torch.float64, grad_fn=<MinBackward1>) tensor(0.0002, dtype=torch.float64, grad_fn=<MaxBackward1>)
(belief) log_density is nan or inf.
f vals:  tensor(-2208749.6152, dtype=torch.float64, grad_fn=<MinBackward1>) tensor(-8.6083e-05, dtype=torch.float64, grad_fn=<MaxBackward1>)
g_y vals:  tensor(2.6590e-08, dtype=torch.float64) tensor(940.9332, dtype=torch.float64)
psi_y_vals vals:  tensor(0.0012, dtype=torch.float64, grad_fn=<MinBackward1>) tensor(48651.0581, dtype=torch.float64, grad_fn=<MaxBackward1>)
phi_y_vals vals:  tensor(2.7006e-22, dtype=torch.float64) tensor(2.6648, dtype=torch.float64)
Q vals:  tensor(-0.0009, dtype=torch.float64, grad_fn=<MinBackward1>) tensor(0.0002, dtype=torch.float64, grad_fn=<MaxBackward1>)
(belief) log_density is nan or inf.
f vals:  tensor(-3170053.4618, dtype=torch.float64, grad_fn=<MinBackward1>) tensor(-0.0008, dtype=torch.float64, grad_fn=<MaxBackward1>)
g_y vals:  tensor(4.7704e-08, dtype=torch.float64) tensor(26.6287, dtype=torch.float64)
psi_y_vals vals:  tensor(0.0062, dtype=torch.float64, grad_fn=<MinBackward1>) tensor(58198.4014, dtype=torch.float64, grad_fn=<MaxBackward1>)
phi_y_vals vals:  tensor(3.8215e-22, dtype=torch.float64) tensor(4.7441, dtype=torch.float64)
Q vals:  tensor(-0.0009, dtype=torch.float64, grad_fn=<MinBackward1>) tensor(0.0002, dtype=torch.float64, grad_fn=<MaxBackward1>)
(belief) log_density is nan or inf.
f vals:  tensor(-3179156.3428, dtype=torch.float64, grad_fn=<MinBackward1>) tensor(-0.0014, dtype=torch.float64, grad_fn=<MaxBackward1>)
g_y vals:  tensor(4.5889e-08, dtype=torch.float64) tensor(26.6287, dtype=torch.float64)
psi_y_vals vals:  tensor(0.0138, dtype=torch.float64, grad_fn=<MinBackward1>) tensor(58198.7526, dtype=torch.float64, grad_fn=<MaxBackward1>)
phi_y_vals vals:  tensor(2.7006e-22, dtype=torch.float64) tensor(4.7441, dtype=torch.float64)
Q vals:  tensor(-0.0009, dtype=torch.float64, grad_fn=<MinBackward1>) tensor(0.0002, dtype=torch.float64, grad_fn=<MaxBackward1>)
(belief) log_density is nan or inf.
f vals:  tensor(-2567045.3481, dtype=torch.float64, grad_fn=<MinBackward1>) tensor(-8.6831e-05, dtype=torch.float64, grad_fn=<MaxBackward1>)
g_y vals:  tensor(2.6590e-08, dtype=torch.float64) tensor(940.9332, dtype=torch.float64)
psi_y_vals vals:  tensor(0.0012, dtype=torch.float64, grad_fn=<MinBackward1>) tensor(52224.4562, dtype=torch.float64, grad_fn=<MaxBackward1>)
phi_y_vals vals:  tensor(3.8215e-22, dtype=torch.float64) tensor(2.6648, dtype=torch.float64)
Q vals:  tensor(-0.0009, dtype=torch.float64, grad_fn=<MinBackward1>) tensor(0.0002, dtype=torch.float64, grad_fn=<MaxBackward1>)
Epoch 270: Avg: nan, NLL: nan, LDB: 0.0000, Reg: 1.1120, PSD: True, nPSD streak: 0/10, time: 0.480
(belief) log_density is nan or inf.
f vals:  tensor(-3198265.3382, dtype=torch.float64, grad_fn=<MinBackward1>) tensor(-0.0010, dtype=torch.float64, grad_fn=<MaxBackward1>)
g_y vals:  tensor(2.6590e-08, dtype=torch.float64) tensor(940.9332, dtype=torch.float64)
psi_y_vals vals:  tensor(0.0138, dtype=torch.float64, grad_fn=<MinBackward1>) tensor(58199.4629, dtype=torch.float64, grad_fn=<MaxBackward1>)
phi_y_vals vals:  tensor(3.8215e-22, dtype=torch.float64) tensor(4.7441, dtype=torch.float64)
Q vals:  tensor(-0.0009, dtype=torch.float64, grad_fn=<MinBackward1>) tensor(0.0002, dtype=torch.float64, grad_fn=<MaxBackward1>)
(belief) log_density is nan or inf.
f vals:  tensor(-2241916.9924, dtype=torch.float64, grad_fn=<MinBackward1>) tensor(-8.7375e-05, dtype=torch.float64, grad_fn=<MaxBackward1>)
g_y vals:  tensor(5.1431e-08, dtype=torch.float64) tensor(85.0738, dtype=torch.float64)
psi_y_vals vals:  tensor(0.0012, dtype=torch.float64, grad_fn=<MinBackward1>) tensor(48654.0203, dtype=torch.float64, grad_fn=<MaxBackward1>)
phi_y_vals vals:  tensor(2.7006e-22, dtype=torch.float64) tensor(1.2034, dtype=torch.float64)
Q vals:  tensor(-0.0009, dtype=torch.float64, grad_fn=<MinBackward1>) tensor(0.0002, dtype=torch.float64, grad_fn=<MaxBackward1>)
(belief) log_density is nan or inf.
f vals:  tensor(-3219285.7804, dtype=torch.float64, grad_fn=<MinBackward1>) tensor(-8.7671e-05, dtype=torch.float64, grad_fn=<MaxBackward1>)
g_y vals:  tensor(2.6590e-08, dtype=torch.float64) tensor(85.0738, dtype=torch.float64)
psi_y_vals vals:  tensor(0.0012, dtype=torch.float64, grad_fn=<MinBackward1>) tensor(58200.1701, dtype=torch.float64, grad_fn=<MaxBackward1>)
phi_y_vals vals:  tensor(3.8215e-22, dtype=torch.float64) tensor(4.7441, dtype=torch.float64)
Q vals:  tensor(-0.0009, dtype=torch.float64, grad_fn=<MinBackward1>) tensor(0.0002, dtype=torch.float64, grad_fn=<MaxBackward1>)
(belief) log_density is nan or inf.
f vals:  tensor(-2775203.1131, dtype=torch.float64, grad_fn=<MinBackward1>) tensor(-0.0008, dtype=torch.float64, grad_fn=<MaxBackward1>)
g_y vals:  tensor(4.5889e-08, dtype=torch.float64) tensor(940.9332, dtype=torch.float64)
psi_y_vals vals:  tensor(0.0062, dtype=torch.float64, grad_fn=<MinBackward1>) tensor(53907.4419, dtype=torch.float64, grad_fn=<MaxBackward1>)
phi_y_vals vals:  tensor(2.7006e-22, dtype=torch.float64) tensor(2.6648, dtype=torch.float64)
Q vals:  tensor(-0.0010, dtype=torch.float64, grad_fn=<MinBackward1>) tensor(0.0002, dtype=torch.float64, grad_fn=<MaxBackward1>)
(belief) log_density is nan or inf.
f vals:  tensor(-3244577.3843, dtype=torch.float64, grad_fn=<MinBackward1>) tensor(-8.8362e-05, dtype=torch.float64, grad_fn=<MaxBackward1>)
g_y vals:  tensor(4.7704e-08, dtype=torch.float64) tensor(85.0738, dtype=torch.float64)
psi_y_vals vals:  tensor(0.0012, dtype=torch.float64, grad_fn=<MinBackward1>) tensor(58200.8740, dtype=torch.float64, grad_fn=<MaxBackward1>)
phi_y_vals vals:  tensor(2.7006e-22, dtype=torch.float64) tensor(4.7441, dtype=torch.float64)
Q vals:  tensor(-0.0010, dtype=torch.float64, grad_fn=<MinBackward1>) tensor(0.0002, dtype=torch.float64, grad_fn=<MaxBackward1>)
(belief) log_density is nan or inf.
f vals:  tensor(-2801017.2414, dtype=torch.float64, grad_fn=<MinBackward1>) tensor(-0.0014, dtype=torch.float64, grad_fn=<MaxBackward1>)
g_y vals:  tensor(2.6590e-08, dtype=torch.float64) tensor(940.9332, dtype=torch.float64)
psi_y_vals vals:  tensor(0.0103, dtype=torch.float64, grad_fn=<MinBackward1>) tensor(53907.4358, dtype=torch.float64, grad_fn=<MaxBackward1>)
phi_y_vals vals:  tensor(3.8215e-22, dtype=torch.float64) tensor(2.6648, dtype=torch.float64)
Q vals:  tensor(-0.0010, dtype=torch.float64, grad_fn=<MinBackward1>) tensor(0.0002, dtype=torch.float64, grad_fn=<MaxBackward1>)
(belief) log_density is nan or inf.
f vals:  tensor(-2821847.7558, dtype=torch.float64, grad_fn=<MinBackward1>) tensor(-0.0008, dtype=torch.float64, grad_fn=<MaxBackward1>)
g_y vals:  tensor(2.6590e-08, dtype=torch.float64) tensor(19.6968, dtype=torch.float64)
psi_y_vals vals:  tensor(0.0062, dtype=torch.float64, grad_fn=<MinBackward1>) tensor(53907.4318, dtype=torch.float64, grad_fn=<MaxBackward1>)
phi_y_vals vals:  tensor(2.7006e-22, dtype=torch.float64) tensor(0.7939, dtype=torch.float64)
Q vals:  tensor(-0.0010, dtype=torch.float64, grad_fn=<MinBackward1>) tensor(0.0002, dtype=torch.float64, grad_fn=<MaxBackward1>)
(belief) log_density is nan or inf.
f vals:  tensor(-3340380.9897, dtype=torch.float64, grad_fn=<MinBackward1>) tensor(-9.0975e-05, dtype=torch.float64, grad_fn=<MaxBackward1>)
g_y vals:  tensor(4.5889e-08, dtype=torch.float64) tensor(940.9332, dtype=torch.float64)
psi_y_vals vals:  tensor(0.0012, dtype=torch.float64, grad_fn=<MinBackward1>) tensor(58201.9564, dtype=torch.float64, grad_fn=<MaxBackward1>)
phi_y_vals vals:  tensor(3.8215e-22, dtype=torch.float64) tensor(4.7441, dtype=torch.float64)
Q vals:  tensor(-0.0010, dtype=torch.float64, grad_fn=<MinBackward1>) tensor(0.0002, dtype=torch.float64, grad_fn=<MaxBackward1>)
(belief) log_density is nan or inf.
f vals:  tensor(-3966172.2171, dtype=torch.float64, grad_fn=<MinBackward1>) tensor(-0.0010, dtype=torch.float64, grad_fn=<MaxBackward1>)
g_y vals:  tensor(4.5889e-08, dtype=torch.float64) tensor(940.9332, dtype=torch.float64)
psi_y_vals vals:  tensor(0.0062, dtype=torch.float64, grad_fn=<MinBackward1>) tensor(58202.3182, dtype=torch.float64, grad_fn=<MaxBackward1>)
phi_y_vals vals:  tensor(3.8215e-22, dtype=torch.float64) tensor(4.7441, dtype=torch.float64)
Q vals:  tensor(-0.0012, dtype=torch.float64, grad_fn=<MinBackward1>) tensor(0.0002, dtype=torch.float64, grad_fn=<MaxBackward1>)
(belief) log_density is nan or inf.
f vals:  tensor(-2800549.6504, dtype=torch.float64, grad_fn=<MinBackward1>) tensor(-8.8801e-05, dtype=torch.float64, grad_fn=<MaxBackward1>)
g_y vals:  tensor(2.6590e-08, dtype=torch.float64) tensor(85.0738, dtype=torch.float64)
psi_y_vals vals:  tensor(0.0012, dtype=torch.float64, grad_fn=<MinBackward1>) tensor(53907.4307, dtype=torch.float64, grad_fn=<MaxBackward1>)
phi_y_vals vals:  tensor(2.7006e-22, dtype=torch.float64) tensor(1.8966, dtype=torch.float64)
Q vals:  tensor(-0.0010, dtype=torch.float64, grad_fn=<MinBackward1>) tensor(0.0002, dtype=torch.float64, grad_fn=<MaxBackward1>)
(belief) log_density is nan or inf.
f vals:  tensor(-2239984.6065, dtype=torch.float64, grad_fn=<MinBackward1>) tensor(-8.9105e-05, dtype=torch.float64, grad_fn=<MaxBackward1>)
g_y vals:  tensor(4.5889e-08, dtype=torch.float64) tensor(940.9332, dtype=torch.float64)
psi_y_vals vals:  tensor(0.0012, dtype=torch.float64, grad_fn=<MinBackward1>) tensor(48155.7305, dtype=torch.float64, grad_fn=<MaxBackward1>)
phi_y_vals vals:  tensor(3.8215e-22, dtype=torch.float64) tensor(4.7441, dtype=torch.float64)
Q vals:  tensor(-0.0010, dtype=torch.float64, grad_fn=<MinBackward1>) tensor(0.0002, dtype=torch.float64, grad_fn=<MaxBackward1>)
(belief) log_density is nan or inf.
f vals:  tensor(-3282673.2264, dtype=torch.float64, grad_fn=<MinBackward1>) tensor(-0.0010, dtype=torch.float64, grad_fn=<MaxBackward1>)
g_y vals:  tensor(2.6590e-08, dtype=torch.float64) tensor(26.6287, dtype=torch.float64)
psi_y_vals vals:  tensor(0.0139, dtype=torch.float64, grad_fn=<MinBackward1>) tensor(58203.4145, dtype=torch.float64, grad_fn=<MaxBackward1>)
phi_y_vals vals:  tensor(2.7006e-22, dtype=torch.float64) tensor(0.7939, dtype=torch.float64)
Q vals:  tensor(-0.0010, dtype=torch.float64, grad_fn=<MinBackward1>) tensor(0.0002, dtype=torch.float64, grad_fn=<MaxBackward1>)
(belief) log_density is nan or inf.
f vals:  tensor(-2825521.7286, dtype=torch.float64, grad_fn=<MinBackward1>) tensor(-8.9572e-05, dtype=torch.float64, grad_fn=<MaxBackward1>)
g_y vals:  tensor(4.7704e-08, dtype=torch.float64) tensor(940.9332, dtype=torch.float64)
psi_y_vals vals:  tensor(0.0012, dtype=torch.float64, grad_fn=<MinBackward1>) tensor(53907.4127, dtype=torch.float64, grad_fn=<MaxBackward1>)
phi_y_vals vals:  tensor(2.7006e-22, dtype=torch.float64) tensor(2.6648, dtype=torch.float64)
Q vals:  tensor(-0.0010, dtype=torch.float64, grad_fn=<MinBackward1>) tensor(0.0002, dtype=torch.float64, grad_fn=<MaxBackward1>)
(belief) log_density is nan or inf.
f vals:  tensor(-3254430.4953, dtype=torch.float64, grad_fn=<MinBackward1>) tensor(-0.0008, dtype=torch.float64, grad_fn=<MaxBackward1>)
g_y vals:  tensor(2.6590e-08, dtype=torch.float64) tensor(19.6968, dtype=torch.float64)
psi_y_vals vals:  tensor(0.0062, dtype=torch.float64, grad_fn=<MinBackward1>) tensor(58204.1461, dtype=torch.float64, grad_fn=<MaxBackward1>)
phi_y_vals vals:  tensor(1.4868e-21, dtype=torch.float64) tensor(4.7441, dtype=torch.float64)
Q vals:  tensor(-0.0010, dtype=torch.float64, grad_fn=<MinBackward1>) tensor(0.0002, dtype=torch.float64, grad_fn=<MaxBackward1>)
(belief) log_density is nan or inf.
f vals:  tensor(-2666803.0873, dtype=torch.float64, grad_fn=<MinBackward1>) tensor(-0.0008, dtype=torch.float64, grad_fn=<MaxBackward1>)
g_y vals:  tensor(2.6590e-08, dtype=torch.float64) tensor(940.9332, dtype=torch.float64)
psi_y_vals vals:  tensor(0.0062, dtype=torch.float64, grad_fn=<MinBackward1>) tensor(52233.0149, dtype=torch.float64, grad_fn=<MaxBackward1>)
phi_y_vals vals:  tensor(2.7006e-22, dtype=torch.float64) tensor(4.7441, dtype=torch.float64)
Q vals:  tensor(-0.0010, dtype=torch.float64, grad_fn=<MinBackward1>) tensor(0.0002, dtype=torch.float64, grad_fn=<MaxBackward1>)
(belief) log_density is nan or inf.
f vals:  tensor(-3344332.7219, dtype=torch.float64, grad_fn=<MinBackward1>) tensor(-9.1032e-05, dtype=torch.float64, grad_fn=<MaxBackward1>)
g_y vals:  tensor(4.5889e-08, dtype=torch.float64) tensor(85.0738, dtype=torch.float64)
psi_y_vals vals:  tensor(0.0012, dtype=torch.float64, grad_fn=<MinBackward1>) tensor(58204.8809, dtype=torch.float64, grad_fn=<MaxBackward1>)
phi_y_vals vals:  tensor(3.8215e-22, dtype=torch.float64) tensor(1.8966, dtype=torch.float64)
Q vals:  tensor(-0.0010, dtype=torch.float64, grad_fn=<MinBackward1>) tensor(0.0002, dtype=torch.float64, grad_fn=<MaxBackward1>)
(belief) log_density is nan or inf.
f vals:  tensor(-2948908.7359, dtype=torch.float64, grad_fn=<MinBackward1>) tensor(-0.0009, dtype=torch.float64, grad_fn=<MaxBackward1>)
g_y vals:  tensor(4.5889e-08, dtype=torch.float64) tensor(940.9332, dtype=torch.float64)
psi_y_vals vals:  tensor(0.0062, dtype=torch.float64, grad_fn=<MinBackward1>) tensor(53907.3927, dtype=torch.float64, grad_fn=<MaxBackward1>)
phi_y_vals vals:  tensor(1.4868e-21, dtype=torch.float64) tensor(2.6648, dtype=torch.float64)
Q vals:  tensor(-0.0010, dtype=torch.float64, grad_fn=<MinBackward1>) tensor(0.0002, dtype=torch.float64, grad_fn=<MaxBackward1>)
(belief) log_density is nan or inf.
f vals:  tensor(-3480877.5029, dtype=torch.float64, grad_fn=<MinBackward1>) tensor(-9.4739e-05, dtype=torch.float64, grad_fn=<MaxBackward1>)
g_y vals:  tensor(2.6590e-08, dtype=torch.float64) tensor(85.0738, dtype=torch.float64)
psi_y_vals vals:  tensor(0.0012, dtype=torch.float64, grad_fn=<MinBackward1>) tensor(58205.6264, dtype=torch.float64, grad_fn=<MaxBackward1>)
phi_y_vals vals:  tensor(2.7006e-22, dtype=torch.float64) tensor(4.7441, dtype=torch.float64)
Q vals:  tensor(-0.0010, dtype=torch.float64, grad_fn=<MinBackward1>) tensor(0.0002, dtype=torch.float64, grad_fn=<MaxBackward1>)
(belief) log_density is nan or inf.
f vals:  tensor(-3391576.5182, dtype=torch.float64, grad_fn=<MinBackward1>) tensor(-0.0008, dtype=torch.float64, grad_fn=<MaxBackward1>)
g_y vals:  tensor(2.6590e-08, dtype=torch.float64) tensor(85.0738, dtype=torch.float64)
psi_y_vals vals:  tensor(0.0062, dtype=torch.float64, grad_fn=<MinBackward1>) tensor(58205.9987, dtype=torch.float64, grad_fn=<MaxBackward1>)
phi_y_vals vals:  tensor(2.7006e-22, dtype=torch.float64) tensor(1.8966, dtype=torch.float64)
Q vals:  tensor(-0.0010, dtype=torch.float64, grad_fn=<MinBackward1>) tensor(0.0002, dtype=torch.float64, grad_fn=<MaxBackward1>)
(belief) log_density is nan or inf.
f vals:  tensor(-2911348.6989, dtype=torch.float64, grad_fn=<MinBackward1>) tensor(-9.2267e-05, dtype=torch.float64, grad_fn=<MaxBackward1>)
g_y vals:  tensor(4.5889e-08, dtype=torch.float64) tensor(940.9332, dtype=torch.float64)
psi_y_vals vals:  tensor(0.0012, dtype=torch.float64, grad_fn=<MinBackward1>) tensor(53907.3731, dtype=torch.float64, grad_fn=<MaxBackward1>)
phi_y_vals vals:  tensor(3.8215e-22, dtype=torch.float64) tensor(4.7441, dtype=torch.float64)
Q vals:  tensor(-0.0010, dtype=torch.float64, grad_fn=<MinBackward1>) tensor(0.0002, dtype=torch.float64, grad_fn=<MaxBackward1>)
Epoch 280: Avg: nan, NLL: nan, LDB: 0.0000, Reg: 1.1120, PSD: True, nPSD streak: 0/10, time: 0.484
(belief) log_density is nan or inf.
f vals:  tensor(-2928416.2406, dtype=torch.float64, grad_fn=<MinBackward1>) tensor(-9.2806e-05, dtype=torch.float64, grad_fn=<MaxBackward1>)
g_y vals:  tensor(2.6590e-08, dtype=torch.float64) tensor(26.6287, dtype=torch.float64)
psi_y_vals vals:  tensor(0.0012, dtype=torch.float64, grad_fn=<MinBackward1>) tensor(53907.3643, dtype=torch.float64, grad_fn=<MaxBackward1>)
phi_y_vals vals:  tensor(4.3226e-21, dtype=torch.float64) tensor(4.7441, dtype=torch.float64)
Q vals:  tensor(-0.0010, dtype=torch.float64, grad_fn=<MinBackward1>) tensor(0.0002, dtype=torch.float64, grad_fn=<MaxBackward1>)
(belief) log_density is nan or inf.
f vals:  tensor(-3466325.1550, dtype=torch.float64, grad_fn=<MinBackward1>) tensor(-0.0186, dtype=torch.float64, grad_fn=<MaxBackward1>)
g_y vals:  tensor(4.5889e-08, dtype=torch.float64) tensor(940.9332, dtype=torch.float64)
psi_y_vals vals:  tensor(0.0103, dtype=torch.float64, grad_fn=<MinBackward1>) tensor(58207.1258, dtype=torch.float64, grad_fn=<MaxBackward1>)
phi_y_vals vals:  tensor(2.7006e-22, dtype=torch.float64) tensor(2.6648, dtype=torch.float64)
Q vals:  tensor(-0.0010, dtype=torch.float64, grad_fn=<MinBackward1>) tensor(0.0002, dtype=torch.float64, grad_fn=<MaxBackward1>)
(belief) log_density is nan or inf.
f vals:  tensor(-3076976.5691, dtype=torch.float64, grad_fn=<MinBackward1>) tensor(-0.0009, dtype=torch.float64, grad_fn=<MaxBackward1>)
g_y vals:  tensor(2.6590e-08, dtype=torch.float64) tensor(940.9332, dtype=torch.float64)
psi_y_vals vals:  tensor(0.0062, dtype=torch.float64, grad_fn=<MinBackward1>) tensor(53907.3466, dtype=torch.float64, grad_fn=<MaxBackward1>)
phi_y_vals vals:  tensor(2.7006e-22, dtype=torch.float64) tensor(2.6648, dtype=torch.float64)
Q vals:  tensor(-0.0011, dtype=torch.float64, grad_fn=<MinBackward1>) tensor(0.0002, dtype=torch.float64, grad_fn=<MaxBackward1>)
(belief) log_density is nan or inf.
f vals:  tensor(-4133174.3398, dtype=torch.float64, grad_fn=<MinBackward1>) tensor(-0.0001, dtype=torch.float64, grad_fn=<MaxBackward1>)
g_y vals:  tensor(4.7704e-08, dtype=torch.float64) tensor(85.0738, dtype=torch.float64)
psi_y_vals vals:  tensor(0.0012, dtype=torch.float64, grad_fn=<MinBackward1>) tensor(58207.8814, dtype=torch.float64, grad_fn=<MaxBackward1>)
phi_y_vals vals:  tensor(3.8215e-22, dtype=torch.float64) tensor(4.7441, dtype=torch.float64)
Q vals:  tensor(-0.0012, dtype=torch.float64, grad_fn=<MinBackward1>) tensor(0.0003, dtype=torch.float64, grad_fn=<MaxBackward1>)
(belief) log_density is nan or inf.
f vals:  tensor(-3312774.5614, dtype=torch.float64, grad_fn=<MinBackward1>) tensor(-9.0143e-05, dtype=torch.float64, grad_fn=<MaxBackward1>)
g_y vals:  tensor(4.5889e-08, dtype=torch.float64) tensor(19.6968, dtype=torch.float64)
psi_y_vals vals:  tensor(0.0012, dtype=torch.float64, grad_fn=<MinBackward1>) tensor(58208.2609, dtype=torch.float64, grad_fn=<MaxBackward1>)
phi_y_vals vals:  tensor(1.4868e-21, dtype=torch.float64) tensor(1.8966, dtype=torch.float64)
Q vals:  tensor(-0.0010, dtype=torch.float64, grad_fn=<MinBackward1>) tensor(0.0002, dtype=torch.float64, grad_fn=<MaxBackward1>)
(belief) log_density is nan or inf.
f vals:  tensor(-2645991.8194, dtype=torch.float64, grad_fn=<MinBackward1>) tensor(-0.0012, dtype=torch.float64, grad_fn=<MaxBackward1>)
g_y vals:  tensor(2.6590e-08, dtype=torch.float64) tensor(940.9332, dtype=torch.float64)
psi_y_vals vals:  tensor(0.0103, dtype=torch.float64, grad_fn=<MinBackward1>) tensor(53907.3183, dtype=torch.float64, grad_fn=<MaxBackward1>)
phi_y_vals vals:  tensor(2.7006e-22, dtype=torch.float64) tensor(4.7441, dtype=torch.float64)
Q vals:  tensor(-0.0009, dtype=torch.float64, grad_fn=<MinBackward1>) tensor(0.0002, dtype=torch.float64, grad_fn=<MaxBackward1>)
(belief) log_density is nan or inf.
f vals:  tensor(-2824692.8233, dtype=torch.float64, grad_fn=<MinBackward1>) tensor(-0.0007, dtype=torch.float64, grad_fn=<MaxBackward1>)
g_y vals:  tensor(4.5889e-08, dtype=torch.float64) tensor(940.9332, dtype=torch.float64)
psi_y_vals vals:  tensor(0.0062, dtype=torch.float64, grad_fn=<MinBackward1>) tensor(58209.0123, dtype=torch.float64, grad_fn=<MaxBackward1>)
phi_y_vals vals:  tensor(2.7006e-22, dtype=torch.float64) tensor(4.7441, dtype=torch.float64)
Q vals:  tensor(-0.0008, dtype=torch.float64, grad_fn=<MinBackward1>) tensor(0.0002, dtype=torch.float64, grad_fn=<MaxBackward1>)
(belief) log_density is nan or inf.
f vals:  tensor(-2716915.9209, dtype=torch.float64, grad_fn=<MinBackward1>) tensor(-8.6093e-05, dtype=torch.float64, grad_fn=<MaxBackward1>)
g_y vals:  tensor(2.6590e-08, dtype=torch.float64) tensor(19.6968, dtype=torch.float64)
psi_y_vals vals:  tensor(0.0012, dtype=torch.float64, grad_fn=<MinBackward1>) tensor(53907.3129, dtype=torch.float64, grad_fn=<MaxBackward1>)
phi_y_vals vals:  tensor(4.3226e-21, dtype=torch.float64) tensor(0.7939, dtype=torch.float64)
Q vals:  tensor(-0.0009, dtype=torch.float64, grad_fn=<MinBackward1>) tensor(0.0002, dtype=torch.float64, grad_fn=<MaxBackward1>)
(belief) log_density is nan or inf.
f vals:  tensor(-2718247.4528, dtype=torch.float64, grad_fn=<MinBackward1>) tensor(-0.0008, dtype=torch.float64, grad_fn=<MaxBackward1>)
g_y vals:  tensor(2.6590e-08, dtype=torch.float64) tensor(940.9332, dtype=torch.float64)
psi_y_vals vals:  tensor(0.0062, dtype=torch.float64, grad_fn=<MinBackward1>) tensor(53907.3045, dtype=torch.float64, grad_fn=<MaxBackward1>)
phi_y_vals vals:  tensor(2.7006e-22, dtype=torch.float64) tensor(2.6648, dtype=torch.float64)
Q vals:  tensor(-0.0009, dtype=torch.float64, grad_fn=<MinBackward1>) tensor(0.0002, dtype=torch.float64, grad_fn=<MaxBackward1>)
(belief) log_density is nan or inf.
f vals:  tensor(-3127953.9595, dtype=torch.float64, grad_fn=<MinBackward1>) tensor(-8.5103e-05, dtype=torch.float64, grad_fn=<MaxBackward1>)
g_y vals:  tensor(5.1137e-08, dtype=torch.float64) tensor(85.0738, dtype=torch.float64)
psi_y_vals vals:  tensor(0.0012, dtype=torch.float64, grad_fn=<MinBackward1>) tensor(58210.1365, dtype=torch.float64, grad_fn=<MaxBackward1>)
phi_y_vals vals:  tensor(3.8215e-22, dtype=torch.float64) tensor(4.7441, dtype=torch.float64)
Q vals:  tensor(-0.0009, dtype=torch.float64, grad_fn=<MinBackward1>) tensor(0.0002, dtype=torch.float64, grad_fn=<MaxBackward1>)
(belief) log_density is nan or inf.
f vals:  tensor(-2095398.4700, dtype=torch.float64, grad_fn=<MinBackward1>) tensor(-0.0008, dtype=torch.float64, grad_fn=<MaxBackward1>)
g_y vals:  tensor(5.1137e-08, dtype=torch.float64) tensor(940.9332, dtype=torch.float64)
psi_y_vals vals:  tensor(0.0062, dtype=torch.float64, grad_fn=<MinBackward1>) tensor(48161.4705, dtype=torch.float64, grad_fn=<MaxBackward1>)
phi_y_vals vals:  tensor(2.7006e-22, dtype=torch.float64) tensor(2.6648, dtype=torch.float64)
Q vals:  tensor(-0.0009, dtype=torch.float64, grad_fn=<MinBackward1>) tensor(0.0002, dtype=torch.float64, grad_fn=<MaxBackward1>)
(belief) log_density is nan or inf.
f vals:  tensor(-2967156.1201, dtype=torch.float64, grad_fn=<MinBackward1>) tensor(-8.0726e-05, dtype=torch.float64, grad_fn=<MaxBackward1>)
g_y vals:  tensor(2.6590e-08, dtype=torch.float64) tensor(26.6287, dtype=torch.float64)
psi_y_vals vals:  tensor(0.0012, dtype=torch.float64, grad_fn=<MinBackward1>) tensor(58210.8834, dtype=torch.float64, grad_fn=<MaxBackward1>)
phi_y_vals vals:  tensor(3.8215e-22, dtype=torch.float64) tensor(4.7441, dtype=torch.float64)
Q vals:  tensor(-0.0009, dtype=torch.float64, grad_fn=<MinBackward1>) tensor(0.0002, dtype=torch.float64, grad_fn=<MaxBackward1>)
(belief) log_density is nan or inf.
f vals:  tensor(-2874266.0210, dtype=torch.float64, grad_fn=<MinBackward1>) tensor(-7.8197e-05, dtype=torch.float64, grad_fn=<MaxBackward1>)
g_y vals:  tensor(5.1137e-08, dtype=torch.float64) tensor(85.0738, dtype=torch.float64)
psi_y_vals vals:  tensor(0.0012, dtype=torch.float64, grad_fn=<MinBackward1>) tensor(58211.2593, dtype=torch.float64, grad_fn=<MaxBackward1>)
phi_y_vals vals:  tensor(2.7006e-22, dtype=torch.float64) tensor(1.8966, dtype=torch.float64)
Q vals:  tensor(-0.0008, dtype=torch.float64, grad_fn=<MinBackward1>) tensor(0.0002, dtype=torch.float64, grad_fn=<MaxBackward1>)
(belief) log_density is nan or inf.
f vals:  tensor(-1994712.1383, dtype=torch.float64, grad_fn=<MinBackward1>) tensor(-0.0007, dtype=torch.float64, grad_fn=<MaxBackward1>)
g_y vals:  tensor(2.6590e-08, dtype=torch.float64) tensor(940.9332, dtype=torch.float64)
psi_y_vals vals:  tensor(0.0062, dtype=torch.float64, grad_fn=<MinBackward1>) tensor(48673.8624, dtype=torch.float64, grad_fn=<MaxBackward1>)
phi_y_vals vals:  tensor(3.8215e-22, dtype=torch.float64) tensor(4.7441, dtype=torch.float64)
Q vals:  tensor(-0.0008, dtype=torch.float64, grad_fn=<MinBackward1>) tensor(0.0002, dtype=torch.float64, grad_fn=<MaxBackward1>)
(belief) log_density is nan or inf.
f vals:  tensor(-2496475.1244, dtype=torch.float64, grad_fn=<MinBackward1>) tensor(-7.9107e-05, dtype=torch.float64, grad_fn=<MaxBackward1>)
g_y vals:  tensor(2.6590e-08, dtype=torch.float64) tensor(940.9332, dtype=torch.float64)
psi_y_vals vals:  tensor(0.0012, dtype=torch.float64, grad_fn=<MinBackward1>) tensor(53907.2521, dtype=torch.float64, grad_fn=<MaxBackward1>)
phi_y_vals vals:  tensor(2.7006e-22, dtype=torch.float64) tensor(4.7441, dtype=torch.float64)
Q vals:  tensor(-0.0009, dtype=torch.float64, grad_fn=<MinBackward1>) tensor(0.0002, dtype=torch.float64, grad_fn=<MaxBackward1>)
(belief) log_density is nan or inf.
f vals:  tensor(-3018951.6366, dtype=torch.float64, grad_fn=<MinBackward1>) tensor(-0.0010, dtype=torch.float64, grad_fn=<MaxBackward1>)
g_y vals:  tensor(4.5889e-08, dtype=torch.float64) tensor(85.0738, dtype=torch.float64)
psi_y_vals vals:  tensor(0.0103, dtype=torch.float64, grad_fn=<MinBackward1>) tensor(58212.3890, dtype=torch.float64, grad_fn=<MaxBackward1>)
phi_y_vals vals:  tensor(4.3226e-21, dtype=torch.float64) tensor(1.8966, dtype=torch.float64)
Q vals:  tensor(-0.0009, dtype=torch.float64, grad_fn=<MinBackward1>) tensor(0.0002, dtype=torch.float64, grad_fn=<MaxBackward1>)
(belief) log_density is nan or inf.
f vals:  tensor(-2664094.0061, dtype=torch.float64, grad_fn=<MinBackward1>) tensor(-8.4420e-05, dtype=torch.float64, grad_fn=<MaxBackward1>)
g_y vals:  tensor(2.6590e-08, dtype=torch.float64) tensor(940.9332, dtype=torch.float64)
psi_y_vals vals:  tensor(0.0012, dtype=torch.float64, grad_fn=<MinBackward1>) tensor(53907.2389, dtype=torch.float64, grad_fn=<MaxBackward1>)
phi_y_vals vals:  tensor(1.4868e-21, dtype=torch.float64) tensor(2.6648, dtype=torch.float64)
Q vals:  tensor(-0.0009, dtype=torch.float64, grad_fn=<MinBackward1>) tensor(0.0002, dtype=torch.float64, grad_fn=<MaxBackward1>)
(belief) log_density is nan or inf.
f vals:  tensor(-3161694.9862, dtype=torch.float64, grad_fn=<MinBackward1>) tensor(-0.0008, dtype=torch.float64, grad_fn=<MaxBackward1>)
g_y vals:  tensor(5.1137e-08, dtype=torch.float64) tensor(85.0738, dtype=torch.float64)
psi_y_vals vals:  tensor(0.0062, dtype=torch.float64, grad_fn=<MinBackward1>) tensor(58213.1357, dtype=torch.float64, grad_fn=<MaxBackward1>)
phi_y_vals vals:  tensor(2.7006e-22, dtype=torch.float64) tensor(4.7441, dtype=torch.float64)
Q vals:  tensor(-0.0009, dtype=torch.float64, grad_fn=<MinBackward1>) tensor(0.0002, dtype=torch.float64, grad_fn=<MaxBackward1>)
(belief) log_density is nan or inf.
f vals:  tensor(-2750794.1613, dtype=torch.float64, grad_fn=<MinBackward1>) tensor(-8.7170e-05, dtype=torch.float64, grad_fn=<MaxBackward1>)
g_y vals:  tensor(2.6590e-08, dtype=torch.float64) tensor(940.9332, dtype=torch.float64)
psi_y_vals vals:  tensor(0.0012, dtype=torch.float64, grad_fn=<MinBackward1>) tensor(53907.2303, dtype=torch.float64, grad_fn=<MaxBackward1>)
phi_y_vals vals:  tensor(2.7006e-22, dtype=torch.float64) tensor(2.6648, dtype=torch.float64)
Q vals:  tensor(-0.0009, dtype=torch.float64, grad_fn=<MinBackward1>) tensor(0.0002, dtype=torch.float64, grad_fn=<MaxBackward1>)
(belief) log_density is nan or inf.
f vals:  tensor(-3236319.5880, dtype=torch.float64, grad_fn=<MinBackward1>) tensor(-0.0008, dtype=torch.float64, grad_fn=<MaxBackward1>)
g_y vals:  tensor(5.1137e-08, dtype=torch.float64) tensor(85.0738, dtype=torch.float64)
psi_y_vals vals:  tensor(0.0062, dtype=torch.float64, grad_fn=<MinBackward1>) tensor(58213.8846, dtype=torch.float64, grad_fn=<MaxBackward1>)
phi_y_vals vals:  tensor(4.3226e-21, dtype=torch.float64) tensor(4.7441, dtype=torch.float64)
Q vals:  tensor(-0.0010, dtype=torch.float64, grad_fn=<MinBackward1>) tensor(0.0002, dtype=torch.float64, grad_fn=<MaxBackward1>)
Epoch 290: Avg: nan, NLL: nan, LDB: 0.0000, Reg: 1.1120, PSD: True, nPSD streak: 0/10, time: 0.449
(belief) log_density is nan or inf.
f vals:  tensor(-2627089.1978, dtype=torch.float64, grad_fn=<MinBackward1>) tensor(-0.0008, dtype=torch.float64, grad_fn=<MaxBackward1>)
g_y vals:  tensor(2.6590e-08, dtype=torch.float64) tensor(940.9332, dtype=torch.float64)
psi_y_vals vals:  tensor(0.0062, dtype=torch.float64, grad_fn=<MinBackward1>) tensor(52248.3491, dtype=torch.float64, grad_fn=<MaxBackward1>)
phi_y_vals vals:  tensor(3.8215e-22, dtype=torch.float64) tensor(2.6648, dtype=torch.float64)
Q vals:  tensor(-0.0010, dtype=torch.float64, grad_fn=<MinBackward1>) tensor(0.0002, dtype=torch.float64, grad_fn=<MaxBackward1>)
(belief) log_density is nan or inf.
f vals:  tensor(-3282892.7519, dtype=torch.float64, grad_fn=<MinBackward1>) tensor(-8.9312e-05, dtype=torch.float64, grad_fn=<MaxBackward1>)
g_y vals:  tensor(4.5889e-08, dtype=torch.float64) tensor(19.6968, dtype=torch.float64)
psi_y_vals vals:  tensor(0.0012, dtype=torch.float64, grad_fn=<MinBackward1>) tensor(58214.6254, dtype=torch.float64, grad_fn=<MaxBackward1>)
phi_y_vals vals:  tensor(2.7006e-22, dtype=torch.float64) tensor(4.7441, dtype=torch.float64)
Q vals:  tensor(-0.0010, dtype=torch.float64, grad_fn=<MinBackward1>) tensor(0.0002, dtype=torch.float64, grad_fn=<MaxBackward1>)
(belief) log_density is nan or inf.
f vals:  tensor(-3300921.5561, dtype=torch.float64, grad_fn=<MinBackward1>) tensor(-0.0008, dtype=torch.float64, grad_fn=<MaxBackward1>)
g_y vals:  tensor(2.6590e-08, dtype=torch.float64) tensor(19.6968, dtype=torch.float64)
psi_y_vals vals:  tensor(0.0062, dtype=torch.float64, grad_fn=<MinBackward1>) tensor(58214.9996, dtype=torch.float64, grad_fn=<MaxBackward1>)
phi_y_vals vals:  tensor(3.8215e-22, dtype=torch.float64) tensor(1.8966, dtype=torch.float64)
Q vals:  tensor(-0.0010, dtype=torch.float64, grad_fn=<MinBackward1>) tensor(0.0002, dtype=torch.float64, grad_fn=<MaxBackward1>)
(belief) log_density is nan or inf.
f vals:  tensor(-2318899.6460, dtype=torch.float64, grad_fn=<MinBackward1>) tensor(-9.0235e-05, dtype=torch.float64, grad_fn=<MaxBackward1>)
g_y vals:  tensor(4.7704e-08, dtype=torch.float64) tensor(940.9332, dtype=torch.float64)
psi_y_vals vals:  tensor(0.0012, dtype=torch.float64, grad_fn=<MinBackward1>) tensor(48680.1063, dtype=torch.float64, grad_fn=<MaxBackward1>)
phi_y_vals vals:  tensor(2.7006e-22, dtype=torch.float64) tensor(4.7441, dtype=torch.float64)
Q vals:  tensor(-0.0010, dtype=torch.float64, grad_fn=<MinBackward1>) tensor(0.0002, dtype=torch.float64, grad_fn=<MaxBackward1>)
(belief) log_density is nan or inf.
f vals:  tensor(-3331274.0519, dtype=torch.float64, grad_fn=<MinBackward1>) tensor(-9.0628e-05, dtype=torch.float64, grad_fn=<MaxBackward1>)
g_y vals:  tensor(4.5889e-08, dtype=torch.float64) tensor(85.0738, dtype=torch.float64)
psi_y_vals vals:  tensor(0.0012, dtype=torch.float64, grad_fn=<MinBackward1>) tensor(58215.7569, dtype=torch.float64, grad_fn=<MaxBackward1>)
phi_y_vals vals:  tensor(2.7006e-22, dtype=torch.float64) tensor(4.7441, dtype=torch.float64)
Q vals:  tensor(-0.0010, dtype=torch.float64, grad_fn=<MinBackward1>) tensor(0.0002, dtype=torch.float64, grad_fn=<MaxBackward1>)
(belief) log_density is nan or inf.
f vals:  tensor(-2693922.7038, dtype=torch.float64, grad_fn=<MinBackward1>) tensor(-0.0008, dtype=torch.float64, grad_fn=<MaxBackward1>)
g_y vals:  tensor(2.6590e-08, dtype=torch.float64) tensor(940.9332, dtype=torch.float64)
psi_y_vals vals:  tensor(0.0062, dtype=torch.float64, grad_fn=<MinBackward1>) tensor(52251.3022, dtype=torch.float64, grad_fn=<MaxBackward1>)
phi_y_vals vals:  tensor(3.8215e-22, dtype=torch.float64) tensor(2.6648, dtype=torch.float64)
Q vals:  tensor(-0.0010, dtype=torch.float64, grad_fn=<MinBackward1>) tensor(0.0002, dtype=torch.float64, grad_fn=<MaxBackward1>)
(belief) log_density is nan or inf.
f vals:  tensor(-3357267.9610, dtype=torch.float64, grad_fn=<MinBackward1>) tensor(-9.1335e-05, dtype=torch.float64, grad_fn=<MaxBackward1>)
g_y vals:  tensor(2.6590e-08, dtype=torch.float64) tensor(940.9332, dtype=torch.float64)
psi_y_vals vals:  tensor(0.0012, dtype=torch.float64, grad_fn=<MinBackward1>) tensor(58216.5098, dtype=torch.float64, grad_fn=<MaxBackward1>)
phi_y_vals vals:  tensor(2.7006e-22, dtype=torch.float64) tensor(4.7441, dtype=torch.float64)
Q vals:  tensor(-0.0010, dtype=torch.float64, grad_fn=<MinBackward1>) tensor(0.0002, dtype=torch.float64, grad_fn=<MaxBackward1>)
(belief) log_density is nan or inf.
f vals:  tensor(-2277809.7172, dtype=torch.float64, grad_fn=<MinBackward1>) tensor(-0.0008, dtype=torch.float64, grad_fn=<MaxBackward1>)
g_y vals:  tensor(5.1431e-08, dtype=torch.float64) tensor(3.0570, dtype=torch.float64)
psi_y_vals vals:  tensor(0.0062, dtype=torch.float64, grad_fn=<MinBackward1>) tensor(47864.1297, dtype=torch.float64, grad_fn=<MaxBackward1>)
phi_y_vals vals:  tensor(3.8215e-22, dtype=torch.float64) tensor(1.8966, dtype=torch.float64)
Q vals:  tensor(-0.0010, dtype=torch.float64, grad_fn=<MinBackward1>) tensor(0.0002, dtype=torch.float64, grad_fn=<MaxBackward1>)
(belief) log_density is nan or inf.
f vals:  tensor(-2902291.9439, dtype=torch.float64, grad_fn=<MinBackward1>) tensor(-9.1982e-05, dtype=torch.float64, grad_fn=<MaxBackward1>)
g_y vals:  tensor(4.5889e-08, dtype=torch.float64) tensor(940.9332, dtype=torch.float64)
psi_y_vals vals:  tensor(0.0012, dtype=torch.float64, grad_fn=<MinBackward1>) tensor(53907.2031, dtype=torch.float64, grad_fn=<MaxBackward1>)
phi_y_vals vals:  tensor(3.5108e-21, dtype=torch.float64) tensor(2.6648, dtype=torch.float64)
Q vals:  tensor(-0.0010, dtype=torch.float64, grad_fn=<MinBackward1>) tensor(0.0002, dtype=torch.float64, grad_fn=<MaxBackward1>)
(belief) log_density is nan or inf.
f vals:  tensor(-3392477.2307, dtype=torch.float64, grad_fn=<MinBackward1>) tensor(-0.0078, dtype=torch.float64, grad_fn=<MaxBackward1>)
g_y vals:  tensor(2.6590e-08, dtype=torch.float64) tensor(85.0738, dtype=torch.float64)
psi_y_vals vals:  tensor(0.0102, dtype=torch.float64, grad_fn=<MinBackward1>) tensor(58217.6619, dtype=torch.float64, grad_fn=<MaxBackward1>)
phi_y_vals vals:  tensor(2.7006e-22, dtype=torch.float64) tensor(4.7441, dtype=torch.float64)
Q vals:  tensor(-0.0010, dtype=torch.float64, grad_fn=<MinBackward1>) tensor(0.0002, dtype=torch.float64, grad_fn=<MaxBackward1>)
(belief) log_density is nan or inf.
f vals:  tensor(-2741640.8028, dtype=torch.float64, grad_fn=<MinBackward1>) tensor(-9.2598e-05, dtype=torch.float64, grad_fn=<MaxBackward1>)
g_y vals:  tensor(2.6590e-08, dtype=torch.float64) tensor(940.9332, dtype=torch.float64)
psi_y_vals vals:  tensor(0.0012, dtype=torch.float64, grad_fn=<MinBackward1>) tensor(52254.2982, dtype=torch.float64, grad_fn=<MaxBackward1>)
phi_y_vals vals:  tensor(3.5108e-21, dtype=torch.float64) tensor(2.6648, dtype=torch.float64)
Q vals:  tensor(-0.0010, dtype=torch.float64, grad_fn=<MinBackward1>) tensor(0.0002, dtype=torch.float64, grad_fn=<MaxBackward1>)
(belief) log_density is nan or inf.
f vals:  tensor(-3414858.0182, dtype=torch.float64, grad_fn=<MinBackward1>) tensor(-0.0011, dtype=torch.float64, grad_fn=<MaxBackward1>)
g_y vals:  tensor(4.7704e-08, dtype=torch.float64) tensor(26.6287, dtype=torch.float64)
psi_y_vals vals:  tensor(0.0102, dtype=torch.float64, grad_fn=<MinBackward1>) tensor(58218.4249, dtype=torch.float64, grad_fn=<MaxBackward1>)
phi_y_vals vals:  tensor(2.7006e-22, dtype=torch.float64) tensor(4.7441, dtype=torch.float64)
Q vals:  tensor(-0.0010, dtype=torch.float64, grad_fn=<MinBackward1>) tensor(0.0002, dtype=torch.float64, grad_fn=<MaxBackward1>)
(belief) log_density is nan or inf.
f vals:  tensor(-2940656.9278, dtype=torch.float64, grad_fn=<MinBackward1>) tensor(-0.0011, dtype=torch.float64, grad_fn=<MaxBackward1>)
g_y vals:  tensor(2.6590e-08, dtype=torch.float64) tensor(14.2038, dtype=torch.float64)
psi_y_vals vals:  tensor(0.0102, dtype=torch.float64, grad_fn=<MinBackward1>) tensor(53907.1960, dtype=torch.float64, grad_fn=<MaxBackward1>)
phi_y_vals vals:  tensor(2.7006e-22, dtype=torch.float64) tensor(4.7441, dtype=torch.float64)
Q vals:  tensor(-0.0010, dtype=torch.float64, grad_fn=<MinBackward1>) tensor(0.0002, dtype=torch.float64, grad_fn=<MaxBackward1>)
(belief) log_density is nan or inf.
f vals:  tensor(-3436953.2062, dtype=torch.float64, grad_fn=<MinBackward1>) tensor(-9.3502e-05, dtype=torch.float64, grad_fn=<MaxBackward1>)
g_y vals:  tensor(4.7704e-08, dtype=torch.float64) tensor(940.9332, dtype=torch.float64)
psi_y_vals vals:  tensor(0.0012, dtype=torch.float64, grad_fn=<MinBackward1>) tensor(58219.1971, dtype=torch.float64, grad_fn=<MaxBackward1>)
phi_y_vals vals:  tensor(1.4868e-21, dtype=torch.float64) tensor(2.6648, dtype=torch.float64)
Q vals:  tensor(-0.0010, dtype=torch.float64, grad_fn=<MinBackward1>) tensor(0.0002, dtype=torch.float64, grad_fn=<MaxBackward1>)
(belief) log_density is nan or inf.
f vals:  tensor(-2959511.3109, dtype=torch.float64, grad_fn=<MinBackward1>) tensor(-0.0009, dtype=torch.float64, grad_fn=<MaxBackward1>)
g_y vals:  tensor(2.6590e-08, dtype=torch.float64) tensor(940.9332, dtype=torch.float64)
psi_y_vals vals:  tensor(0.0062, dtype=torch.float64, grad_fn=<MinBackward1>) tensor(53907.1747, dtype=torch.float64, grad_fn=<MaxBackward1>)
phi_y_vals vals:  tensor(1.4868e-21, dtype=torch.float64) tensor(2.6648, dtype=torch.float64)
Q vals:  tensor(-0.0010, dtype=torch.float64, grad_fn=<MinBackward1>) tensor(0.0002, dtype=torch.float64, grad_fn=<MaxBackward1>)
(belief) log_density is nan or inf.
f vals:  tensor(-3459028.8834, dtype=torch.float64, grad_fn=<MinBackward1>) tensor(-9.4102e-05, dtype=torch.float64, grad_fn=<MaxBackward1>)
g_y vals:  tensor(4.5889e-08, dtype=torch.float64) tensor(14.2038, dtype=torch.float64)
psi_y_vals vals:  tensor(0.0012, dtype=torch.float64, grad_fn=<MinBackward1>) tensor(58219.9738, dtype=torch.float64, grad_fn=<MaxBackward1>)
phi_y_vals vals:  tensor(2.7006e-22, dtype=torch.float64) tensor(4.7441, dtype=torch.float64)
Q vals:  tensor(-0.0010, dtype=torch.float64, grad_fn=<MinBackward1>) tensor(0.0002, dtype=torch.float64, grad_fn=<MaxBackward1>)
(belief) log_density is nan or inf.
f vals:  tensor(-2978424.4479, dtype=torch.float64, grad_fn=<MinBackward1>) tensor(-0.0009, dtype=torch.float64, grad_fn=<MaxBackward1>)
g_y vals:  tensor(4.5889e-08, dtype=torch.float64) tensor(940.9332, dtype=torch.float64)
psi_y_vals vals:  tensor(0.0062, dtype=torch.float64, grad_fn=<MinBackward1>) tensor(53907.1480, dtype=torch.float64, grad_fn=<MaxBackward1>)
phi_y_vals vals:  tensor(3.8215e-22, dtype=torch.float64) tensor(2.6648, dtype=torch.float64)
Q vals:  tensor(-0.0010, dtype=torch.float64, grad_fn=<MinBackward1>) tensor(0.0002, dtype=torch.float64, grad_fn=<MaxBackward1>)
(belief) log_density is nan or inf.
f vals:  tensor(-3481246.3934, dtype=torch.float64, grad_fn=<MinBackward1>) tensor(-9.4706e-05, dtype=torch.float64, grad_fn=<MaxBackward1>)
g_y vals:  tensor(2.6590e-08, dtype=torch.float64) tensor(85.0738, dtype=torch.float64)
psi_y_vals vals:  tensor(0.0012, dtype=torch.float64, grad_fn=<MinBackward1>) tensor(58220.7467, dtype=torch.float64, grad_fn=<MaxBackward1>)
phi_y_vals vals:  tensor(2.7006e-22, dtype=torch.float64) tensor(4.7441, dtype=torch.float64)
Q vals:  tensor(-0.0010, dtype=torch.float64, grad_fn=<MinBackward1>) tensor(0.0002, dtype=torch.float64, grad_fn=<MaxBackward1>)
(belief) log_density is nan or inf.
f vals:  tensor(-3492443.4702, dtype=torch.float64, grad_fn=<MinBackward1>) tensor(-0.0009, dtype=torch.float64, grad_fn=<MaxBackward1>)
g_y vals:  tensor(4.5889e-08, dtype=torch.float64) tensor(940.9332, dtype=torch.float64)
psi_y_vals vals:  tensor(0.0062, dtype=torch.float64, grad_fn=<MinBackward1>) tensor(58221.1372, dtype=torch.float64, grad_fn=<MaxBackward1>)
phi_y_vals vals:  tensor(2.7006e-22, dtype=torch.float64) tensor(2.6648, dtype=torch.float64)
Q vals:  tensor(-0.0010, dtype=torch.float64, grad_fn=<MinBackward1>) tensor(0.0002, dtype=torch.float64, grad_fn=<MaxBackward1>)
(belief) log_density is nan or inf.
f vals:  tensor(-2450069.9181, dtype=torch.float64, grad_fn=<MinBackward1>) tensor(-9.5317e-05, dtype=torch.float64, grad_fn=<MaxBackward1>)
g_y vals:  tensor(2.6590e-08, dtype=torch.float64) tensor(85.0738, dtype=torch.float64)
psi_y_vals vals:  tensor(0.0012, dtype=torch.float64, grad_fn=<MinBackward1>) tensor(48690.4401, dtype=torch.float64, grad_fn=<MaxBackward1>)
phi_y_vals vals:  tensor(1.4868e-21, dtype=torch.float64) tensor(4.7441, dtype=torch.float64)
Q vals:  tensor(-0.0010, dtype=torch.float64, grad_fn=<MinBackward1>) tensor(0.0002, dtype=torch.float64, grad_fn=<MaxBackward1>)
Epoch 300: Avg: nan, NLL: nan, LDB: 0.0000, Reg: 1.1120, PSD: True, nPSD streak: 0/10, time: 0.501

 Restored best model (NLL loss=1.1595)
Done training init state model

Initial state model is PSD: True
Both models are valid (PSD). Proceeding with belief propagation...

