{
    "datetime": "2025y_08m_01d_23h_28m_44s",
    "system": "BistableOscillator",
    "dimension": 2,
    "n_traj": 1000,
    "n_epochs_init": 3000,
    "n_epochs_tran": 150,
    "training_timesteps": 10,
    "timesteps": 15,
    "device": "cuda",
    "init_degrees": [
        20,
        20
    ],
    "init_deg_incr": [
        40,
        40
    ],
    "tran_degrees": [
        20,
        20
    ],
    "tran_deg_incr": null,
    "tran_cond_degrees": [
        20,
        20
    ],
    "tran_cond_deg_incr": null,
    "init_model_params": 440,
    "tran_model_params": 194040,
    "init_train_time": 1544.6452507972717,
    "tran_train_time": 873.9679446220398,
    "prop_times": [
        51.178552865982056,
        51.27775502204895,
        51.20634126663208,
        51.147517919540405,
        51.21983551979065,
        51.1431405544281,
        51.7519314289093,
        51.33632206916809,
        51.288585901260376,
        51.389713764190674,
        51.524067640304565,
        51.32022023200989,
        51.267061948776245,
        51.28399300575256
    ],
    "mc_auc": [
        0.9869992596290426,
        1.0050605719131884,
        0.9998644836819119,
        1.005448918900708,
        0.9943882793469311,
        0.9967356389237717,
        1.0119672973098965,
        1.0063708251344219,
        1.005329927537264,
        0.9986760359924661,
        0.993352938102686,
        0.9929636227925789,
        0.9961921272037396,
        1.0015344846472316
    ],
    "average_log_likelihood": [
        -1.935499101628112,
        -2.3106291138970065,
        -2.5480056513996976,
        -2.7292494228717956,
        -2.8555927755736743,
        -2.9621774228472786,
        -3.0421138543826207,
        -3.1056987284853643,
        -3.162517072539613,
        -3.215882510075912,
        -3.2449312176206853,
        -3.264714816832451,
        -3.2959417210845903,
        -3.299671579374006
    ],
    "prob_in_roi": [
        0.572592541045123,
        0.4557967101169947,
        0.40113602796337383,
        0.37254695408854005,
        0.35664231445112615,
        0.34741775708330186,
        0.3418873258135436,
        0.33847462366226216,
        0.3363133812682697,
        0.3349122176168495,
        0.3339844316379867,
        0.3333582859114658,
        0.3329283413146677,
        0.33262837601071255
    ],
    "mc_gt_prob_in_roi": [
        0.8182,
        0.6974,
        0.5849,
        0.4916,
        0.4079,
        0.3413,
        0.2872,
        0.2429,
        0.2111,
        0.184,
        0.1638,
        0.1483,
        0.1404,
        0.1305
    ]
}